Dataset;acc_vectorizer_type;acc_vectorizer_parameters;acc_model;acc_model_parameters;f1_vectorizer_type;f1_vectorizer_parameters;f1_model;f1_model_parameters;;;;;;;;;;;;;;;;;;;;;
1;tf-idf;{'analyzer': 'word', 'binary': False, 'decode_error': 'strict', 'dtype': <class 'numpy.float64'>, 'encoding': 'utf-8', 'input': 'content', 'lowercase': True, 'max_df': 0.8, 'max_features': 5000, 'min_df': 1, 'ngram_range': (1, 3), 'norm': 'l1', 'preprocessor': None, 'smooth_idf': True, 'stop_words': None, 'strip_accents': None, 'sublinear_tf': False, 'token_pattern': '(?u)\\b\\w\\w+\\b', 'tokenizer': None, 'use_idf': True, 'vocabulary': None};nb;OrderedDict([('alpha', 0.001443617026655253), ('fit_prior', True)]);bow;{'analyzer': 'word', 'binary': True, 'decode_error': 'strict', 'dtype': <class 'numpy.int64'>, 'encoding': 'utf-8', 'input': 'content', 'lowercase': True, 'max_df': 0.8, 'max_features': 5000, 'min_df': 1, 'ngram_range': (1, 3), 'preprocessor': None, 'stop_words': None, 'strip_accents': None, 'token_pattern': '(?u)\\b\\w\\w+\\b', 'tokenizer': None, 'vocabulary': None};lr;OrderedDict([('C', 6.6360850776123375), ('max_iter', 731)]);;;;;;;;;;;;;;;;;;;;;
2;tf-idf;{'analyzer': 'word', 'binary': False, 'decode_error': 'strict', 'dtype': <class 'numpy.float64'>, 'encoding': 'utf-8', 'input': 'content', 'lowercase': True, 'max_df': 0.8, 'max_features': 5000, 'min_df': 1, 'ngram_range': (1, 2), 'norm': 'l1', 'preprocessor': None, 'smooth_idf': True, 'stop_words': None, 'strip_accents': None, 'sublinear_tf': False, 'token_pattern': '(?u)\\b\\w\\w+\\b', 'tokenizer': None, 'use_idf': True, 'vocabulary': None};lr;OrderedDict([('C', 10.0), ('max_iter', 100)]);bow;{'analyzer': 'word', 'binary': True, 'decode_error': 'strict', 'dtype': <class 'numpy.int64'>, 'encoding': 'utf-8', 'input': 'content', 'lowercase': True, 'max_df': 0.8, 'max_features': 5000, 'min_df': 1, 'ngram_range': (1, 3), 'preprocessor': None, 'stop_words': None, 'strip_accents': None, 'token_pattern': '(?u)\\b\\w\\w+\\b', 'tokenizer': None, 'vocabulary': None};nb;OrderedDict([('alpha', 0.001346188352417504), ('fit_prior', True)]);;;;;;;;;;;;;;;;;;;;;
3;bow;{'analyzer': 'word', 'binary': True, 'decode_error': 'strict', 'dtype': <class 'numpy.int64'>, 'encoding': 'utf-8', 'input': 'content', 'lowercase': True, 'max_df': 0.8, 'max_features': 5000, 'min_df': 1, 'ngram_range': (1, 2), 'preprocessor': None, 'stop_words': None, 'strip_accents': None, 'token_pattern': '(?u)\\b\\w\\w+\\b', 'tokenizer': None, 'vocabulary': None};nb;OrderedDict([('alpha', 0.060163078295899286), ('fit_prior', False)]);bow;{'analyzer': 'word', 'binary': True, 'decode_error': 'strict', 'dtype': <class 'numpy.int64'>, 'encoding': 'utf-8', 'input': 'content', 'lowercase': True, 'max_df': 0.8, 'max_features': 5000, 'min_df': 1, 'ngram_range': (1, 2), 'preprocessor': None, 'stop_words': None, 'strip_accents': None, 'token_pattern': '(?u)\\b\\w\\w+\\b', 'tokenizer': None, 'vocabulary': None};nb;OrderedDict([('alpha', 0.060163078295899286), ('fit_prior', False)]);;;;;;;;;;;;;;;;;;;;;
4;bow;{'analyzer': 'word', 'binary': True, 'decode_error': 'strict', 'dtype': <class 'numpy.int64'>, 'encoding': 'utf-8', 'input': 'content', 'lowercase': True, 'max_df': 0.8, 'max_features': 5000, 'min_df': 1, 'ngram_range': (1, 3), 'preprocessor': None, 'stop_words': None, 'strip_accents': None, 'token_pattern': '(?u)\\b\\w\\w+\\b', 'tokenizer': None, 'vocabulary': None};nb;OrderedDict([('alpha', 1.023800489659451), ('fit_prior', False)]);bow;{'analyzer': 'word', 'binary': True, 'decode_error': 'strict', 'dtype': <class 'numpy.int64'>, 'encoding': 'utf-8', 'input': 'content', 'lowercase': True, 'max_df': 0.8, 'max_features': 5000, 'min_df': 1, 'ngram_range': (1, 3), 'preprocessor': None, 'stop_words': None, 'strip_accents': None, 'token_pattern': '(?u)\\b\\w\\w+\\b', 'tokenizer': None, 'vocabulary': None};nb;OrderedDict([('alpha', 1.0039671855709875), ('fit_prior', False)]);;;;;;;;;;;;;;;;;;;;;
5;bow;{'analyzer': 'word', 'binary': True, 'decode_error': 'strict', 'dtype': <class 'numpy.int64'>, 'encoding': 'utf-8', 'input': 'content', 'lowercase': True, 'max_df': 0.8, 'max_features': 5000, 'min_df': 1, 'ngram_range': (1, 3), 'preprocessor': None, 'stop_words': None, 'strip_accents': None, 'token_pattern': '(?u)\\b\\w\\w+\\b', 'tokenizer': None, 'vocabulary': None};nb;OrderedDict([('alpha', 10.0), ('fit_prior', True)]);tf-idf;{'analyzer': 'word', 'binary': False, 'decode_error': 'strict', 'dtype': <class 'numpy.float64'>, 'encoding': 'utf-8', 'input': 'content', 'lowercase': True, 'max_df': 0.8, 'max_features': 5000, 'min_df': 1, 'ngram_range': (1, 3), 'norm': 'l1', 'preprocessor': None, 'smooth_idf': True, 'stop_words': None, 'strip_accents': None, 'sublinear_tf': False, 'token_pattern': '(?u)\\b\\w\\w+\\b', 'tokenizer': None, 'use_idf': True, 'vocabulary': None};nb;OrderedDict([('alpha', 0.015292435120835123), ('fit_prior', False)]);;;;;;;;;;;;;;;;;;;;;
6;tf-idf;{'analyzer': 'word', 'binary': False, 'decode_error': 'strict', 'dtype': <class 'numpy.float64'>, 'encoding': 'utf-8', 'input': 'content', 'lowercase': True, 'max_df': 0.8, 'max_features': 5000, 'min_df': 1, 'ngram_range': (1, 3), 'norm': 'l1', 'preprocessor': None, 'smooth_idf': True, 'stop_words': None, 'strip_accents': None, 'sublinear_tf': False, 'token_pattern': '(?u)\\b\\w\\w+\\b', 'tokenizer': None, 'use_idf': True, 'vocabulary': None};nb;OrderedDict([('alpha', 0.05474944244460215), ('fit_prior', False)]);bow;{'analyzer': 'word', 'binary': True, 'decode_error': 'strict', 'dtype': <class 'numpy.int64'>, 'encoding': 'utf-8', 'input': 'content', 'lowercase': True, 'max_df': 0.8, 'max_features': 5000, 'min_df': 1, 'ngram_range': (1, 3), 'preprocessor': None, 'stop_words': None, 'strip_accents': None, 'token_pattern': '(?u)\\b\\w\\w+\\b', 'tokenizer': None, 'vocabulary': None};lr;OrderedDict([('C', 5.149018040544228), ('max_iter', 994)]);;;;;;;;;;;;;;;;;;;;;
7;bow;{'analyzer': 'word', 'binary': True, 'decode_error': 'strict', 'dtype': <class 'numpy.int64'>, 'encoding': 'utf-8', 'input': 'content', 'lowercase': True, 'max_df': 0.8, 'max_features': 5000, 'min_df': 1, 'ngram_range': (1, 3), 'preprocessor': None, 'stop_words': None, 'strip_accents': None, 'token_pattern': '(?u)\\b\\w\\w+\\b', 'tokenizer': None, 'vocabulary': None};nb;OrderedDict([('alpha', 1.7765766649807682), ('fit_prior', True)]);bow;{'analyzer': 'word', 'binary': True, 'decode_error': 'strict', 'dtype': <class 'numpy.int64'>, 'encoding': 'utf-8', 'input': 'content', 'lowercase': True, 'max_df': 0.8, 'max_features': 5000, 'min_df': 1, 'ngram_range': (1, 3), 'preprocessor': None, 'stop_words': None, 'strip_accents': None, 'token_pattern': '(?u)\\b\\w\\w+\\b', 'tokenizer': None, 'vocabulary': None};nb;OrderedDict([('alpha', 1.7765766649807682), ('fit_prior', True)]);;;;;;;;;;;;;;;;;;;;;
8;bow;{'analyzer': 'word', 'binary': True, 'decode_error': 'strict', 'dtype': <class 'numpy.int64'>, 'encoding': 'utf-8', 'input': 'content', 'lowercase': True, 'max_df': 0.8, 'max_features': 5000, 'min_df': 1, 'ngram_range': (1, 3), 'preprocessor': None, 'stop_words': None, 'strip_accents': None, 'token_pattern': '(?u)\\b\\w\\w+\\b', 'tokenizer': None, 'vocabulary': None};lr;OrderedDict([('C', 2.2364202820542705), ('max_iter', 895)]);bow;{'analyzer': 'word', 'binary': True, 'decode_error': 'strict', 'dtype': <class 'numpy.int64'>, 'encoding': 'utf-8', 'input': 'content', 'lowercase': True, 'max_df': 0.8, 'max_features': 5000, 'min_df': 1, 'ngram_range': (1, 3), 'preprocessor': None, 'stop_words': None, 'strip_accents': None, 'token_pattern': '(?u)\\b\\w\\w+\\b', 'tokenizer': None, 'vocabulary': None};lr;OrderedDict([('C', 2.2364202820542705), ('max_iter', 895)]);;;;;;;;;;;;;;;;;;;;;
9;tf-idf;{'analyzer': 'word', 'binary': False, 'decode_error': 'strict', 'dtype': <class 'numpy.float64'>, 'encoding': 'utf-8', 'input': 'content', 'lowercase': True, 'max_df': 0.8, 'max_features': 5000, 'min_df': 1, 'ngram_range': (1, 3), 'norm': 'l1', 'preprocessor': None, 'smooth_idf': True, 'stop_words': None, 'strip_accents': None, 'sublinear_tf': False, 'token_pattern': '(?u)\\b\\w\\w+\\b', 'tokenizer': None, 'use_idf': True, 'vocabulary': None};nb;OrderedDict([('alpha', 0.012984555242723614), ('fit_prior', False)]);tf-idf;{'analyzer': 'word', 'binary': False, 'decode_error': 'strict', 'dtype': <class 'numpy.float64'>, 'encoding': 'utf-8', 'input': 'content', 'lowercase': True, 'max_df': 0.8, 'max_features': 5000, 'min_df': 1, 'ngram_range': (1, 3), 'norm': 'l1', 'preprocessor': None, 'smooth_idf': True, 'stop_words': None, 'strip_accents': None, 'sublinear_tf': False, 'token_pattern': '(?u)\\b\\w\\w+\\b', 'tokenizer': None, 'use_idf': True, 'vocabulary': None};nb;OrderedDict([('alpha', 0.009838473192472483), ('fit_prior', False)]);;;;;;;;;;;;;;;;;;;;;
10;bow;{'analyzer': 'word', 'binary': True, 'decode_error': 'strict', 'dtype': <class 'numpy.int64'>, 'encoding': 'utf-8', 'input': 'content', 'lowercase': True, 'max_df': 0.8, 'max_features': 5000, 'min_df': 10, 'ngram_range': (1, 3), 'preprocessor': None, 'stop_words': None, 'strip_accents': None, 'token_pattern': '(?u)\\b\\w\\w+\\b', 'tokenizer': None, 'vocabulary': None};lr;OrderedDict([('C', 0.18683682276570143), ('max_iter', 100)]);bow;{'analyzer': 'word', 'binary': True, 'decode_error': 'strict', 'dtype': <class 'numpy.int64'>, 'encoding': 'utf-8', 'input': 'content', 'lowercase': True, 'max_df': 0.8, 'max_features': 5000, 'min_df': 10, 'ngram_range': (1, 3), 'preprocessor': None, 'stop_words': None, 'strip_accents': None, 'token_pattern': '(?u)\\b\\w\\w+\\b', 'tokenizer': None, 'vocabulary': None};lr;OrderedDict([('C', 0.41159551363121133), ('max_iter', 100)]);;;;;;;;;;;;;;;;;;;;;
11;tf-idf;{'analyzer': 'word', 'binary': False, 'decode_error': 'strict', 'dtype': <class 'numpy.float64'>, 'encoding': 'utf-8', 'input': 'content', 'lowercase': True, 'max_df': 0.8, 'max_features': 5000, 'min_df': 1, 'ngram_range': (1, 3), 'norm': 'l1', 'preprocessor': None, 'smooth_idf': True, 'stop_words': None, 'strip_accents': None, 'sublinear_tf': False, 'token_pattern': '(?u)\\b\\w\\w+\\b', 'tokenizer': None, 'use_idf': True, 'vocabulary': None};nb;OrderedDict([('alpha', 2.2364202820542705), ('fit_prior', False)]);bow;{'analyzer': 'word', 'binary': True, 'decode_error': 'strict', 'dtype': <class 'numpy.int64'>, 'encoding': 'utf-8', 'input': 'content', 'lowercase': True, 'max_df': 0.8, 'max_features': 5000, 'min_df': 1, 'ngram_range': (1, 3), 'preprocessor': None, 'stop_words': None, 'strip_accents': None, 'token_pattern': '(?u)\\b\\w\\w+\\b', 'tokenizer': None, 'vocabulary': None};lr;OrderedDict([('C', 6.6360850776123375), ('max_iter', 731)]);;;;;;;;;;;;;;;;;;;;;
12;word2vec;{'hs': 1, 'min_count': 10, 'sg': 1, 'vector_size': 100, 'window': 7, 'workers': 1};rf;OrderedDict([('max_depth', 5), ('max_features', 'log2'), ('min_samples_leaf', 5), ('min_samples_split', 2), ('n_estimators', 142)]);word2vec;{'hs': 1, 'min_count': 10, 'sg': 1, 'vector_size': 100, 'window': 7, 'workers': 1};knn;OrderedDict([('leaf_size', 10), ('n_neighbors', 1)]);;;;;;;;;;;;;;;;;;;;;
13;bow;{'analyzer': 'word', 'binary': True, 'decode_error': 'strict', 'dtype': <class 'numpy.int64'>, 'encoding': 'utf-8', 'input': 'content', 'lowercase': True, 'max_df': 0.8, 'max_features': 5000, 'min_df': 1, 'ngram_range': (1, 3), 'preprocessor': None, 'stop_words': None, 'strip_accents': None, 'token_pattern': '(?u)\\b\\w\\w+\\b', 'tokenizer': None, 'vocabulary': None};rf;OrderedDict([('max_depth', 31), ('max_features', 'sqrt'), ('min_samples_leaf', 1), ('min_samples_split', 2), ('n_estimators', 119)]);tf-idf;{'analyzer': 'word', 'binary': False, 'decode_error': 'strict', 'dtype': <class 'numpy.float64'>, 'encoding': 'utf-8', 'input': 'content', 'lowercase': True, 'max_df': 0.8, 'max_features': 5000, 'min_df': 1, 'ngram_range': (1, 3), 'norm': 'l1', 'preprocessor': None, 'smooth_idf': True, 'stop_words': None, 'strip_accents': None, 'sublinear_tf': False, 'token_pattern': '(?u)\\b\\w\\w+\\b', 'tokenizer': None, 'use_idf': True, 'vocabulary': None};nb;OrderedDict([('alpha', 0.0038990343372889485), ('fit_prior', False)]);;;;;;;;;;;;;;;;;;;;;
14;word2vec;{'hs': 1, 'min_count': 10, 'sg': 1, 'vector_size': 100, 'window': 7, 'workers': 1};svm;OrderedDict([('C', 10.0), ('degree', 2), ('gamma', 0.6695854506791754), ('kernel', 'rbf')]);bow;{'analyzer': 'word', 'binary': True, 'decode_error': 'strict', 'dtype': <class 'numpy.int64'>, 'encoding': 'utf-8', 'input': 'content', 'lowercase': True, 'max_df': 0.8, 'max_features': 5000, 'min_df': 1, 'ngram_range': (1, 3), 'preprocessor': None, 'stop_words': None, 'strip_accents': None, 'token_pattern': '(?u)\\b\\w\\w+\\b', 'tokenizer': None, 'vocabulary': None};nb;OrderedDict([('alpha', 0.48046232221890345), ('fit_prior', False)]);;;;;;;;;;;;;;;;;;;;;
15;bow;{'analyzer': 'word', 'binary': True, 'decode_error': 'strict', 'dtype': <class 'numpy.int64'>, 'encoding': 'utf-8', 'input': 'content', 'lowercase': True, 'max_df': 0.8, 'max_features': 5000, 'min_df': 1, 'ngram_range': (1, 3), 'preprocessor': None, 'stop_words': None, 'strip_accents': None, 'token_pattern': '(?u)\\b\\w\\w+\\b', 'tokenizer': None, 'vocabulary': None};lr;OrderedDict([('C', 0.037789056879076424), ('max_iter', 100)]);bow;{'analyzer': 'word', 'binary': True, 'decode_error': 'strict', 'dtype': <class 'numpy.int64'>, 'encoding': 'utf-8', 'input': 'content', 'lowercase': True, 'max_df': 0.8, 'max_features': 5000, 'min_df': 1, 'ngram_range': (1, 3), 'preprocessor': None, 'stop_words': None, 'strip_accents': None, 'token_pattern': '(?u)\\b\\w\\w+\\b', 'tokenizer': None, 'vocabulary': None};svm;OrderedDict([('C', 8.853651848273506), ('degree', 2), ('gamma', 0.008405126576642056), ('kernel', 'rbf')]);;;;;;;;;;;;;;;;;;;;;
16;tf-idf;{'analyzer': 'word', 'binary': False, 'decode_error': 'strict', 'dtype': <class 'numpy.float64'>, 'encoding': 'utf-8', 'input': 'content', 'lowercase': True, 'max_df': 0.8, 'max_features': 5000, 'min_df': 1, 'ngram_range': (1, 3), 'norm': 'l1', 'preprocessor': None, 'smooth_idf': True, 'stop_words': None, 'strip_accents': None, 'sublinear_tf': False, 'token_pattern': '(?u)\\b\\w\\w+\\b', 'tokenizer': None, 'use_idf': True, 'vocabulary': None};knn;OrderedDict([('leaf_size', 26), ('n_neighbors', 37)]);bow;{'analyzer': 'word', 'binary': True, 'decode_error': 'strict', 'dtype': <class 'numpy.int64'>, 'encoding': 'utf-8', 'input': 'content', 'lowercase': True, 'max_df': 0.8, 'max_features': 5000, 'min_df': 1, 'ngram_range': (1, 3), 'preprocessor': None, 'stop_words': None, 'strip_accents': None, 'token_pattern': '(?u)\\b\\w\\w+\\b', 'tokenizer': None, 'vocabulary': None};nb;OrderedDict([('alpha', 0.018909928578807255), ('fit_prior', False)]);;;;;;;;;;;;;;;;;;;;;
17;tf-idf;{'analyzer': 'word', 'binary': False, 'decode_error': 'strict', 'dtype': <class 'numpy.float64'>, 'encoding': 'utf-8', 'input': 'content', 'lowercase': True, 'max_df': 0.8, 'max_features': 5000, 'min_df': 1, 'ngram_range': (1, 3), 'norm': 'l1', 'preprocessor': None, 'smooth_idf': True, 'stop_words': None, 'strip_accents': None, 'sublinear_tf': False, 'token_pattern': '(?u)\\b\\w\\w+\\b', 'tokenizer': None, 'use_idf': True, 'vocabulary': None};nb;OrderedDict([('alpha', 2.2364202820542705), ('fit_prior', False)]);tf-idf;{'analyzer': 'word', 'binary': False, 'decode_error': 'strict', 'dtype': <class 'numpy.float64'>, 'encoding': 'utf-8', 'input': 'content', 'lowercase': True, 'max_df': 0.8, 'max_features': 5000, 'min_df': 1, 'ngram_range': (1, 3), 'norm': 'l1', 'preprocessor': None, 'smooth_idf': True, 'stop_words': None, 'strip_accents': None, 'sublinear_tf': False, 'token_pattern': '(?u)\\b\\w\\w+\\b', 'tokenizer': None, 'use_idf': True, 'vocabulary': None};nb;OrderedDict([('alpha', 0.29397976202716886), ('fit_prior', False)]);;;;;;;;;;;;;;;;;;;;;
18;tf-idf;{'analyzer': 'word', 'binary': False, 'decode_error': 'strict', 'dtype': <class 'numpy.float64'>, 'encoding': 'utf-8', 'input': 'content', 'lowercase': True, 'max_df': 0.8, 'max_features': 5000, 'min_df': 1, 'ngram_range': (1, 3), 'norm': 'l1', 'preprocessor': None, 'smooth_idf': True, 'stop_words': None, 'strip_accents': None, 'sublinear_tf': False, 'token_pattern': '(?u)\\b\\w\\w+\\b', 'tokenizer': None, 'use_idf': True, 'vocabulary': None};knn;OrderedDict([('leaf_size', 26), ('n_neighbors', 37)]);bow;{'analyzer': 'word', 'binary': True, 'decode_error': 'strict', 'dtype': <class 'numpy.int64'>, 'encoding': 'utf-8', 'input': 'content', 'lowercase': True, 'max_df': 0.8, 'max_features': 5000, 'min_df': 1, 'ngram_range': (1, 3), 'preprocessor': None, 'stop_words': None, 'strip_accents': None, 'token_pattern': '(?u)\\b\\w\\w+\\b', 'tokenizer': None, 'vocabulary': None};lr;OrderedDict([('C', 6.6360850776123375), ('max_iter', 731)]);;;;;;;;;;;;;;;;;;;;;
19;tf-idf;{'analyzer': 'word', 'binary': False, 'decode_error': 'strict', 'dtype': <class 'numpy.float64'>, 'encoding': 'utf-8', 'input': 'content', 'lowercase': True, 'max_df': 0.8, 'max_features': 5000, 'min_df': 1, 'ngram_range': (1, 3), 'norm': 'l1', 'preprocessor': None, 'smooth_idf': True, 'stop_words': None, 'strip_accents': None, 'sublinear_tf': False, 'token_pattern': '(?u)\\b\\w\\w+\\b', 'tokenizer': None, 'use_idf': True, 'vocabulary': None};nb;OrderedDict([('alpha', 0.0016132754976365556), ('fit_prior', False)]);bow;{'analyzer': 'word', 'binary': True, 'decode_error': 'strict', 'dtype': <class 'numpy.int64'>, 'encoding': 'utf-8', 'input': 'content', 'lowercase': True, 'max_df': 0.8, 'max_features': 5000, 'min_df': 10, 'ngram_range': (1, 3), 'preprocessor': None, 'stop_words': None, 'strip_accents': None, 'token_pattern': '(?u)\\b\\w\\w+\\b', 'tokenizer': None, 'vocabulary': None};nb;OrderedDict([('alpha', 0.012112993221053055), ('fit_prior', False)]);;;;;;;;;;;;;;;;;;;;;
20;tf-idf;{'analyzer': 'word', 'binary': False, 'decode_error': 'strict', 'dtype': <class 'numpy.float64'>, 'encoding': 'utf-8', 'input': 'content', 'lowercase': True, 'max_df': 0.8, 'max_features': 5000, 'min_df': 1, 'ngram_range': (1, 2), 'norm': 'l1', 'preprocessor': None, 'smooth_idf': True, 'stop_words': None, 'strip_accents': None, 'sublinear_tf': False, 'token_pattern': '(?u)\\b\\w\\w+\\b', 'tokenizer': None, 'use_idf': True, 'vocabulary': None};svm;OrderedDict([('C', 6.2760868851237674), ('degree', 4), ('gamma', 1.1814975713072775), ('kernel', 'rbf')]);tf-idf;{'analyzer': 'word', 'binary': False, 'decode_error': 'strict', 'dtype': <class 'numpy.float64'>, 'encoding': 'utf-8', 'input': 'content', 'lowercase': True, 'max_df': 0.8, 'max_features': 5000, 'min_df': 1, 'ngram_range': (1, 2), 'norm': 'l1', 'preprocessor': None, 'smooth_idf': True, 'stop_words': None, 'strip_accents': None, 'sublinear_tf': False, 'token_pattern': '(?u)\\b\\w\\w+\\b', 'tokenizer': None, 'use_idf': True, 'vocabulary': None};svm;OrderedDict([('C', 1.9034971263717009), ('degree', 4), ('gamma', 6.2271874019035085), ('kernel', 'rbf')]);;;;;;;;;;;;;;;;;;;;;
21;tf-idf;{'analyzer': 'word', 'binary': False, 'decode_error': 'strict', 'dtype': <class 'numpy.float64'>, 'encoding': 'utf-8', 'input': 'content', 'lowercase': True, 'max_df': 0.8, 'max_features': 5000, 'min_df': 1, 'ngram_range': (1, 3), 'norm': 'l1', 'preprocessor': None, 'smooth_idf': True, 'stop_words': None, 'strip_accents': None, 'sublinear_tf': False, 'token_pattern': '(?u)\\b\\w\\w+\\b', 'tokenizer': None, 'use_idf': True, 'vocabulary': None};svm;OrderedDict([('C', 10.0), ('degree', 2), ('gamma', 1.3278992380490529), ('kernel', 'rbf')]);tf-idf;{'analyzer': 'word', 'binary': False, 'decode_error': 'strict', 'dtype': <class 'numpy.float64'>, 'encoding': 'utf-8', 'input': 'content', 'lowercase': True, 'max_df': 0.8, 'max_features': 5000, 'min_df': 1, 'ngram_range': (1, 3), 'norm': 'l1', 'preprocessor': None, 'smooth_idf': True, 'stop_words': None, 'strip_accents': None, 'sublinear_tf': False, 'token_pattern': '(?u)\\b\\w\\w+\\b', 'tokenizer': None, 'use_idf': True, 'vocabulary': None};svm;OrderedDict([('C', 10.0), ('degree', 4), ('gamma', 1.392772338009474), ('kernel', 'rbf')]);;;;;;;;;;;;;;;;;;;;;
22;bow;{'analyzer': 'word', 'binary': True, 'decode_error': 'strict', 'dtype': <class 'numpy.int64'>, 'encoding': 'utf-8', 'input': 'content', 'lowercase': True, 'max_df': 0.8, 'max_features': 5000, 'min_df': 1, 'ngram_range': (1, 2), 'preprocessor': None, 'stop_words': None, 'strip_accents': None, 'token_pattern': '(?u)\\b\\w\\w+\\b', 'tokenizer': None, 'vocabulary': None};svm;OrderedDict([('C', 5.761635292666814), ('degree', 2), ('gamma', 0.02827983185584927), ('kernel', 'rbf')]);word2vec;{'hs': 1, 'min_count': 5, 'sg': 1, 'vector_size': 100, 'window': 7, 'workers': 1};rf;OrderedDict([('max_depth', 17), ('max_features', 'log2'), ('min_samples_leaf', 2), ('min_samples_split', 3), ('n_estimators', 172)]);;;;;;;;;;;;;;;;;;;;;
23;bow;{'analyzer': 'word', 'binary': True, 'decode_error': 'strict', 'dtype': <class 'numpy.int64'>, 'encoding': 'utf-8', 'input': 'content', 'lowercase': True, 'max_df': 0.8, 'max_features': 5000, 'min_df': 1, 'ngram_range': (1, 2), 'preprocessor': None, 'stop_words': None, 'strip_accents': None, 'token_pattern': '(?u)\\b\\w\\w+\\b', 'tokenizer': None, 'vocabulary': None};svm;OrderedDict([('C', 10.0), ('degree', 2), ('gamma', 0.004187664560503498), ('kernel', 'rbf')]);bow;{'analyzer': 'word', 'binary': True, 'decode_error': 'strict', 'dtype': <class 'numpy.int64'>, 'encoding': 'utf-8', 'input': 'content', 'lowercase': True, 'max_df': 0.8, 'max_features': 5000, 'min_df': 1, 'ngram_range': (1, 2), 'preprocessor': None, 'stop_words': None, 'strip_accents': None, 'token_pattern': '(?u)\\b\\w\\w+\\b', 'tokenizer': None, 'vocabulary': None};svm;OrderedDict([('C', 10.0), ('degree', 2), ('gamma', 0.004454641621932274), ('kernel', 'rbf')]);;;;;;;;;;;;;;;;;;;;;
24;tf-idf;{'analyzer': 'word', 'binary': False, 'decode_error': 'strict', 'dtype': <class 'numpy.float64'>, 'encoding': 'utf-8', 'input': 'content', 'lowercase': True, 'max_df': 0.8, 'max_features': 5000, 'min_df': 1, 'ngram_range': (1, 2), 'norm': 'l1', 'preprocessor': None, 'smooth_idf': True, 'stop_words': None, 'strip_accents': None, 'sublinear_tf': False, 'token_pattern': '(?u)\\b\\w\\w+\\b', 'tokenizer': None, 'use_idf': True, 'vocabulary': None};svm;OrderedDict([('C', 8.828687055639707), ('degree', 2), ('gamma', 1.8689960003725534), ('kernel', 'rbf')]);tf-idf;{'analyzer': 'word', 'binary': False, 'decode_error': 'strict', 'dtype': <class 'numpy.float64'>, 'encoding': 'utf-8', 'input': 'content', 'lowercase': True, 'max_df': 0.8, 'max_features': 5000, 'min_df': 1, 'ngram_range': (1, 2), 'norm': 'l1', 'preprocessor': None, 'smooth_idf': True, 'stop_words': None, 'strip_accents': None, 'sublinear_tf': False, 'token_pattern': '(?u)\\b\\w\\w+\\b', 'tokenizer': None, 'use_idf': True, 'vocabulary': None};svm;OrderedDict([('C', 8.221664932455791), ('degree', 2), ('gamma', 2.337968845807892), ('kernel', 'rbf')]);;;;;;;;;;;;;;;;;;;;;
25;tf-idf;{'analyzer': 'word', 'binary': False, 'decode_error': 'strict', 'dtype': <class 'numpy.float64'>, 'encoding': 'utf-8', 'input': 'content', 'lowercase': True, 'max_df': 0.8, 'max_features': 5000, 'min_df': 1, 'ngram_range': (1, 1), 'norm': 'l1', 'preprocessor': None, 'smooth_idf': True, 'stop_words': None, 'strip_accents': None, 'sublinear_tf': False, 'token_pattern': '(?u)\\b\\w\\w+\\b', 'tokenizer': None, 'use_idf': True, 'vocabulary': None};nb;OrderedDict([('alpha', 0.021166647447563008), ('fit_prior', True)]);tf-idf;{'analyzer': 'word', 'binary': False, 'decode_error': 'strict', 'dtype': <class 'numpy.float64'>, 'encoding': 'utf-8', 'input': 'content', 'lowercase': True, 'max_df': 0.8, 'max_features': 5000, 'min_df': 1, 'ngram_range': (1, 1), 'norm': 'l1', 'preprocessor': None, 'smooth_idf': True, 'stop_words': None, 'strip_accents': None, 'sublinear_tf': False, 'token_pattern': '(?u)\\b\\w\\w+\\b', 'tokenizer': None, 'use_idf': True, 'vocabulary': None};nb;OrderedDict([('alpha', 0.01375515161385142), ('fit_prior', True)]);;;;;;;;;;;;;;;;;;;;;
26;tf-idf;{'analyzer': 'word', 'binary': False, 'decode_error': 'strict', 'dtype': <class 'numpy.float64'>, 'encoding': 'utf-8', 'input': 'content', 'lowercase': True, 'max_df': 0.8, 'max_features': 5000, 'min_df': 1, 'ngram_range': (1, 2), 'norm': 'l1', 'preprocessor': None, 'smooth_idf': True, 'stop_words': None, 'strip_accents': None, 'sublinear_tf': False, 'token_pattern': '(?u)\\b\\w\\w+\\b', 'tokenizer': None, 'use_idf': True, 'vocabulary': None};svm;OrderedDict([('C', 7.502248498584717), ('degree', 2), ('gamma', 3.058686893840062), ('kernel', 'rbf')]);tf-idf;{'analyzer': 'word', 'binary': False, 'decode_error': 'strict', 'dtype': <class 'numpy.float64'>, 'encoding': 'utf-8', 'input': 'content', 'lowercase': True, 'max_df': 0.8, 'max_features': 5000, 'min_df': 1, 'ngram_range': (1, 2), 'norm': 'l1', 'preprocessor': None, 'smooth_idf': True, 'stop_words': None, 'strip_accents': None, 'sublinear_tf': False, 'token_pattern': '(?u)\\b\\w\\w+\\b', 'tokenizer': None, 'use_idf': True, 'vocabulary': None};svm;OrderedDict([('C', 8.19351343603463), ('degree', 2), ('gamma', 3.0763135485533373), ('kernel', 'rbf')]);;;;;;;;;;;;;;;;;;;;;
27;tf-idf;{'analyzer': 'word', 'binary': False, 'decode_error': 'strict', 'dtype': <class 'numpy.float64'>, 'encoding': 'utf-8', 'input': 'content', 'lowercase': True, 'max_df': 0.8, 'max_features': 5000, 'min_df': 1, 'ngram_range': (1, 2), 'norm': 'l1', 'preprocessor': None, 'smooth_idf': True, 'stop_words': None, 'strip_accents': None, 'sublinear_tf': False, 'token_pattern': '(?u)\\b\\w\\w+\\b', 'tokenizer': None, 'use_idf': True, 'vocabulary': None};svm;OrderedDict([('C', 6.6360850776123375), ('degree', 3), ('gamma', 3.0662510776734475), ('kernel', 'rbf')]);tf-idf;{'analyzer': 'word', 'binary': False, 'decode_error': 'strict', 'dtype': <class 'numpy.float64'>, 'encoding': 'utf-8', 'input': 'content', 'lowercase': True, 'max_df': 0.8, 'max_features': 5000, 'min_df': 1, 'ngram_range': (1, 2), 'norm': 'l1', 'preprocessor': None, 'smooth_idf': True, 'stop_words': None, 'strip_accents': None, 'sublinear_tf': False, 'token_pattern': '(?u)\\b\\w\\w+\\b', 'tokenizer': None, 'use_idf': True, 'vocabulary': None};rf;OrderedDict([('max_depth', 50), ('max_features', 'sqrt'), ('min_samples_leaf', 1), ('min_samples_split', 5), ('n_estimators', 200)]);;;;;;;;;;;;;;;;;;;;;
28;bow;{'analyzer': 'word', 'binary': True, 'decode_error': 'strict', 'dtype': <class 'numpy.int64'>, 'encoding': 'utf-8', 'input': 'content', 'lowercase': True, 'max_df': 0.8, 'max_features': 5000, 'min_df': 1, 'ngram_range': (1, 3), 'preprocessor': None, 'stop_words': None, 'strip_accents': None, 'token_pattern': '(?u)\\b\\w\\w+\\b', 'tokenizer': None, 'vocabulary': None};nb;OrderedDict([('alpha', 0.2757028869160738), ('fit_prior', True)]);bow;{'analyzer': 'word', 'binary': True, 'decode_error': 'strict', 'dtype': <class 'numpy.int64'>, 'encoding': 'utf-8', 'input': 'content', 'lowercase': True, 'max_df': 0.8, 'max_features': 5000, 'min_df': 1, 'ngram_range': (1, 3), 'preprocessor': None, 'stop_words': None, 'strip_accents': None, 'token_pattern': '(?u)\\b\\w\\w+\\b', 'tokenizer': None, 'vocabulary': None};nb;OrderedDict([('alpha', 0.008744510656965531), ('fit_prior', True)]);;;;;;;;;;;;;;;;;;;;;
29;bow;{'analyzer': 'word', 'binary': True, 'decode_error': 'strict', 'dtype': <class 'numpy.int64'>, 'encoding': 'utf-8', 'input': 'content', 'lowercase': True, 'max_df': 0.8, 'max_features': 5000, 'min_df': 1, 'ngram_range': (1, 3), 'preprocessor': None, 'stop_words': None, 'strip_accents': None, 'token_pattern': '(?u)\\b\\w\\w+\\b', 'tokenizer': None, 'vocabulary': None};nb;OrderedDict([('alpha', 1.291743789538635), ('fit_prior', True)]);bow;{'analyzer': 'word', 'binary': True, 'decode_error': 'strict', 'dtype': <class 'numpy.int64'>, 'encoding': 'utf-8', 'input': 'content', 'lowercase': True, 'max_df': 0.8, 'max_features': 5000, 'min_df': 1, 'ngram_range': (1, 3), 'preprocessor': None, 'stop_words': None, 'strip_accents': None, 'token_pattern': '(?u)\\b\\w\\w+\\b', 'tokenizer': None, 'vocabulary': None};nb;OrderedDict([('alpha', 0.10425131512297918), ('fit_prior', True)]);;;;;;;;;;;;;;;;;;;;;
30;bow;{'analyzer': 'word', 'binary': True, 'decode_error': 'strict', 'dtype': <class 'numpy.int64'>, 'encoding': 'utf-8', 'input': 'content', 'lowercase': True, 'max_df': 0.8, 'max_features': 5000, 'min_df': 10, 'ngram_range': (1, 3), 'preprocessor': None, 'stop_words': None, 'strip_accents': None, 'token_pattern': '(?u)\\b\\w\\w+\\b', 'tokenizer': None, 'vocabulary': None};lr;OrderedDict([('C', 0.09258465030584893), ('max_iter', 100)]);bow;{'analyzer': 'word', 'binary': True, 'decode_error': 'strict', 'dtype': <class 'numpy.int64'>, 'encoding': 'utf-8', 'input': 'content', 'lowercase': True, 'max_df': 0.8, 'max_features': 5000, 'min_df': 10, 'ngram_range': (1, 3), 'preprocessor': None, 'stop_words': None, 'strip_accents': None, 'token_pattern': '(?u)\\b\\w\\w+\\b', 'tokenizer': None, 'vocabulary': None};nb;OrderedDict([('alpha', 0.20960349544810838), ('fit_prior', True)]);;;;;;;;;;;;;;;;;;;;;
31;bow;{'analyzer': 'word', 'binary': True, 'decode_error': 'strict', 'dtype': <class 'numpy.int64'>, 'encoding': 'utf-8', 'input': 'content', 'lowercase': True, 'max_df': 0.8, 'max_features': 5000, 'min_df': 1, 'ngram_range': (1, 3), 'preprocessor': None, 'stop_words': None, 'strip_accents': None, 'token_pattern': '(?u)\\b\\w\\w+\\b', 'tokenizer': None, 'vocabulary': None};lr;OrderedDict([('C', 0.05271430075177541), ('max_iter', 100)]);bow;{'analyzer': 'word', 'binary': True, 'decode_error': 'strict', 'dtype': <class 'numpy.int64'>, 'encoding': 'utf-8', 'input': 'content', 'lowercase': True, 'max_df': 0.8, 'max_features': 5000, 'min_df': 1, 'ngram_range': (1, 3), 'preprocessor': None, 'stop_words': None, 'strip_accents': None, 'token_pattern': '(?u)\\b\\w\\w+\\b', 'tokenizer': None, 'vocabulary': None};nb;OrderedDict([('alpha', 1.0057575755912405), ('fit_prior', True)]);;;;;;;;;;;;;;;;;;;;;
32;tf-idf;{'analyzer': 'word', 'binary': False, 'decode_error': 'strict', 'dtype': <class 'numpy.float64'>, 'encoding': 'utf-8', 'input': 'content', 'lowercase': True, 'max_df': 1.0, 'max_features': None, 'min_df': 1, 'ngram_range': (1, 1), 'norm': 'l2', 'preprocessor': None, 'smooth_idf': True, 'stop_words': None, 'strip_accents': None, 'sublinear_tf': False, 'token_pattern': '(?u)\\b\\w\\w+\\b', 'tokenizer': None, 'use_idf': True, 'vocabulary': None};lr;OrderedDict([('C', 10.0), ('max_iter', 100)]);bow;{'analyzer': 'word', 'binary': True, 'decode_error': 'strict', 'dtype': <class 'numpy.int64'>, 'encoding': 'utf-8', 'input': 'content', 'lowercase': True, 'max_df': 0.8, 'max_features': 5000, 'min_df': 1, 'ngram_range': (1, 3), 'preprocessor': None, 'stop_words': None, 'strip_accents': None, 'token_pattern': '(?u)\\b\\w\\w+\\b', 'tokenizer': None, 'vocabulary': None};lr;OrderedDict([('C', 5.295116560683827), ('max_iter', 1000)]);;;;;;;;;;;;;;;;;;;;;
33;tf-idf;{'analyzer': 'word', 'binary': False, 'decode_error': 'strict', 'dtype': <class 'numpy.float64'>, 'encoding': 'utf-8', 'input': 'content', 'lowercase': True, 'max_df': 0.8, 'max_features': 5000, 'min_df': 1, 'ngram_range': (1, 3), 'norm': 'l1', 'preprocessor': None, 'smooth_idf': True, 'stop_words': None, 'strip_accents': None, 'sublinear_tf': False, 'token_pattern': '(?u)\\b\\w\\w+\\b', 'tokenizer': None, 'use_idf': True, 'vocabulary': None};svm;OrderedDict([('C', 10.0), ('degree', 2), ('gamma', 0.7243139598908742), ('kernel', 'rbf')]);tf-idf;{'analyzer': 'word', 'binary': False, 'decode_error': 'strict', 'dtype': <class 'numpy.float64'>, 'encoding': 'utf-8', 'input': 'content', 'lowercase': True, 'max_df': 0.8, 'max_features': 5000, 'min_df': 1, 'ngram_range': (1, 3), 'norm': 'l1', 'preprocessor': None, 'smooth_idf': True, 'stop_words': None, 'strip_accents': None, 'sublinear_tf': False, 'token_pattern': '(?u)\\b\\w\\w+\\b', 'tokenizer': None, 'use_idf': True, 'vocabulary': None};rf;OrderedDict([('max_depth', 50), ('max_features', 'log2'), ('min_samples_leaf', 1), ('min_samples_split', 5), ('n_estimators', 200)]);;;;;;;;;;;;;;;;;;;;;
34;tf-idf;{'analyzer': 'word', 'binary': False, 'decode_error': 'strict', 'dtype': <class 'numpy.float64'>, 'encoding': 'utf-8', 'input': 'content', 'lowercase': True, 'max_df': 0.8, 'max_features': 5000, 'min_df': 1, 'ngram_range': (1, 3), 'norm': 'l1', 'preprocessor': None, 'smooth_idf': True, 'stop_words': None, 'strip_accents': None, 'sublinear_tf': False, 'token_pattern': '(?u)\\b\\w\\w+\\b', 'tokenizer': None, 'use_idf': True, 'vocabulary': None};nb;OrderedDict([('alpha', 0.29397976202716886), ('fit_prior', False)]);tf-idf;{'analyzer': 'word', 'binary': False, 'decode_error': 'strict', 'dtype': <class 'numpy.float64'>, 'encoding': 'utf-8', 'input': 'content', 'lowercase': True, 'max_df': 0.8, 'max_features': 5000, 'min_df': 1, 'ngram_range': (1, 3), 'norm': 'l1', 'preprocessor': None, 'smooth_idf': True, 'stop_words': None, 'strip_accents': None, 'sublinear_tf': False, 'token_pattern': '(?u)\\b\\w\\w+\\b', 'tokenizer': None, 'use_idf': True, 'vocabulary': None};nb;OrderedDict([('alpha', 0.29397976202716886), ('fit_prior', False)]);;;;;;;;;;;;;;;;;;;;;
35;bow;{'analyzer': 'word', 'binary': True, 'decode_error': 'strict', 'dtype': <class 'numpy.int64'>, 'encoding': 'utf-8', 'input': 'content', 'lowercase': True, 'max_df': 0.8, 'max_features': 5000, 'min_df': 1, 'ngram_range': (1, 3), 'preprocessor': None, 'stop_words': None, 'strip_accents': None, 'token_pattern': '(?u)\\b\\w\\w+\\b', 'tokenizer': None, 'vocabulary': None};lr;OrderedDict([('C', 0.40816918463482327), ('max_iter', 127)]);bow;{'analyzer': 'word', 'binary': True, 'decode_error': 'strict', 'dtype': <class 'numpy.int64'>, 'encoding': 'utf-8', 'input': 'content', 'lowercase': True, 'max_df': 0.8, 'max_features': 5000, 'min_df': 1, 'ngram_range': (1, 3), 'preprocessor': None, 'stop_words': None, 'strip_accents': None, 'token_pattern': '(?u)\\b\\w\\w+\\b', 'tokenizer': None, 'vocabulary': None};lr;OrderedDict([('C', 0.341282546484521), ('max_iter', 102)]);;;;;;;;;;;;;;;;;;;;;
36;bow;{'analyzer': 'word', 'binary': True, 'decode_error': 'strict', 'dtype': <class 'numpy.int64'>, 'encoding': 'utf-8', 'input': 'content', 'lowercase': True, 'max_df': 0.8, 'max_features': 5000, 'min_df': 1, 'ngram_range': (1, 3), 'preprocessor': None, 'stop_words': None, 'strip_accents': None, 'token_pattern': '(?u)\\b\\w\\w+\\b', 'tokenizer': None, 'vocabulary': None};rf;OrderedDict([('max_depth', 50), ('max_features', 'log2'), ('min_samples_leaf', 1), ('min_samples_split', 2), ('n_estimators', 200)]);bow;{'analyzer': 'word', 'binary': True, 'decode_error': 'strict', 'dtype': <class 'numpy.int64'>, 'encoding': 'utf-8', 'input': 'content', 'lowercase': True, 'max_df': 0.8, 'max_features': 5000, 'min_df': 1, 'ngram_range': (1, 3), 'preprocessor': None, 'stop_words': None, 'strip_accents': None, 'token_pattern': '(?u)\\b\\w\\w+\\b', 'tokenizer': None, 'vocabulary': None};lr;OrderedDict([('C', 0.23034697757115585), ('max_iter', 103)]);;;;;;;;;;;;;;;;;;;;;
37;bow;{'analyzer': 'word', 'binary': True, 'decode_error': 'strict', 'dtype': <class 'numpy.int64'>, 'encoding': 'utf-8', 'input': 'content', 'lowercase': True, 'max_df': 0.8, 'max_features': 5000, 'min_df': 1, 'ngram_range': (1, 3), 'preprocessor': None, 'stop_words': None, 'strip_accents': None, 'token_pattern': '(?u)\\b\\w\\w+\\b', 'tokenizer': None, 'vocabulary': None};svm;OrderedDict([('C', 10.0), ('degree', 4), ('gamma', 0.02329739352205336)]);bow;{'analyzer': 'word', 'binary': True, 'decode_error': 'strict', 'dtype': <class 'numpy.int64'>, 'encoding': 'utf-8', 'input': 'content', 'lowercase': True, 'max_df': 0.8, 'max_features': 5000, 'min_df': 1, 'ngram_range': (1, 3), 'preprocessor': None, 'stop_words': None, 'strip_accents': None, 'token_pattern': '(?u)\\b\\w\\w+\\b', 'tokenizer': None, 'vocabulary': None};lr;OrderedDict([('C', 0.9725534287907025), ('max_iter', 100)]);;;;;;;;;;;;;;;;;;;;;
38;bow;{'analyzer': 'word', 'binary': True, 'decode_error': 'strict', 'dtype': <class 'numpy.int64'>, 'encoding': 'utf-8', 'input': 'content', 'lowercase': True, 'max_df': 0.8, 'max_features': 5000, 'min_df': 1, 'ngram_range': (1, 3), 'preprocessor': None, 'stop_words': None, 'strip_accents': None, 'token_pattern': '(?u)\\b\\w\\w+\\b', 'tokenizer': None, 'vocabulary': None};svm;OrderedDict([('C', 3.0316072703535872), ('degree', 2), ('gamma', 0.05327230705347909)]);bow;{'analyzer': 'word', 'binary': True, 'decode_error': 'strict', 'dtype': <class 'numpy.int64'>, 'encoding': 'utf-8', 'input': 'content', 'lowercase': True, 'max_df': 0.8, 'max_features': 5000, 'min_df': 1, 'ngram_range': (1, 3), 'preprocessor': None, 'stop_words': None, 'strip_accents': None, 'token_pattern': '(?u)\\b\\w\\w+\\b', 'tokenizer': None, 'vocabulary': None};lr;OrderedDict([('C', 1.996386660808448), ('max_iter', 100)]);;;;;;;;;;;;;;;;;;;;;
39;bow;{'analyzer': 'word', 'binary': True, 'decode_error': 'strict', 'dtype': <class 'numpy.int64'>, 'encoding': 'utf-8', 'input': 'content', 'lowercase': True, 'max_df': 0.8, 'max_features': 5000, 'min_df': 1, 'ngram_range': (1, 2), 'preprocessor': None, 'stop_words': None, 'strip_accents': None, 'token_pattern': '(?u)\\b\\w\\w+\\b', 'tokenizer': None, 'vocabulary': None};rf;OrderedDict([('max_depth', 50), ('max_features', 'sqrt'), ('min_samples_leaf', 1), ('min_samples_split', 5), ('n_estimators', 133)]);bow;{'analyzer': 'word', 'binary': True, 'decode_error': 'strict', 'dtype': <class 'numpy.int64'>, 'encoding': 'utf-8', 'input': 'content', 'lowercase': True, 'max_df': 0.8, 'max_features': 5000, 'min_df': 1, 'ngram_range': (1, 2), 'preprocessor': None, 'stop_words': None, 'strip_accents': None, 'token_pattern': '(?u)\\b\\w\\w+\\b', 'tokenizer': None, 'vocabulary': None};rf;OrderedDict([('max_depth', 50), ('max_features', 'sqrt'), ('min_samples_leaf', 1), ('min_samples_split', 5), ('n_estimators', 134)]);;;;;;;;;;;;;;;;;;;;;
40;tf-idf;{'analyzer': 'word', 'binary': False, 'decode_error': 'strict', 'dtype': <class 'numpy.float64'>, 'encoding': 'utf-8', 'input': 'content', 'lowercase': True, 'max_df': 0.8, 'max_features': 5000, 'min_df': 1, 'ngram_range': (1, 1), 'norm': 'l1', 'preprocessor': None, 'smooth_idf': True, 'stop_words': None, 'strip_accents': None, 'sublinear_tf': False, 'token_pattern': '(?u)\\b\\w\\w+\\b', 'tokenizer': None, 'use_idf': True, 'vocabulary': None};svm;OrderedDict([('C', 10.0), ('degree', 2), ('gamma', 4.536463941567197)]);tf-idf;{'analyzer': 'word', 'binary': False, 'decode_error': 'strict', 'dtype': <class 'numpy.float64'>, 'encoding': 'utf-8', 'input': 'content', 'lowercase': True, 'max_df': 0.8, 'max_features': 5000, 'min_df': 1, 'ngram_range': (1, 1), 'norm': 'l1', 'preprocessor': None, 'smooth_idf': True, 'stop_words': None, 'strip_accents': None, 'sublinear_tf': False, 'token_pattern': '(?u)\\b\\w\\w+\\b', 'tokenizer': None, 'use_idf': True, 'vocabulary': None};svm;OrderedDict([('C', 10.0), ('degree', 4), ('gamma', 4.557887910371571)]);;;;;;;;;;;;;;;;;;;;;
41;bow;{'analyzer': 'word', 'binary': True, 'decode_error': 'strict', 'dtype': <class 'numpy.int64'>, 'encoding': 'utf-8', 'input': 'content', 'lowercase': True, 'max_df': 0.8, 'max_features': 5000, 'min_df': 1, 'ngram_range': (1, 2), 'preprocessor': None, 'stop_words': None, 'strip_accents': None, 'token_pattern': '(?u)\\b\\w\\w+\\b', 'tokenizer': None, 'vocabulary': None};rf;OrderedDict([('max_depth', 31), ('max_features', 'sqrt'), ('min_samples_leaf', 1), ('min_samples_split', 2), ('n_estimators', 200)]);tf-idf;{'analyzer': 'word', 'binary': False, 'decode_error': 'strict', 'dtype': <class 'numpy.float64'>, 'encoding': 'utf-8', 'input': 'content', 'lowercase': True, 'max_df': 0.8, 'max_features': 5000, 'min_df': 1, 'ngram_range': (1, 2), 'norm': 'l1', 'preprocessor': None, 'smooth_idf': True, 'stop_words': None, 'strip_accents': None, 'sublinear_tf': False, 'token_pattern': '(?u)\\b\\w\\w+\\b', 'tokenizer': None, 'use_idf': True, 'vocabulary': None};nb;OrderedDict([('alpha', 0.01897099434079009), ('fit_prior', False)]);;;;;;;;;;;;;;;;;;;;;
42;tf-idf;{'analyzer': 'word', 'binary': False, 'decode_error': 'strict', 'dtype': <class 'numpy.float64'>, 'encoding': 'utf-8', 'input': 'content', 'lowercase': True, 'max_df': 0.8, 'max_features': 5000, 'min_df': 1, 'ngram_range': (1, 3), 'norm': 'l1', 'preprocessor': None, 'smooth_idf': True, 'stop_words': None, 'strip_accents': None, 'sublinear_tf': False, 'token_pattern': '(?u)\\b\\w\\w+\\b', 'tokenizer': None, 'use_idf': True, 'vocabulary': None};svm;OrderedDict([('C', 10.0), ('degree', 4), ('gamma', 3.1143121196234604)]);tf-idf;{'analyzer': 'word', 'binary': False, 'decode_error': 'strict', 'dtype': <class 'numpy.float64'>, 'encoding': 'utf-8', 'input': 'content', 'lowercase': True, 'max_df': 0.8, 'max_features': 5000, 'min_df': 1, 'ngram_range': (1, 3), 'norm': 'l1', 'preprocessor': None, 'smooth_idf': True, 'stop_words': None, 'strip_accents': None, 'sublinear_tf': False, 'token_pattern': '(?u)\\b\\w\\w+\\b', 'tokenizer': None, 'use_idf': True, 'vocabulary': None};svm;OrderedDict([('C', 10.0), ('degree', 2), ('gamma', 2.0394404471110446)]);;;;;;;;;;;;;;;;;;;;;
43;tf-idf;{'analyzer': 'word', 'binary': False, 'decode_error': 'strict', 'dtype': <class 'numpy.float64'>, 'encoding': 'utf-8', 'input': 'content', 'lowercase': True, 'max_df': 0.8, 'max_features': 5000, 'min_df': 1, 'ngram_range': (1, 2), 'norm': 'l1', 'preprocessor': None, 'smooth_idf': True, 'stop_words': None, 'strip_accents': None, 'sublinear_tf': False, 'token_pattern': '(?u)\\b\\w\\w+\\b', 'tokenizer': None, 'use_idf': True, 'vocabulary': None};nb;OrderedDict([('alpha', 0.017679068407079432), ('fit_prior', True)]);bow;{'analyzer': 'word', 'binary': True, 'decode_error': 'strict', 'dtype': <class 'numpy.int64'>, 'encoding': 'utf-8', 'input': 'content', 'lowercase': True, 'max_df': 0.8, 'max_features': 5000, 'min_df': 1, 'ngram_range': (1, 3), 'preprocessor': None, 'stop_words': None, 'strip_accents': None, 'token_pattern': '(?u)\\b\\w\\w+\\b', 'tokenizer': None, 'vocabulary': None};lr;OrderedDict([('C', 4.42597020990147), ('max_iter', 100)]);;;;;;;;;;;;;;;;;;;;;
44;bow;{'analyzer': 'word', 'binary': True, 'decode_error': 'strict', 'dtype': <class 'numpy.int64'>, 'encoding': 'utf-8', 'input': 'content', 'lowercase': True, 'max_df': 0.8, 'max_features': 5000, 'min_df': 10, 'ngram_range': (1, 3), 'preprocessor': None, 'stop_words': None, 'strip_accents': None, 'token_pattern': '(?u)\\b\\w\\w+\\b', 'tokenizer': None, 'vocabulary': None};rf;OrderedDict([('max_depth', 50), ('max_features', 'sqrt'), ('min_samples_leaf', 1), ('min_samples_split', 3), ('n_estimators', 50)]);tf-idf;{'analyzer': 'word', 'binary': False, 'decode_error': 'strict', 'dtype': <class 'numpy.float64'>, 'encoding': 'utf-8', 'input': 'content', 'lowercase': True, 'max_df': 0.8, 'max_features': 5000, 'min_df': 1, 'ngram_range': (1, 3), 'norm': 'l1', 'preprocessor': None, 'smooth_idf': True, 'stop_words': None, 'strip_accents': None, 'sublinear_tf': False, 'token_pattern': '(?u)\\b\\w\\w+\\b', 'tokenizer': None, 'use_idf': True, 'vocabulary': None};nb;OrderedDict([('alpha', 0.0036816512295415396), ('fit_prior', False)]);;;;;;;;;;;;;;;;;;;;;
45;word2vec;{'hs': 1, 'min_count': 10, 'sg': 0, 'vector_size': 5000, 'window': 7, 'workers': 1};svm;OrderedDict([('C', 5.768192789442869), ('degree', 4), ('gamma', 0.029029270474130165)]);word2vec;{'hs': 1, 'min_count': 10, 'sg': 0, 'vector_size': 5000, 'window': 7, 'workers': 1};svm;OrderedDict([('C', 10.0), ('degree', 4), ('gamma', 0.01942831552155212)]);;;;;;;;;;;;;;;;;;;;;
46;bow;{'analyzer': 'word', 'binary': True, 'decode_error': 'strict', 'dtype': <class 'numpy.int64'>, 'encoding': 'utf-8', 'input': 'content', 'lowercase': True, 'max_df': 0.8, 'max_features': 5000, 'min_df': 1, 'ngram_range': (1, 3), 'preprocessor': None, 'stop_words': None, 'strip_accents': None, 'token_pattern': '(?u)\\b\\w\\w+\\b', 'tokenizer': None, 'vocabulary': None};lr;OrderedDict([('C', 0.5232331343860759), ('max_iter', 100)]);bow;{'analyzer': 'word', 'binary': True, 'decode_error': 'strict', 'dtype': <class 'numpy.int64'>, 'encoding': 'utf-8', 'input': 'content', 'lowercase': True, 'max_df': 0.8, 'max_features': 5000, 'min_df': 1, 'ngram_range': (1, 3), 'preprocessor': None, 'stop_words': None, 'strip_accents': None, 'token_pattern': '(?u)\\b\\w\\w+\\b', 'tokenizer': None, 'vocabulary': None};nb;OrderedDict([('alpha', 1.7765766649807682), ('fit_prior', True)]);;;;;;;;;;;;;;;;;;;;;
47;tf-idf;{'analyzer': 'word', 'binary': False, 'decode_error': 'strict', 'dtype': <class 'numpy.float64'>, 'encoding': 'utf-8', 'input': 'content', 'lowercase': True, 'max_df': 0.8, 'max_features': 5000, 'min_df': 1, 'ngram_range': (1, 3), 'norm': 'l1', 'preprocessor': None, 'smooth_idf': True, 'stop_words': None, 'strip_accents': None, 'sublinear_tf': False, 'token_pattern': '(?u)\\b\\w\\w+\\b', 'tokenizer': None, 'use_idf': True, 'vocabulary': None};nb;OrderedDict([('alpha', 0.7092812478449494), ('fit_prior', False)]);tf-idf;{'analyzer': 'word', 'binary': False, 'decode_error': 'strict', 'dtype': <class 'numpy.float64'>, 'encoding': 'utf-8', 'input': 'content', 'lowercase': True, 'max_df': 0.8, 'max_features': 5000, 'min_df': 1, 'ngram_range': (1, 3), 'norm': 'l1', 'preprocessor': None, 'smooth_idf': True, 'stop_words': None, 'strip_accents': None, 'sublinear_tf': False, 'token_pattern': '(?u)\\b\\w\\w+\\b', 'tokenizer': None, 'use_idf': True, 'vocabulary': None};nb;OrderedDict([('alpha', 0.45409448403630226), ('fit_prior', False)]);;;;;;;;;;;;;;;;;;;;;
48;bow;{'analyzer': 'word', 'binary': True, 'decode_error': 'strict', 'dtype': <class 'numpy.int64'>, 'encoding': 'utf-8', 'input': 'content', 'lowercase': True, 'max_df': 0.8, 'max_features': 5000, 'min_df': 1, 'ngram_range': (1, 3), 'preprocessor': None, 'stop_words': None, 'strip_accents': None, 'token_pattern': '(?u)\\b\\w\\w+\\b', 'tokenizer': None, 'vocabulary': None};lr;OrderedDict([('C', 0.9000982952817828), ('max_iter', 100)]);bow;{'analyzer': 'word', 'binary': True, 'decode_error': 'strict', 'dtype': <class 'numpy.int64'>, 'encoding': 'utf-8', 'input': 'content', 'lowercase': True, 'max_df': 0.8, 'max_features': 5000, 'min_df': 1, 'ngram_range': (1, 3), 'preprocessor': None, 'stop_words': None, 'strip_accents': None, 'token_pattern': '(?u)\\b\\w\\w+\\b', 'tokenizer': None, 'vocabulary': None};nb;OrderedDict([('alpha', 0.19100791906210327), ('fit_prior', True)]);;;;;;;;;;;;;;;;;;;;;
49;bow;{'analyzer': 'word', 'binary': True, 'decode_error': 'strict', 'dtype': <class 'numpy.int64'>, 'encoding': 'utf-8', 'input': 'content', 'lowercase': True, 'max_df': 0.8, 'max_features': 5000, 'min_df': 1, 'ngram_range': (1, 3), 'preprocessor': None, 'stop_words': None, 'strip_accents': None, 'token_pattern': '(?u)\\b\\w\\w+\\b', 'tokenizer': None, 'vocabulary': None};lr;OrderedDict([('C', 1.659718575717966), ('max_iter', 1000)]);bow;{'analyzer': 'word', 'binary': True, 'decode_error': 'strict', 'dtype': <class 'numpy.int64'>, 'encoding': 'utf-8', 'input': 'content', 'lowercase': True, 'max_df': 0.8, 'max_features': 5000, 'min_df': 1, 'ngram_range': (1, 3), 'preprocessor': None, 'stop_words': None, 'strip_accents': None, 'token_pattern': '(?u)\\b\\w\\w+\\b', 'tokenizer': None, 'vocabulary': None};nb;OrderedDict([('alpha', 0.7335843649951039), ('fit_prior', True)]);;;;;;;;;;;;;;;;;;;;;
50;tf-idf;{'analyzer': 'word', 'binary': False, 'decode_error': 'strict', 'dtype': <class 'numpy.float64'>, 'encoding': 'utf-8', 'input': 'content', 'lowercase': True, 'max_df': 1.0, 'max_features': None, 'min_df': 1, 'ngram_range': (1, 1), 'norm': 'l2', 'preprocessor': None, 'smooth_idf': True, 'stop_words': None, 'strip_accents': None, 'sublinear_tf': False, 'token_pattern': '(?u)\\b\\w\\w+\\b', 'tokenizer': None, 'use_idf': True, 'vocabulary': None};lr;OrderedDict([('C', 1.7765766649807682), ('max_iter', 255)]);bow;{'analyzer': 'word', 'binary': True, 'decode_error': 'strict', 'dtype': <class 'numpy.int64'>, 'encoding': 'utf-8', 'input': 'content', 'lowercase': True, 'max_df': 0.8, 'max_features': 5000, 'min_df': 1, 'ngram_range': (1, 3), 'preprocessor': None, 'stop_words': None, 'strip_accents': None, 'token_pattern': '(?u)\\b\\w\\w+\\b', 'tokenizer': None, 'vocabulary': None};nb;OrderedDict([('alpha', 1.079878844201014), ('fit_prior', True)]);;;;;;;;;;;;;;;;;;;;;
51;tf-idf;{'analyzer': 'word', 'binary': False, 'decode_error': 'strict', 'dtype': <class 'numpy.float64'>, 'encoding': 'utf-8', 'input': 'content', 'lowercase': True, 'max_df': 1.0, 'max_features': None, 'min_df': 1, 'ngram_range': (1, 1), 'norm': 'l2', 'preprocessor': None, 'smooth_idf': True, 'stop_words': None, 'strip_accents': None, 'sublinear_tf': False, 'token_pattern': '(?u)\\b\\w\\w+\\b', 'tokenizer': None, 'use_idf': True, 'vocabulary': None};lr;OrderedDict([('C', 3.9174943464671896), ('max_iter', 100)]);tf-idf;{'analyzer': 'word', 'binary': False, 'decode_error': 'strict', 'dtype': <class 'numpy.float64'>, 'encoding': 'utf-8', 'input': 'content', 'lowercase': True, 'max_df': 1.0, 'max_features': None, 'min_df': 1, 'ngram_range': (1, 1), 'norm': 'l2', 'preprocessor': None, 'smooth_idf': True, 'stop_words': None, 'strip_accents': None, 'sublinear_tf': False, 'token_pattern': '(?u)\\b\\w\\w+\\b', 'tokenizer': None, 'use_idf': True, 'vocabulary': None};lr;OrderedDict([('C', 10.0), ('max_iter', 100)]);;;;;;;;;;;;;;;;;;;;;
52;bow;{'analyzer': 'word', 'binary': True, 'decode_error': 'strict', 'dtype': <class 'numpy.int64'>, 'encoding': 'utf-8', 'input': 'content', 'lowercase': True, 'max_df': 0.8, 'max_features': 5000, 'min_df': 10, 'ngram_range': (1, 3), 'preprocessor': None, 'stop_words': None, 'strip_accents': None, 'token_pattern': '(?u)\\b\\w\\w+\\b', 'tokenizer': None, 'vocabulary': None};svm;OrderedDict([('C', 6.419865543464457), ('degree', 2), ('gamma', 0.00333408186042621)]);bow;{'analyzer': 'word', 'binary': True, 'decode_error': 'strict', 'dtype': <class 'numpy.int64'>, 'encoding': 'utf-8', 'input': 'content', 'lowercase': True, 'max_df': 0.8, 'max_features': 5000, 'min_df': 10, 'ngram_range': (1, 3), 'preprocessor': None, 'stop_words': None, 'strip_accents': None, 'token_pattern': '(?u)\\b\\w\\w+\\b', 'tokenizer': None, 'vocabulary': None};svm;OrderedDict([('C', 10.0), ('degree', 4), ('gamma', 0.002978101485501032)]);;;;;;;;;;;;;;;;;;;;;
53;bow;{'analyzer': 'word', 'binary': True, 'decode_error': 'strict', 'dtype': <class 'numpy.int64'>, 'encoding': 'utf-8', 'input': 'content', 'lowercase': True, 'max_df': 0.8, 'max_features': 5000, 'min_df': 1, 'ngram_range': (1, 3), 'preprocessor': None, 'stop_words': None, 'strip_accents': None, 'token_pattern': '(?u)\\b\\w\\w+\\b', 'tokenizer': None, 'vocabulary': None};nb;OrderedDict([('alpha', 1.688103867786638), ('fit_prior', False)]);tf-idf;{'analyzer': 'word', 'binary': False, 'decode_error': 'strict', 'dtype': <class 'numpy.float64'>, 'encoding': 'utf-8', 'input': 'content', 'lowercase': True, 'max_df': 0.8, 'max_features': 5000, 'min_df': 1, 'ngram_range': (1, 3), 'norm': 'l1', 'preprocessor': None, 'smooth_idf': True, 'stop_words': None, 'strip_accents': None, 'sublinear_tf': False, 'token_pattern': '(?u)\\b\\w\\w+\\b', 'tokenizer': None, 'use_idf': True, 'vocabulary': None};svm;OrderedDict([('C', 10.0), ('degree', 2), ('gamma', 1.6071042034023761)]);;;;;;;;;;;;;;;;;;;;;
54;word2vec;{'hs': 1, 'min_count': 10, 'sg': 1, 'vector_size': 100, 'window': 7, 'workers': 1};rf;OrderedDict([('max_depth', 34), ('max_features', 'log2'), ('min_samples_leaf', 3), ('min_samples_split', 5), ('n_estimators', 108)]);bow;{'analyzer': 'word', 'binary': True, 'decode_error': 'strict', 'dtype': <class 'numpy.int64'>, 'encoding': 'utf-8', 'input': 'content', 'lowercase': True, 'max_df': 0.8, 'max_features': 5000, 'min_df': 1, 'ngram_range': (1, 3), 'preprocessor': None, 'stop_words': None, 'strip_accents': None, 'token_pattern': '(?u)\\b\\w\\w+\\b', 'tokenizer': None, 'vocabulary': None};nb;OrderedDict([('alpha', 0.2252584287025691), ('fit_prior', True)]);;;;;;;;;;;;;;;;;;;;;
55;tf-idf;{'analyzer': 'word', 'binary': False, 'decode_error': 'strict', 'dtype': <class 'numpy.float64'>, 'encoding': 'utf-8', 'input': 'content', 'lowercase': True, 'max_df': 0.8, 'max_features': 5000, 'min_df': 1, 'ngram_range': (1, 3), 'norm': 'l1', 'preprocessor': None, 'smooth_idf': True, 'stop_words': None, 'strip_accents': None, 'sublinear_tf': False, 'token_pattern': '(?u)\\b\\w\\w+\\b', 'tokenizer': None, 'use_idf': True, 'vocabulary': None};knn;OrderedDict([('leaf_size', 28), ('n_neighbors', 46)]);word2vec;{'hs': 1, 'min_count': 10, 'sg': 0, 'vector_size': 100, 'window': 7, 'workers': 1};svm;OrderedDict([('C', 6.942068743358478), ('degree', 2), ('gamma', 0.9204504248082295)]);;;;;;;;;;;;;;;;;;;;;
56;bow;{'analyzer': 'word', 'binary': True, 'decode_error': 'strict', 'dtype': <class 'numpy.int64'>, 'encoding': 'utf-8', 'input': 'content', 'lowercase': True, 'max_df': 0.8, 'max_features': 5000, 'min_df': 1, 'ngram_range': (1, 3), 'preprocessor': None, 'stop_words': None, 'strip_accents': None, 'token_pattern': '(?u)\\b\\w\\w+\\b', 'tokenizer': None, 'vocabulary': None};svm;OrderedDict([('C', 6.845393198260128), ('degree', 4), ('gamma', 0.03087785105749296)]);bow;{'analyzer': 'word', 'binary': True, 'decode_error': 'strict', 'dtype': <class 'numpy.int64'>, 'encoding': 'utf-8', 'input': 'content', 'lowercase': True, 'max_df': 0.8, 'max_features': 5000, 'min_df': 1, 'ngram_range': (1, 3), 'preprocessor': None, 'stop_words': None, 'strip_accents': None, 'token_pattern': '(?u)\\b\\w\\w+\\b', 'tokenizer': None, 'vocabulary': None};svm;OrderedDict([('C', 7.071691087968496), ('degree', 2), ('gamma', 0.03710103139648257)]);;;;;;;;;;;;;;;;;;;;;
57;tf-idf;{'analyzer': 'word', 'binary': False, 'decode_error': 'strict', 'dtype': <class 'numpy.float64'>, 'encoding': 'utf-8', 'input': 'content', 'lowercase': True, 'max_df': 0.8, 'max_features': 5000, 'min_df': 1, 'ngram_range': (1, 2), 'norm': 'l1', 'preprocessor': None, 'smooth_idf': True, 'stop_words': None, 'strip_accents': None, 'sublinear_tf': False, 'token_pattern': '(?u)\\b\\w\\w+\\b', 'tokenizer': None, 'use_idf': True, 'vocabulary': None};nb;OrderedDict([('alpha', 0.02168355381016389), ('fit_prior', False)]);tf-idf;{'analyzer': 'word', 'binary': False, 'decode_error': 'strict', 'dtype': <class 'numpy.float64'>, 'encoding': 'utf-8', 'input': 'content', 'lowercase': True, 'max_df': 0.8, 'max_features': 5000, 'min_df': 1, 'ngram_range': (1, 2), 'norm': 'l1', 'preprocessor': None, 'smooth_idf': True, 'stop_words': None, 'strip_accents': None, 'sublinear_tf': False, 'token_pattern': '(?u)\\b\\w\\w+\\b', 'tokenizer': None, 'use_idf': True, 'vocabulary': None};svm;OrderedDict([('C', 10.0), ('degree', 2), ('gamma', 0.9561869580604743)]);;;;;;;;;;;;;;;;;;;;;
58;bow;{'analyzer': 'word', 'binary': True, 'decode_error': 'strict', 'dtype': <class 'numpy.int64'>, 'encoding': 'utf-8', 'input': 'content', 'lowercase': True, 'max_df': 0.8, 'max_features': 5000, 'min_df': 1, 'ngram_range': (1, 3), 'preprocessor': None, 'stop_words': None, 'strip_accents': None, 'token_pattern': '(?u)\\b\\w\\w+\\b', 'tokenizer': None, 'vocabulary': None};nb;OrderedDict([('alpha', 0.6315712308093084), ('fit_prior', True)]);bow;{'analyzer': 'word', 'binary': True, 'decode_error': 'strict', 'dtype': <class 'numpy.int64'>, 'encoding': 'utf-8', 'input': 'content', 'lowercase': True, 'max_df': 0.8, 'max_features': 5000, 'min_df': 1, 'ngram_range': (1, 3), 'preprocessor': None, 'stop_words': None, 'strip_accents': None, 'token_pattern': '(?u)\\b\\w\\w+\\b', 'tokenizer': None, 'vocabulary': None};nb;OrderedDict([('alpha', 0.1637190647534379), ('fit_prior', True)]);;;;;;;;;;;;;;;;;;;;;
59;tf-idf;{'analyzer': 'word', 'binary': False, 'decode_error': 'strict', 'dtype': <class 'numpy.float64'>, 'encoding': 'utf-8', 'input': 'content', 'lowercase': True, 'max_df': 1.0, 'max_features': None, 'min_df': 1, 'ngram_range': (1, 1), 'norm': 'l2', 'preprocessor': None, 'smooth_idf': True, 'stop_words': None, 'strip_accents': None, 'sublinear_tf': False, 'token_pattern': '(?u)\\b\\w\\w+\\b', 'tokenizer': None, 'use_idf': True, 'vocabulary': None};lr;OrderedDict([('C', 7.608156459410014), ('max_iter', 100)]);tf-idf;{'analyzer': 'word', 'binary': False, 'decode_error': 'strict', 'dtype': <class 'numpy.float64'>, 'encoding': 'utf-8', 'input': 'content', 'lowercase': True, 'max_df': 1.0, 'max_features': None, 'min_df': 1, 'ngram_range': (1, 1), 'norm': 'l2', 'preprocessor': None, 'smooth_idf': True, 'stop_words': None, 'strip_accents': None, 'sublinear_tf': False, 'token_pattern': '(?u)\\b\\w\\w+\\b', 'tokenizer': None, 'use_idf': True, 'vocabulary': None};svm;OrderedDict([('C', 5.166138653086858), ('degree', 2), ('gamma', 0.6275652133375508)]);;;;;;;;;;;;;;;;;;;;;
60;bow;{'analyzer': 'word', 'binary': True, 'decode_error': 'strict', 'dtype': <class 'numpy.int64'>, 'encoding': 'utf-8', 'input': 'content', 'lowercase': True, 'max_df': 0.8, 'max_features': 5000, 'min_df': 1, 'ngram_range': (1, 3), 'preprocessor': None, 'stop_words': None, 'strip_accents': None, 'token_pattern': '(?u)\\b\\w\\w+\\b', 'tokenizer': None, 'vocabulary': None};nb;OrderedDict([('alpha', 3.35981742810865), ('fit_prior', True)]);bow;{'analyzer': 'word', 'binary': True, 'decode_error': 'strict', 'dtype': <class 'numpy.int64'>, 'encoding': 'utf-8', 'input': 'content', 'lowercase': True, 'max_df': 0.8, 'max_features': 5000, 'min_df': 1, 'ngram_range': (1, 3), 'preprocessor': None, 'stop_words': None, 'strip_accents': None, 'token_pattern': '(?u)\\b\\w\\w+\\b', 'tokenizer': None, 'vocabulary': None};nb;OrderedDict([('alpha', 0.6571706588053845), ('fit_prior', False)]);;;;;;;;;;;;;;;;;;;;;
61;bow;{'analyzer': 'word', 'binary': True, 'decode_error': 'strict', 'dtype': <class 'numpy.int64'>, 'encoding': 'utf-8', 'input': 'content', 'lowercase': True, 'max_df': 0.8, 'max_features': 5000, 'min_df': 1, 'ngram_range': (1, 3), 'preprocessor': None, 'stop_words': None, 'strip_accents': None, 'token_pattern': '(?u)\\b\\w\\w+\\b', 'tokenizer': None, 'vocabulary': None};svm;OrderedDict([('C', 7.438429830734353), ('degree', 4), ('gamma', 0.0234914702662133)]);bow;{'analyzer': 'word', 'binary': True, 'decode_error': 'strict', 'dtype': <class 'numpy.int64'>, 'encoding': 'utf-8', 'input': 'content', 'lowercase': True, 'max_df': 0.8, 'max_features': 5000, 'min_df': 1, 'ngram_range': (1, 3), 'preprocessor': None, 'stop_words': None, 'strip_accents': None, 'token_pattern': '(?u)\\b\\w\\w+\\b', 'tokenizer': None, 'vocabulary': None};svm;OrderedDict([('C', 6.960868914759454), ('degree', 4), ('gamma', 0.025212990386128946)]);;;;;;;;;;;;;;;;;;;;;
62;bow;{'analyzer': 'word', 'binary': True, 'decode_error': 'strict', 'dtype': <class 'numpy.int64'>, 'encoding': 'utf-8', 'input': 'content', 'lowercase': True, 'max_df': 0.8, 'max_features': 5000, 'min_df': 1, 'ngram_range': (1, 3), 'preprocessor': None, 'stop_words': None, 'strip_accents': None, 'token_pattern': '(?u)\\b\\w\\w+\\b', 'tokenizer': None, 'vocabulary': None};svm;OrderedDict([('C', 10.0), ('degree', 4), ('gamma', 0.016731267625533418)]);bow;{'analyzer': 'word', 'binary': True, 'decode_error': 'strict', 'dtype': <class 'numpy.int64'>, 'encoding': 'utf-8', 'input': 'content', 'lowercase': True, 'max_df': 0.8, 'max_features': 5000, 'min_df': 1, 'ngram_range': (1, 3), 'preprocessor': None, 'stop_words': None, 'strip_accents': None, 'token_pattern': '(?u)\\b\\w\\w+\\b', 'tokenizer': None, 'vocabulary': None};svm;OrderedDict([('C', 8.965876437956208), ('degree', 4), ('gamma', 0.01598979197116829)]);;;;;;;;;;;;;;;;;;;;;
63;tf-idf;{'analyzer': 'word', 'binary': False, 'decode_error': 'strict', 'dtype': <class 'numpy.float64'>, 'encoding': 'utf-8', 'input': 'content', 'lowercase': True, 'max_df': 0.8, 'max_features': 5000, 'min_df': 1, 'ngram_range': (1, 3), 'norm': 'l1', 'preprocessor': None, 'smooth_idf': True, 'stop_words': None, 'strip_accents': None, 'sublinear_tf': False, 'token_pattern': '(?u)\\b\\w\\w+\\b', 'tokenizer': None, 'use_idf': True, 'vocabulary': None};nb;OrderedDict([('alpha', 1.55975525602616), ('fit_prior', False)]);tf-idf;{'analyzer': 'word', 'binary': False, 'decode_error': 'strict', 'dtype': <class 'numpy.float64'>, 'encoding': 'utf-8', 'input': 'content', 'lowercase': True, 'max_df': 0.8, 'max_features': 5000, 'min_df': 1, 'ngram_range': (1, 3), 'norm': 'l1', 'preprocessor': None, 'smooth_idf': True, 'stop_words': None, 'strip_accents': None, 'sublinear_tf': False, 'token_pattern': '(?u)\\b\\w\\w+\\b', 'tokenizer': None, 'use_idf': True, 'vocabulary': None};nb;OrderedDict([('alpha', 0.016195917163447086), ('fit_prior', False)]);;;;;;;;;;;;;;;;;;;;;
64;bow;{'analyzer': 'word', 'binary': True, 'decode_error': 'strict', 'dtype': <class 'numpy.int64'>, 'encoding': 'utf-8', 'input': 'content', 'lowercase': True, 'max_df': 0.8, 'max_features': 5000, 'min_df': 1, 'ngram_range': (1, 3), 'preprocessor': None, 'stop_words': None, 'strip_accents': None, 'token_pattern': '(?u)\\b\\w\\w+\\b', 'tokenizer': None, 'vocabulary': None};nb;OrderedDict([('alpha', 0.3095275321432814), ('fit_prior', True)]);bow;{'analyzer': 'word', 'binary': True, 'decode_error': 'strict', 'dtype': <class 'numpy.int64'>, 'encoding': 'utf-8', 'input': 'content', 'lowercase': True, 'max_df': 0.8, 'max_features': 5000, 'min_df': 1, 'ngram_range': (1, 3), 'preprocessor': None, 'stop_words': None, 'strip_accents': None, 'token_pattern': '(?u)\\b\\w\\w+\\b', 'tokenizer': None, 'vocabulary': None};nb;OrderedDict([('alpha', 0.29959763172534265), ('fit_prior', True)]);;;;;;;;;;;;;;;;;;;;;
65;bow;{'analyzer': 'word', 'binary': True, 'decode_error': 'strict', 'dtype': <class 'numpy.int64'>, 'encoding': 'utf-8', 'input': 'content', 'lowercase': True, 'max_df': 0.8, 'max_features': 5000, 'min_df': 1, 'ngram_range': (1, 2), 'preprocessor': None, 'stop_words': None, 'strip_accents': None, 'token_pattern': '(?u)\\b\\w\\w+\\b', 'tokenizer': None, 'vocabulary': None};nb;OrderedDict([('alpha', 3.754951705122142), ('fit_prior', False)]);bow;{'analyzer': 'word', 'binary': True, 'decode_error': 'strict', 'dtype': <class 'numpy.int64'>, 'encoding': 'utf-8', 'input': 'content', 'lowercase': True, 'max_df': 0.8, 'max_features': 5000, 'min_df': 1, 'ngram_range': (1, 2), 'preprocessor': None, 'stop_words': None, 'strip_accents': None, 'token_pattern': '(?u)\\b\\w\\w+\\b', 'tokenizer': None, 'vocabulary': None};svm;OrderedDict([('C', 10.0), ('degree', 2), ('gamma', 0.004576349239753028)]);;;;;;;;;;;;;;;;;;;;;
66;bow;{'analyzer': 'word', 'binary': True, 'decode_error': 'strict', 'dtype': <class 'numpy.int64'>, 'encoding': 'utf-8', 'input': 'content', 'lowercase': True, 'max_df': 0.8, 'max_features': 5000, 'min_df': 1, 'ngram_range': (1, 3), 'preprocessor': None, 'stop_words': None, 'strip_accents': None, 'token_pattern': '(?u)\\b\\w\\w+\\b', 'tokenizer': None, 'vocabulary': None};svm;OrderedDict([('C', 5.766061408724094), ('degree', 4), ('gamma', 0.01214133380151698)]);bow;{'analyzer': 'word', 'binary': True, 'decode_error': 'strict', 'dtype': <class 'numpy.int64'>, 'encoding': 'utf-8', 'input': 'content', 'lowercase': True, 'max_df': 0.8, 'max_features': 5000, 'min_df': 1, 'ngram_range': (1, 3), 'preprocessor': None, 'stop_words': None, 'strip_accents': None, 'token_pattern': '(?u)\\b\\w\\w+\\b', 'tokenizer': None, 'vocabulary': None};svm;OrderedDict([('C', 10.0), ('degree', 4), ('gamma', 0.008155518761210566)]);;;;;;;;;;;;;;;;;;;;;
67;bow;{'analyzer': 'word', 'binary': True, 'decode_error': 'strict', 'dtype': <class 'numpy.int64'>, 'encoding': 'utf-8', 'input': 'content', 'lowercase': True, 'max_df': 0.8, 'max_features': 5000, 'min_df': 1, 'ngram_range': (1, 3), 'preprocessor': None, 'stop_words': None, 'strip_accents': None, 'token_pattern': '(?u)\\b\\w\\w+\\b', 'tokenizer': None, 'vocabulary': None};svm;OrderedDict([('C', 10.0), ('degree', 2), ('gamma', 0.011647493237110968)]);bow;{'analyzer': 'word', 'binary': True, 'decode_error': 'strict', 'dtype': <class 'numpy.int64'>, 'encoding': 'utf-8', 'input': 'content', 'lowercase': True, 'max_df': 0.8, 'max_features': 5000, 'min_df': 1, 'ngram_range': (1, 3), 'preprocessor': None, 'stop_words': None, 'strip_accents': None, 'token_pattern': '(?u)\\b\\w\\w+\\b', 'tokenizer': None, 'vocabulary': None};svm;OrderedDict([('C', 3.3748331004644685), ('degree', 2), ('gamma', 0.010274661364648736)]);;;;;;;;;;;;;;;;;;;;;
68;word2vec;{'hs': 1, 'min_count': 10, 'sg': 0, 'vector_size': 5000, 'window': 7, 'workers': 1};rf;OrderedDict([('max_depth', 35), ('max_features', 'sqrt'), ('min_samples_leaf', 1), ('min_samples_split', 2), ('n_estimators', 196)]);word2vec;{'hs': 1, 'min_count': 10, 'sg': 0, 'vector_size': 5000, 'window': 7, 'workers': 1};rf;OrderedDict([('max_depth', 30), ('max_features', 'sqrt'), ('min_samples_leaf', 1), ('min_samples_split', 2), ('n_estimators', 200)]);;;;;;;;;;;;;;;;;;;;;
69;word2vec;{'hs': 1, 'min_count': 10, 'sg': 0, 'vector_size': 5000, 'window': 7, 'workers': 1};rf;OrderedDict([('max_depth', 30), ('max_features', 'sqrt'), ('min_samples_leaf', 1), ('min_samples_split', 4), ('n_estimators', 197)]);word2vec;{'hs': 1, 'min_count': 10, 'sg': 0, 'vector_size': 5000, 'window': 7, 'workers': 1};rf;OrderedDict([('max_depth', 29), ('max_features', 'sqrt'), ('min_samples_leaf', 1), ('min_samples_split', 2), ('n_estimators', 200)]);;;;;;;;;;;;;;;;;;;;;
70;tf-idf;{'analyzer': 'word', 'binary': False, 'decode_error': 'strict', 'dtype': <class 'numpy.float64'>, 'encoding': 'utf-8', 'input': 'content', 'lowercase': True, 'max_df': 0.8, 'max_features': 5000, 'min_df': 1, 'ngram_range': (1, 3), 'norm': 'l1', 'preprocessor': None, 'smooth_idf': True, 'stop_words': None, 'strip_accents': None, 'sublinear_tf': False, 'token_pattern': '(?u)\\b\\w\\w+\\b', 'tokenizer': None, 'use_idf': True, 'vocabulary': None};lr;OrderedDict([('C', 8.887731542547257), ('max_iter', 988)]);tf-idf;{'analyzer': 'word', 'binary': False, 'decode_error': 'strict', 'dtype': <class 'numpy.float64'>, 'encoding': 'utf-8', 'input': 'content', 'lowercase': True, 'max_df': 0.8, 'max_features': 5000, 'min_df': 1, 'ngram_range': (1, 3), 'norm': 'l1', 'preprocessor': None, 'smooth_idf': True, 'stop_words': None, 'strip_accents': None, 'sublinear_tf': False, 'token_pattern': '(?u)\\b\\w\\w+\\b', 'tokenizer': None, 'use_idf': True, 'vocabulary': None};nb;OrderedDict([('alpha', 0.08409262753436206), ('fit_prior', False)]);;;;;;;;;;;;;;;;;;;;;
71;tf-idf;{'analyzer': 'word', 'binary': False, 'decode_error': 'strict', 'dtype': <class 'numpy.float64'>, 'encoding': 'utf-8', 'input': 'content', 'lowercase': True, 'max_df': 0.8, 'max_features': 5000, 'min_df': 1, 'ngram_range': (1, 3), 'norm': 'l1', 'preprocessor': None, 'smooth_idf': True, 'stop_words': None, 'strip_accents': None, 'sublinear_tf': False, 'token_pattern': '(?u)\\b\\w\\w+\\b', 'tokenizer': None, 'use_idf': True, 'vocabulary': None};svm;OrderedDict([('C', 10.0), ('degree', 4), ('gamma', 1.2086377726631796)]);tf-idf;{'analyzer': 'word', 'binary': False, 'decode_error': 'strict', 'dtype': <class 'numpy.float64'>, 'encoding': 'utf-8', 'input': 'content', 'lowercase': True, 'max_df': 0.8, 'max_features': 5000, 'min_df': 1, 'ngram_range': (1, 3), 'norm': 'l1', 'preprocessor': None, 'smooth_idf': True, 'stop_words': None, 'strip_accents': None, 'sublinear_tf': False, 'token_pattern': '(?u)\\b\\w\\w+\\b', 'tokenizer': None, 'use_idf': True, 'vocabulary': None};svm;OrderedDict([('C', 10.0), ('degree', 2), ('gamma', 1.7432896381432352)]);;;;;;;;;;;;;;;;;;;;;
72;bow;{'analyzer': 'word', 'binary': True, 'decode_error': 'strict', 'dtype': <class 'numpy.int64'>, 'encoding': 'utf-8', 'input': 'content', 'lowercase': True, 'max_df': 0.8, 'max_features': 5000, 'min_df': 1, 'ngram_range': (1, 3), 'preprocessor': None, 'stop_words': None, 'strip_accents': None, 'token_pattern': '(?u)\\b\\w\\w+\\b', 'tokenizer': None, 'vocabulary': None};lr;OrderedDict([('C', 0.0012572939988144986), ('max_iter', 886)]);tf-idf;{'analyzer': 'word', 'binary': False, 'decode_error': 'strict', 'dtype': <class 'numpy.float64'>, 'encoding': 'utf-8', 'input': 'content', 'lowercase': True, 'max_df': 0.8, 'max_features': 5000, 'min_df': 1, 'ngram_range': (1, 3), 'norm': 'l1', 'preprocessor': None, 'smooth_idf': True, 'stop_words': None, 'strip_accents': None, 'sublinear_tf': False, 'token_pattern': '(?u)\\b\\w\\w+\\b', 'tokenizer': None, 'use_idf': True, 'vocabulary': None};nb;OrderedDict([('alpha', 0.01612374388052322), ('fit_prior', False)]);;;;;;;;;;;;;;;;;;;;;
73;bow;{'analyzer': 'word', 'binary': True, 'decode_error': 'strict', 'dtype': <class 'numpy.int64'>, 'encoding': 'utf-8', 'input': 'content', 'lowercase': True, 'max_df': 0.8, 'max_features': 5000, 'min_df': 1, 'ngram_range': (1, 3), 'preprocessor': None, 'stop_words': None, 'strip_accents': None, 'token_pattern': '(?u)\\b\\w\\w+\\b', 'tokenizer': None, 'vocabulary': None};lr;OrderedDict([('C', 5.116374169599801), ('max_iter', 100)]);bow;{'analyzer': 'word', 'binary': True, 'decode_error': 'strict', 'dtype': <class 'numpy.int64'>, 'encoding': 'utf-8', 'input': 'content', 'lowercase': True, 'max_df': 0.8, 'max_features': 5000, 'min_df': 1, 'ngram_range': (1, 3), 'preprocessor': None, 'stop_words': None, 'strip_accents': None, 'token_pattern': '(?u)\\b\\w\\w+\\b', 'tokenizer': None, 'vocabulary': None};lr;OrderedDict([('C', 5.130730730218633), ('max_iter', 100)]);;;;;;;;;;;;;;;;;;;;;
74;tf-idf;{'analyzer': 'word', 'binary': False, 'decode_error': 'strict', 'dtype': <class 'numpy.float64'>, 'encoding': 'utf-8', 'input': 'content', 'lowercase': True, 'max_df': 0.8, 'max_features': 5000, 'min_df': 1, 'ngram_range': (1, 3), 'norm': 'l1', 'preprocessor': None, 'smooth_idf': True, 'stop_words': None, 'strip_accents': None, 'sublinear_tf': False, 'token_pattern': '(?u)\\b\\w\\w+\\b', 'tokenizer': None, 'use_idf': True, 'vocabulary': None};svm;OrderedDict([('C', 10.0), ('degree', 4), ('gamma', 1.3317283144953935)]);tf-idf;{'analyzer': 'word', 'binary': False, 'decode_error': 'strict', 'dtype': <class 'numpy.float64'>, 'encoding': 'utf-8', 'input': 'content', 'lowercase': True, 'max_df': 0.8, 'max_features': 5000, 'min_df': 1, 'ngram_range': (1, 3), 'norm': 'l1', 'preprocessor': None, 'smooth_idf': True, 'stop_words': None, 'strip_accents': None, 'sublinear_tf': False, 'token_pattern': '(?u)\\b\\w\\w+\\b', 'tokenizer': None, 'use_idf': True, 'vocabulary': None};lr;OrderedDict([('C', 10.0), ('max_iter', 1000)]);;;;;;;;;;;;;;;;;;;;;
75;tf-idf;{'analyzer': 'word', 'binary': False, 'decode_error': 'strict', 'dtype': <class 'numpy.float64'>, 'encoding': 'utf-8', 'input': 'content', 'lowercase': True, 'max_df': 0.8, 'max_features': 5000, 'min_df': 1, 'ngram_range': (1, 3), 'norm': 'l1', 'preprocessor': None, 'smooth_idf': True, 'stop_words': None, 'strip_accents': None, 'sublinear_tf': False, 'token_pattern': '(?u)\\b\\w\\w+\\b', 'tokenizer': None, 'use_idf': True, 'vocabulary': None};nb;OrderedDict([('alpha', 0.029176601883532088), ('fit_prior', True)]);tf-idf;{'analyzer': 'word', 'binary': False, 'decode_error': 'strict', 'dtype': <class 'numpy.float64'>, 'encoding': 'utf-8', 'input': 'content', 'lowercase': True, 'max_df': 0.8, 'max_features': 5000, 'min_df': 1, 'ngram_range': (1, 3), 'norm': 'l1', 'preprocessor': None, 'smooth_idf': True, 'stop_words': None, 'strip_accents': None, 'sublinear_tf': False, 'token_pattern': '(?u)\\b\\w\\w+\\b', 'tokenizer': None, 'use_idf': True, 'vocabulary': None};nb;OrderedDict([('alpha', 0.03375901638533021), ('fit_prior', True)]);;;;;;;;;;;;;;;;;;;;;
76;tf-idf;{'analyzer': 'word', 'binary': False, 'decode_error': 'strict', 'dtype': <class 'numpy.float64'>, 'encoding': 'utf-8', 'input': 'content', 'lowercase': True, 'max_df': 0.8, 'max_features': 5000, 'min_df': 1, 'ngram_range': (1, 1), 'norm': 'l1', 'preprocessor': None, 'smooth_idf': True, 'stop_words': None, 'strip_accents': None, 'sublinear_tf': False, 'token_pattern': '(?u)\\b\\w\\w+\\b', 'tokenizer': None, 'use_idf': True, 'vocabulary': None};svm;OrderedDict([('C', 0.04369339947510315), ('degree', 3), ('gamma', 5.388550972627239)]);tf-idf;{'analyzer': 'word', 'binary': False, 'decode_error': 'strict', 'dtype': <class 'numpy.float64'>, 'encoding': 'utf-8', 'input': 'content', 'lowercase': True, 'max_df': 0.8, 'max_features': 5000, 'min_df': 1, 'ngram_range': (1, 1), 'norm': 'l1', 'preprocessor': None, 'smooth_idf': True, 'stop_words': None, 'strip_accents': None, 'sublinear_tf': False, 'token_pattern': '(?u)\\b\\w\\w+\\b', 'tokenizer': None, 'use_idf': True, 'vocabulary': None};nb;OrderedDict([('alpha', 0.001), ('fit_prior', False)]);;;;;;;;;;;;;;;;;;;;;
77;tf-idf;{'analyzer': 'word', 'binary': False, 'decode_error': 'strict', 'dtype': <class 'numpy.float64'>, 'encoding': 'utf-8', 'input': 'content', 'lowercase': True, 'max_df': 0.8, 'max_features': 5000, 'min_df': 1, 'ngram_range': (1, 1), 'norm': 'l1', 'preprocessor': None, 'smooth_idf': True, 'stop_words': None, 'strip_accents': None, 'sublinear_tf': False, 'token_pattern': '(?u)\\b\\w\\w+\\b', 'tokenizer': None, 'use_idf': True, 'vocabulary': None};rf;OrderedDict([('max_depth', 32), ('max_features', 'log2'), ('min_samples_leaf', 1), ('min_samples_split', 5), ('n_estimators', 141)]);bow;{'analyzer': 'word', 'binary': True, 'decode_error': 'strict', 'dtype': <class 'numpy.int64'>, 'encoding': 'utf-8', 'input': 'content', 'lowercase': True, 'max_df': 0.8, 'max_features': 5000, 'min_df': 10, 'ngram_range': (1, 3), 'preprocessor': None, 'stop_words': None, 'strip_accents': None, 'token_pattern': '(?u)\\b\\w\\w+\\b', 'tokenizer': None, 'vocabulary': None};nb;OrderedDict([('alpha', 2.18493676544431), ('fit_prior', True)]);;;;;;;;;;;;;;;;;;;;;
78;tf-idf;{'analyzer': 'word', 'binary': False, 'decode_error': 'strict', 'dtype': <class 'numpy.float64'>, 'encoding': 'utf-8', 'input': 'content', 'lowercase': True, 'max_df': 0.8, 'max_features': 5000, 'min_df': 1, 'ngram_range': (1, 2), 'norm': 'l1', 'preprocessor': None, 'smooth_idf': True, 'stop_words': None, 'strip_accents': None, 'sublinear_tf': False, 'token_pattern': '(?u)\\b\\w\\w+\\b', 'tokenizer': None, 'use_idf': True, 'vocabulary': None};svm;OrderedDict([('C', 4.866373592009518), ('degree', 4), ('gamma', 2.4668383061206534)]);bow;{'analyzer': 'word', 'binary': True, 'decode_error': 'strict', 'dtype': <class 'numpy.int64'>, 'encoding': 'utf-8', 'input': 'content', 'lowercase': True, 'max_df': 0.8, 'max_features': 5000, 'min_df': 1, 'ngram_range': (1, 2), 'preprocessor': None, 'stop_words': None, 'strip_accents': None, 'token_pattern': '(?u)\\b\\w\\w+\\b', 'tokenizer': None, 'vocabulary': None};nb;OrderedDict([('alpha', 0.14314306219820852), ('fit_prior', True)]);;;;;;;;;;;;;;;;;;;;;
79;tf-idf;{'analyzer': 'word', 'binary': False, 'decode_error': 'strict', 'dtype': <class 'numpy.float64'>, 'encoding': 'utf-8', 'input': 'content', 'lowercase': True, 'max_df': 1.0, 'max_features': None, 'min_df': 1, 'ngram_range': (1, 1), 'norm': 'l2', 'preprocessor': None, 'smooth_idf': True, 'stop_words': None, 'strip_accents': None, 'sublinear_tf': False, 'token_pattern': '(?u)\\b\\w\\w+\\b', 'tokenizer': None, 'use_idf': True, 'vocabulary': None};nb;OrderedDict([('alpha', 0.1569760003778966), ('fit_prior', True)]);bow;{'analyzer': 'word', 'binary': False, 'decode_error': 'strict', 'dtype': <class 'numpy.int64'>, 'encoding': 'utf-8', 'input': 'content', 'lowercase': True, 'max_df': 1.0, 'max_features': None, 'min_df': 1, 'ngram_range': (1, 1), 'preprocessor': None, 'stop_words': None, 'strip_accents': None, 'token_pattern': '(?u)\\b\\w\\w+\\b', 'tokenizer': None, 'vocabulary': None};nb;OrderedDict([('alpha', 0.3244298862741136), ('fit_prior', True)]);;;;;;;;;;;;;;;;;;;;;
80;bow;{'analyzer': 'word', 'binary': True, 'decode_error': 'strict', 'dtype': <class 'numpy.int64'>, 'encoding': 'utf-8', 'input': 'content', 'lowercase': True, 'max_df': 0.8, 'max_features': 5000, 'min_df': 1, 'ngram_range': (1, 1), 'preprocessor': None, 'stop_words': None, 'strip_accents': None, 'token_pattern': '(?u)\\b\\w\\w+\\b', 'tokenizer': None, 'vocabulary': None};rf;OrderedDict([('max_depth', 50), ('max_features', 'sqrt'), ('min_samples_leaf', 1), ('min_samples_split', 5), ('n_estimators', 200)]);tf-idf;{'analyzer': 'word', 'binary': False, 'decode_error': 'strict', 'dtype': <class 'numpy.float64'>, 'encoding': 'utf-8', 'input': 'content', 'lowercase': True, 'max_df': 0.8, 'max_features': 5000, 'min_df': 1, 'ngram_range': (1, 1), 'norm': 'l1', 'preprocessor': None, 'smooth_idf': True, 'stop_words': None, 'strip_accents': None, 'sublinear_tf': False, 'token_pattern': '(?u)\\b\\w\\w+\\b', 'tokenizer': None, 'use_idf': True, 'vocabulary': None};nb;OrderedDict([('alpha', 0.009407714048863668), ('fit_prior', False)]);;;;;;;;;;;;;;;;;;;;;
81;bow;{'analyzer': 'word', 'binary': True, 'decode_error': 'strict', 'dtype': <class 'numpy.int64'>, 'encoding': 'utf-8', 'input': 'content', 'lowercase': True, 'max_df': 0.8, 'max_features': 5000, 'min_df': 1, 'ngram_range': (1, 3), 'preprocessor': None, 'stop_words': None, 'strip_accents': None, 'token_pattern': '(?u)\\b\\w\\w+\\b', 'tokenizer': None, 'vocabulary': None};lr;OrderedDict([('C', 4.593066201491258), ('max_iter', 1000)]);tf-idf;{'analyzer': 'word', 'binary': False, 'decode_error': 'strict', 'dtype': <class 'numpy.float64'>, 'encoding': 'utf-8', 'input': 'content', 'lowercase': True, 'max_df': 0.8, 'max_features': 5000, 'min_df': 1, 'ngram_range': (1, 3), 'norm': 'l1', 'preprocessor': None, 'smooth_idf': True, 'stop_words': None, 'strip_accents': None, 'sublinear_tf': False, 'token_pattern': '(?u)\\b\\w\\w+\\b', 'tokenizer': None, 'use_idf': True, 'vocabulary': None};nb;OrderedDict([('alpha', 0.0014516646075353962), ('fit_prior', False)]);;;;;;;;;;;;;;;;;;;;;
82;tf-idf;{'analyzer': 'word', 'binary': False, 'decode_error': 'strict', 'dtype': <class 'numpy.float64'>, 'encoding': 'utf-8', 'input': 'content', 'lowercase': True, 'max_df': 1.0, 'max_features': None, 'min_df': 1, 'ngram_range': (1, 1), 'norm': 'l2', 'preprocessor': None, 'smooth_idf': True, 'stop_words': None, 'strip_accents': None, 'sublinear_tf': False, 'token_pattern': '(?u)\\b\\w\\w+\\b', 'tokenizer': None, 'use_idf': True, 'vocabulary': None};knn;OrderedDict([('leaf_size', 10), ('n_neighbors', 11)]);tf-idf;{'analyzer': 'word', 'binary': False, 'decode_error': 'strict', 'dtype': <class 'numpy.float64'>, 'encoding': 'utf-8', 'input': 'content', 'lowercase': True, 'max_df': 1.0, 'max_features': None, 'min_df': 1, 'ngram_range': (1, 1), 'norm': 'l2', 'preprocessor': None, 'smooth_idf': True, 'stop_words': None, 'strip_accents': None, 'sublinear_tf': False, 'token_pattern': '(?u)\\b\\w\\w+\\b', 'tokenizer': None, 'use_idf': True, 'vocabulary': None};knn;OrderedDict([('leaf_size', 42), ('n_neighbors', 9)]);;;;;;;;;;;;;;;;;;;;;
83;tf-idf;{'analyzer': 'word', 'binary': False, 'decode_error': 'strict', 'dtype': <class 'numpy.float64'>, 'encoding': 'utf-8', 'input': 'content', 'lowercase': True, 'max_df': 0.8, 'max_features': 5000, 'min_df': 1, 'ngram_range': (1, 1), 'norm': 'l1', 'preprocessor': None, 'smooth_idf': True, 'stop_words': None, 'strip_accents': None, 'sublinear_tf': False, 'token_pattern': '(?u)\\b\\w\\w+\\b', 'tokenizer': None, 'use_idf': True, 'vocabulary': None};nb;OrderedDict([('alpha', 0.02468912724157943), ('fit_prior', False)]);tf-idf;{'analyzer': 'word', 'binary': False, 'decode_error': 'strict', 'dtype': <class 'numpy.float64'>, 'encoding': 'utf-8', 'input': 'content', 'lowercase': True, 'max_df': 0.8, 'max_features': 5000, 'min_df': 1, 'ngram_range': (1, 1), 'norm': 'l1', 'preprocessor': None, 'smooth_idf': True, 'stop_words': None, 'strip_accents': None, 'sublinear_tf': False, 'token_pattern': '(?u)\\b\\w\\w+\\b', 'tokenizer': None, 'use_idf': True, 'vocabulary': None};nb;OrderedDict([('alpha', 0.023025901066457206), ('fit_prior', False)]);;;;;;;;;;;;;;;;;;;;;
84;bow;{'analyzer': 'word', 'binary': True, 'decode_error': 'strict', 'dtype': <class 'numpy.int64'>, 'encoding': 'utf-8', 'input': 'content', 'lowercase': True, 'max_df': 0.8, 'max_features': 5000, 'min_df': 1, 'ngram_range': (1, 3), 'preprocessor': None, 'stop_words': None, 'strip_accents': None, 'token_pattern': '(?u)\\b\\w\\w+\\b', 'tokenizer': None, 'vocabulary': None};lr;OrderedDict([('C', 5.388763456836092), ('max_iter', 123)]);bow;{'analyzer': 'word', 'binary': True, 'decode_error': 'strict', 'dtype': <class 'numpy.int64'>, 'encoding': 'utf-8', 'input': 'content', 'lowercase': True, 'max_df': 0.8, 'max_features': 5000, 'min_df': 1, 'ngram_range': (1, 3), 'preprocessor': None, 'stop_words': None, 'strip_accents': None, 'token_pattern': '(?u)\\b\\w\\w+\\b', 'tokenizer': None, 'vocabulary': None};lr;OrderedDict([('C', 5.255936493565088), ('max_iter', 1000)]);;;;;;;;;;;;;;;;;;;;;
85;tf-idf;{'analyzer': 'word', 'binary': False, 'decode_error': 'strict', 'dtype': <class 'numpy.float64'>, 'encoding': 'utf-8', 'input': 'content', 'lowercase': True, 'max_df': 0.8, 'max_features': 5000, 'min_df': 1, 'ngram_range': (1, 2), 'norm': 'l2', 'preprocessor': None, 'smooth_idf': True, 'stop_words': None, 'strip_accents': None, 'sublinear_tf': False, 'token_pattern': '(?u)\\b\\w\\w+\\b', 'tokenizer': None, 'use_idf': True, 'vocabulary': None};knn;OrderedDict([('leaf_size', 50), ('n_neighbors', 42)]);word2vec;{'hs': 1, 'min_count': 10, 'sg': 0, 'vector_size': 100, 'window': 7, 'workers': 1};svm;OrderedDict([('C', 10.0), ('degree', 2), ('gamma', 0.06993883144821439)]);;;;;;;;;;;;;;;;;;;;;
86;tf-idf;{'analyzer': 'word', 'binary': False, 'decode_error': 'strict', 'dtype': <class 'numpy.float64'>, 'encoding': 'utf-8', 'input': 'content', 'lowercase': True, 'max_df': 1.0, 'max_features': None, 'min_df': 1, 'ngram_range': (1, 1), 'norm': 'l2', 'preprocessor': None, 'smooth_idf': True, 'stop_words': None, 'strip_accents': None, 'sublinear_tf': False, 'token_pattern': '(?u)\\b\\w\\w+\\b', 'tokenizer': None, 'use_idf': True, 'vocabulary': None};svm;OrderedDict([('C', 10.0), ('degree', 2), ('gamma', 0.25913233884196)]);tf-idf;{'analyzer': 'word', 'binary': False, 'decode_error': 'strict', 'dtype': <class 'numpy.float64'>, 'encoding': 'utf-8', 'input': 'content', 'lowercase': True, 'max_df': 1.0, 'max_features': None, 'min_df': 1, 'ngram_range': (1, 1), 'norm': 'l2', 'preprocessor': None, 'smooth_idf': True, 'stop_words': None, 'strip_accents': None, 'sublinear_tf': False, 'token_pattern': '(?u)\\b\\w\\w+\\b', 'tokenizer': None, 'use_idf': True, 'vocabulary': None};svm;OrderedDict([('C', 7.571841551436234), ('degree', 2), ('gamma', 0.310919857390186)]);;;;;;;;;;;;;;;;;;;;;
87;tf-idf;{'analyzer': 'word', 'binary': False, 'decode_error': 'strict', 'dtype': <class 'numpy.float64'>, 'encoding': 'utf-8', 'input': 'content', 'lowercase': True, 'max_df': 1.0, 'max_features': None, 'min_df': 1, 'ngram_range': (1, 1), 'norm': 'l2', 'preprocessor': None, 'smooth_idf': True, 'stop_words': None, 'strip_accents': None, 'sublinear_tf': False, 'token_pattern': '(?u)\\b\\w\\w+\\b', 'tokenizer': None, 'use_idf': True, 'vocabulary': None};svm;OrderedDict([('C', 9.894212162935204), ('degree', 2), ('gamma', 0.11331275739081928)]);bow;{'analyzer': 'word', 'binary': True, 'decode_error': 'strict', 'dtype': <class 'numpy.int64'>, 'encoding': 'utf-8', 'input': 'content', 'lowercase': True, 'max_df': 0.8, 'max_features': 5000, 'min_df': 1, 'ngram_range': (1, 3), 'preprocessor': None, 'stop_words': None, 'strip_accents': None, 'token_pattern': '(?u)\\b\\w\\w+\\b', 'tokenizer': None, 'vocabulary': None};nb;OrderedDict([('alpha', 0.2594667390784153), ('fit_prior', True)]);;;;;;;;;;;;;;;;;;;;;
88;tf-idf;{'analyzer': 'word', 'binary': False, 'decode_error': 'strict', 'dtype': <class 'numpy.float64'>, 'encoding': 'utf-8', 'input': 'content', 'lowercase': True, 'max_df': 1.0, 'max_features': None, 'min_df': 1, 'ngram_range': (1, 1), 'norm': 'l2', 'preprocessor': None, 'smooth_idf': True, 'stop_words': None, 'strip_accents': None, 'sublinear_tf': False, 'token_pattern': '(?u)\\b\\w\\w+\\b', 'tokenizer': None, 'use_idf': True, 'vocabulary': None};lr;OrderedDict([('C', 9.998185889995945), ('max_iter', 963)]);bow;{'analyzer': 'word', 'binary': True, 'decode_error': 'strict', 'dtype': <class 'numpy.int64'>, 'encoding': 'utf-8', 'input': 'content', 'lowercase': True, 'max_df': 0.8, 'max_features': 5000, 'min_df': 1, 'ngram_range': (1, 3), 'preprocessor': None, 'stop_words': None, 'strip_accents': None, 'token_pattern': '(?u)\\b\\w\\w+\\b', 'tokenizer': None, 'vocabulary': None};nb;OrderedDict([('alpha', 1.301291297017945), ('fit_prior', True)]);;;;;;;;;;;;;;;;;;;;;
89;bow;{'analyzer': 'word', 'binary': True, 'decode_error': 'strict', 'dtype': <class 'numpy.int64'>, 'encoding': 'utf-8', 'input': 'content', 'lowercase': True, 'max_df': 0.8, 'max_features': 5000, 'min_df': 1, 'ngram_range': (1, 3), 'preprocessor': None, 'stop_words': None, 'strip_accents': None, 'token_pattern': '(?u)\\b\\w\\w+\\b', 'tokenizer': None, 'vocabulary': None};svm;OrderedDict([('C', 2.4538781971671497), ('degree', 3), ('gamma', 0.04604739007840996)]);bow;{'analyzer': 'word', 'binary': True, 'decode_error': 'strict', 'dtype': <class 'numpy.int64'>, 'encoding': 'utf-8', 'input': 'content', 'lowercase': True, 'max_df': 0.8, 'max_features': 5000, 'min_df': 1, 'ngram_range': (1, 3), 'preprocessor': None, 'stop_words': None, 'strip_accents': None, 'token_pattern': '(?u)\\b\\w\\w+\\b', 'tokenizer': None, 'vocabulary': None};svm;OrderedDict([('C', 8.969227482755372), ('degree', 4), ('gamma', 0.015008083880899904)]);;;;;;;;;;;;;;;;;;;;;
90;tf-idf;{'analyzer': 'word', 'binary': False, 'decode_error': 'strict', 'dtype': <class 'numpy.float64'>, 'encoding': 'utf-8', 'input': 'content', 'lowercase': True, 'max_df': 0.8, 'max_features': 5000, 'min_df': 1, 'ngram_range': (1, 1), 'norm': 'l1', 'preprocessor': None, 'smooth_idf': True, 'stop_words': None, 'strip_accents': None, 'sublinear_tf': False, 'token_pattern': '(?u)\\b\\w\\w+\\b', 'tokenizer': None, 'use_idf': True, 'vocabulary': None};svm;OrderedDict([('C', 10.0), ('degree', 4), ('gamma', 2.5657654616515004)]);tf-idf;{'analyzer': 'word', 'binary': False, 'decode_error': 'strict', 'dtype': <class 'numpy.float64'>, 'encoding': 'utf-8', 'input': 'content', 'lowercase': True, 'max_df': 0.8, 'max_features': 5000, 'min_df': 1, 'ngram_range': (1, 1), 'norm': 'l1', 'preprocessor': None, 'smooth_idf': True, 'stop_words': None, 'strip_accents': None, 'sublinear_tf': False, 'token_pattern': '(?u)\\b\\w\\w+\\b', 'tokenizer': None, 'use_idf': True, 'vocabulary': None};svm;OrderedDict([('C', 10.0), ('degree', 4), ('gamma', 2.5557182969059684)]);;;;;;;;;;;;;;;;;;;;;
91;bow;{'analyzer': 'word', 'binary': True, 'decode_error': 'strict', 'dtype': <class 'numpy.int64'>, 'encoding': 'utf-8', 'input': 'content', 'lowercase': True, 'max_df': 0.8, 'max_features': 5000, 'min_df': 1, 'ngram_range': (1, 3), 'preprocessor': None, 'stop_words': None, 'strip_accents': None, 'token_pattern': '(?u)\\b\\w\\w+\\b', 'tokenizer': None, 'vocabulary': None};lr;OrderedDict([('C', 0.3857909639393573), ('max_iter', 1000)]);bow;{'analyzer': 'word', 'binary': True, 'decode_error': 'strict', 'dtype': <class 'numpy.int64'>, 'encoding': 'utf-8', 'input': 'content', 'lowercase': True, 'max_df': 0.8, 'max_features': 5000, 'min_df': 1, 'ngram_range': (1, 3), 'preprocessor': None, 'stop_words': None, 'strip_accents': None, 'token_pattern': '(?u)\\b\\w\\w+\\b', 'tokenizer': None, 'vocabulary': None};lr;OrderedDict([('C', 1.4131046532082052), ('max_iter', 1000)]);;;;;;;;;;;;;;;;;;;;;
92;word2vec;{'hs': 1, 'min_count': 10, 'sg': 1, 'vector_size': 100, 'window': 7, 'workers': 1};knn;OrderedDict([('leaf_size', 50), ('n_neighbors', 12)]);word2vec;{'hs': 1, 'min_count': 10, 'sg': 1, 'vector_size': 100, 'window': 7, 'workers': 1};knn;OrderedDict([('leaf_size', 10), ('n_neighbors', 12)]);;;;;;;;;;;;;;;;;;;;;
93;tf-idf;{'analyzer': 'word', 'binary': False, 'decode_error': 'strict', 'dtype': <class 'numpy.float64'>, 'encoding': 'utf-8', 'input': 'content', 'lowercase': True, 'max_df': 0.8, 'max_features': 5000, 'min_df': 1, 'ngram_range': (1, 3), 'norm': 'l1', 'preprocessor': None, 'smooth_idf': True, 'stop_words': None, 'strip_accents': None, 'sublinear_tf': False, 'token_pattern': '(?u)\\b\\w\\w+\\b', 'tokenizer': None, 'use_idf': True, 'vocabulary': None};lr;OrderedDict([('C', 7.00774262558041), ('max_iter', 100)]);tf-idf;{'analyzer': 'word', 'binary': False, 'decode_error': 'strict', 'dtype': <class 'numpy.float64'>, 'encoding': 'utf-8', 'input': 'content', 'lowercase': True, 'max_df': 0.8, 'max_features': 5000, 'min_df': 1, 'ngram_range': (1, 3), 'norm': 'l1', 'preprocessor': None, 'smooth_idf': True, 'stop_words': None, 'strip_accents': None, 'sublinear_tf': False, 'token_pattern': '(?u)\\b\\w\\w+\\b', 'tokenizer': None, 'use_idf': True, 'vocabulary': None};nb;OrderedDict([('alpha', 0.1745309138680297), ('fit_prior', False)]);;;;;;;;;;;;;;;;;;;;;
94;bow;{'analyzer': 'word', 'binary': True, 'decode_error': 'strict', 'dtype': <class 'numpy.int64'>, 'encoding': 'utf-8', 'input': 'content', 'lowercase': True, 'max_df': 0.8, 'max_features': 5000, 'min_df': 1, 'ngram_range': (1, 3), 'preprocessor': None, 'stop_words': None, 'strip_accents': None, 'token_pattern': '(?u)\\b\\w\\w+\\b', 'tokenizer': None, 'vocabulary': None};lr;OrderedDict([('C', 0.31439527309929105), ('max_iter', 100)]);tf-idf;{'analyzer': 'word', 'binary': False, 'decode_error': 'strict', 'dtype': <class 'numpy.float64'>, 'encoding': 'utf-8', 'input': 'content', 'lowercase': True, 'max_df': 0.8, 'max_features': 5000, 'min_df': 1, 'ngram_range': (1, 3), 'norm': 'l1', 'preprocessor': None, 'smooth_idf': True, 'stop_words': None, 'strip_accents': None, 'sublinear_tf': False, 'token_pattern': '(?u)\\b\\w\\w+\\b', 'tokenizer': None, 'use_idf': True, 'vocabulary': None};nb;OrderedDict([('alpha', 0.01599975225845282), ('fit_prior', False)]);;;;;;;;;;;;;;;;;;;;;
95;tf-idf;{'analyzer': 'word', 'binary': False, 'decode_error': 'strict', 'dtype': <class 'numpy.float64'>, 'encoding': 'utf-8', 'input': 'content', 'lowercase': True, 'max_df': 0.8, 'max_features': 5000, 'min_df': 1, 'ngram_range': (1, 3), 'norm': 'l1', 'preprocessor': None, 'smooth_idf': True, 'stop_words': None, 'strip_accents': None, 'sublinear_tf': False, 'token_pattern': '(?u)\\b\\w\\w+\\b', 'tokenizer': None, 'use_idf': True, 'vocabulary': None};nb;OrderedDict([('alpha', 0.11682740472822294), ('fit_prior', False)]);tf-idf;{'analyzer': 'word', 'binary': False, 'decode_error': 'strict', 'dtype': <class 'numpy.float64'>, 'encoding': 'utf-8', 'input': 'content', 'lowercase': True, 'max_df': 0.8, 'max_features': 5000, 'min_df': 1, 'ngram_range': (1, 3), 'norm': 'l1', 'preprocessor': None, 'smooth_idf': True, 'stop_words': None, 'strip_accents': None, 'sublinear_tf': False, 'token_pattern': '(?u)\\b\\w\\w+\\b', 'tokenizer': None, 'use_idf': True, 'vocabulary': None};nb;OrderedDict([('alpha', 0.05055379613433147), ('fit_prior', False)]);;;;;;;;;;;;;;;;;;;;;
96;tf-idf;{'analyzer': 'word', 'binary': False, 'decode_error': 'strict', 'dtype': <class 'numpy.float64'>, 'encoding': 'utf-8', 'input': 'content', 'lowercase': True, 'max_df': 0.8, 'max_features': 5000, 'min_df': 1, 'ngram_range': (1, 3), 'norm': 'l1', 'preprocessor': None, 'smooth_idf': True, 'stop_words': None, 'strip_accents': None, 'sublinear_tf': False, 'token_pattern': '(?u)\\b\\w\\w+\\b', 'tokenizer': None, 'use_idf': True, 'vocabulary': None};svm;OrderedDict([('C', 6.6360850776123375), ('degree', 3), ('gamma', 3.0662510776734475)]);bow;{'analyzer': 'word', 'binary': True, 'decode_error': 'strict', 'dtype': <class 'numpy.int64'>, 'encoding': 'utf-8', 'input': 'content', 'lowercase': True, 'max_df': 0.8, 'max_features': 5000, 'min_df': 1, 'ngram_range': (1, 3), 'preprocessor': None, 'stop_words': None, 'strip_accents': None, 'token_pattern': '(?u)\\b\\w\\w+\\b', 'tokenizer': None, 'vocabulary': None};nb;OrderedDict([('alpha', 0.2895671484877002), ('fit_prior', True)]);;;;;;;;;;;;;;;;;;;;;
97;bow;{'analyzer': 'word', 'binary': True, 'decode_error': 'strict', 'dtype': <class 'numpy.int64'>, 'encoding': 'utf-8', 'input': 'content', 'lowercase': True, 'max_df': 0.8, 'max_features': 5000, 'min_df': 1, 'ngram_range': (1, 3), 'preprocessor': None, 'stop_words': None, 'strip_accents': None, 'token_pattern': '(?u)\\b\\w\\w+\\b', 'tokenizer': None, 'vocabulary': None};lr;OrderedDict([('C', 5.44418039611295), ('max_iter', 1000)]);bow;{'analyzer': 'word', 'binary': True, 'decode_error': 'strict', 'dtype': <class 'numpy.int64'>, 'encoding': 'utf-8', 'input': 'content', 'lowercase': True, 'max_df': 0.8, 'max_features': 5000, 'min_df': 1, 'ngram_range': (1, 3), 'preprocessor': None, 'stop_words': None, 'strip_accents': None, 'token_pattern': '(?u)\\b\\w\\w+\\b', 'tokenizer': None, 'vocabulary': None};svm;OrderedDict([('C', 5.025311487820599), ('degree', 4), ('gamma', 0.028386592299811626)]);;;;;;;;;;;;;;;;;;;;;
98;bow;{'analyzer': 'word', 'binary': True, 'decode_error': 'strict', 'dtype': <class 'numpy.int64'>, 'encoding': 'utf-8', 'input': 'content', 'lowercase': True, 'max_df': 0.8, 'max_features': 5000, 'min_df': 1, 'ngram_range': (1, 3), 'preprocessor': None, 'stop_words': None, 'strip_accents': None, 'token_pattern': '(?u)\\b\\w\\w+\\b', 'tokenizer': None, 'vocabulary': None};svm;OrderedDict([('C', 2.192126537376218), ('degree', 2), ('gamma', 0.04255236698279417)]);bow;{'analyzer': 'word', 'binary': True, 'decode_error': 'strict', 'dtype': <class 'numpy.int64'>, 'encoding': 'utf-8', 'input': 'content', 'lowercase': True, 'max_df': 0.8, 'max_features': 5000, 'min_df': 1, 'ngram_range': (1, 3), 'preprocessor': None, 'stop_words': None, 'strip_accents': None, 'token_pattern': '(?u)\\b\\w\\w+\\b', 'tokenizer': None, 'vocabulary': None};lr;OrderedDict([('C', 1.5783879853890563), ('max_iter', 494)]);;;;;;;;;;;;;;;;;;;;;
99;bow;{'analyzer': 'word', 'binary': True, 'decode_error': 'strict', 'dtype': <class 'numpy.int64'>, 'encoding': 'utf-8', 'input': 'content', 'lowercase': True, 'max_df': 0.8, 'max_features': 5000, 'min_df': 1, 'ngram_range': (1, 3), 'preprocessor': None, 'stop_words': None, 'strip_accents': None, 'token_pattern': '(?u)\\b\\w\\w+\\b', 'tokenizer': None, 'vocabulary': None};lr;OrderedDict([('C', 0.540028963926329), ('max_iter', 1000)]);bow;{'analyzer': 'word', 'binary': True, 'decode_error': 'strict', 'dtype': <class 'numpy.int64'>, 'encoding': 'utf-8', 'input': 'content', 'lowercase': True, 'max_df': 0.8, 'max_features': 5000, 'min_df': 1, 'ngram_range': (1, 3), 'preprocessor': None, 'stop_words': None, 'strip_accents': None, 'token_pattern': '(?u)\\b\\w\\w+\\b', 'tokenizer': None, 'vocabulary': None};lr;OrderedDict([('C', 0.5404520877311836), ('max_iter', 1000)]);;;;;;;;;;;;;;;;;;;;;
100;bow;{'analyzer': 'word', 'binary': True, 'decode_error': 'strict', 'dtype': <class 'numpy.int64'>, 'encoding': 'utf-8', 'input': 'content', 'lowercase': True, 'max_df': 0.8, 'max_features': 5000, 'min_df': 1, 'ngram_range': (1, 3), 'preprocessor': None, 'stop_words': None, 'strip_accents': None, 'token_pattern': '(?u)\\b\\w\\w+\\b', 'tokenizer': None, 'vocabulary': None};svm;OrderedDict([('C', 3.813752883547325), ('degree', 4), ('gamma', 0.018672245844048842)]);bow;{'analyzer': 'word', 'binary': True, 'decode_error': 'strict', 'dtype': <class 'numpy.int64'>, 'encoding': 'utf-8', 'input': 'content', 'lowercase': True, 'max_df': 0.8, 'max_features': 5000, 'min_df': 1, 'ngram_range': (1, 3), 'preprocessor': None, 'stop_words': None, 'strip_accents': None, 'token_pattern': '(?u)\\b\\w\\w+\\b', 'tokenizer': None, 'vocabulary': None};svm;OrderedDict([('C', 8.162242850797442), ('degree', 2), ('gamma', 0.006775042747614614)]);;;;;;;;;;;;;;;;;;;;;
101;bow;{'analyzer': 'word', 'binary': True, 'decode_error': 'strict', 'dtype': <class 'numpy.int64'>, 'encoding': 'utf-8', 'input': 'content', 'lowercase': True, 'max_df': 0.8, 'max_features': 5000, 'min_df': 1, 'ngram_range': (1, 3), 'preprocessor': None, 'stop_words': None, 'strip_accents': None, 'token_pattern': '(?u)\\b\\w\\w+\\b', 'tokenizer': None, 'vocabulary': None};svm;OrderedDict([('C', 5.4717142349440735), ('degree', 2), ('gamma', 0.013630172080531897)]);bow;{'analyzer': 'word', 'binary': True, 'decode_error': 'strict', 'dtype': <class 'numpy.int64'>, 'encoding': 'utf-8', 'input': 'content', 'lowercase': True, 'max_df': 0.8, 'max_features': 5000, 'min_df': 1, 'ngram_range': (1, 3), 'preprocessor': None, 'stop_words': None, 'strip_accents': None, 'token_pattern': '(?u)\\b\\w\\w+\\b', 'tokenizer': None, 'vocabulary': None};svm;OrderedDict([('C', 7.136353363397454), ('degree', 4), ('gamma', 0.014078431247044327)]);;;;;;;;;;;;;;;;;;;;;
102;bow;{'analyzer': 'word', 'binary': True, 'decode_error': 'strict', 'dtype': <class 'numpy.int64'>, 'encoding': 'utf-8', 'input': 'content', 'lowercase': True, 'max_df': 0.8, 'max_features': 5000, 'min_df': 1, 'ngram_range': (1, 3), 'preprocessor': None, 'stop_words': None, 'strip_accents': None, 'token_pattern': '(?u)\\b\\w\\w+\\b', 'tokenizer': None, 'vocabulary': None};lr;OrderedDict([('C', 0.3857909639393573), ('max_iter', 1000)]);bow;{'analyzer': 'word', 'binary': True, 'decode_error': 'strict', 'dtype': <class 'numpy.int64'>, 'encoding': 'utf-8', 'input': 'content', 'lowercase': True, 'max_df': 0.8, 'max_features': 5000, 'min_df': 1, 'ngram_range': (1, 3), 'preprocessor': None, 'stop_words': None, 'strip_accents': None, 'token_pattern': '(?u)\\b\\w\\w+\\b', 'tokenizer': None, 'vocabulary': None};lr;OrderedDict([('C', 1.4131046532082052), ('max_iter', 1000)]);;;;;;;;;;;;;;;;;;;;;
103;bow;{'analyzer': 'word', 'binary': True, 'decode_error': 'strict', 'dtype': <class 'numpy.int64'>, 'encoding': 'utf-8', 'input': 'content', 'lowercase': True, 'max_df': 0.8, 'max_features': 5000, 'min_df': 1, 'ngram_range': (1, 3), 'preprocessor': None, 'stop_words': None, 'strip_accents': None, 'token_pattern': '(?u)\\b\\w\\w+\\b', 'tokenizer': None, 'vocabulary': None};lr;OrderedDict([('C', 0.32656124444766915), ('max_iter', 101)]);bow;{'analyzer': 'word', 'binary': True, 'decode_error': 'strict', 'dtype': <class 'numpy.int64'>, 'encoding': 'utf-8', 'input': 'content', 'lowercase': True, 'max_df': 0.8, 'max_features': 5000, 'min_df': 1, 'ngram_range': (1, 3), 'preprocessor': None, 'stop_words': None, 'strip_accents': None, 'token_pattern': '(?u)\\b\\w\\w+\\b', 'tokenizer': None, 'vocabulary': None};lr;OrderedDict([('C', 0.34989478622456244), ('max_iter', 100)]);;;;;;;;;;;;;;;;;;;;;
104;bow;{'analyzer': 'word', 'binary': True, 'decode_error': 'strict', 'dtype': <class 'numpy.int64'>, 'encoding': 'utf-8', 'input': 'content', 'lowercase': True, 'max_df': 0.8, 'max_features': 5000, 'min_df': 1, 'ngram_range': (1, 3), 'preprocessor': None, 'stop_words': None, 'strip_accents': None, 'token_pattern': '(?u)\\b\\w\\w+\\b', 'tokenizer': None, 'vocabulary': None};rf;OrderedDict([('max_depth', 50), ('max_features', 'log2'), ('min_samples_leaf', 1), ('min_samples_split', 5), ('n_estimators', 198)]);bow;{'analyzer': 'word', 'binary': True, 'decode_error': 'strict', 'dtype': <class 'numpy.int64'>, 'encoding': 'utf-8', 'input': 'content', 'lowercase': True, 'max_df': 0.8, 'max_features': 5000, 'min_df': 1, 'ngram_range': (1, 3), 'preprocessor': None, 'stop_words': None, 'strip_accents': None, 'token_pattern': '(?u)\\b\\w\\w+\\b', 'tokenizer': None, 'vocabulary': None};rf;OrderedDict([('max_depth', 50), ('max_features', 'sqrt'), ('min_samples_leaf', 2), ('min_samples_split', 5), ('n_estimators', 200)]);;;;;;;;;;;;;;;;;;;;;
105;bow;{'analyzer': 'word', 'binary': True, 'decode_error': 'strict', 'dtype': <class 'numpy.int64'>, 'encoding': 'utf-8', 'input': 'content', 'lowercase': True, 'max_df': 0.8, 'max_features': 5000, 'min_df': 1, 'ngram_range': (1, 3), 'preprocessor': None, 'stop_words': None, 'strip_accents': None, 'token_pattern': '(?u)\\b\\w\\w+\\b', 'tokenizer': None, 'vocabulary': None};nb;OrderedDict([('alpha', 1.1883205502607523), ('fit_prior', False)]);bow;{'analyzer': 'word', 'binary': True, 'decode_error': 'strict', 'dtype': <class 'numpy.int64'>, 'encoding': 'utf-8', 'input': 'content', 'lowercase': True, 'max_df': 0.8, 'max_features': 5000, 'min_df': 1, 'ngram_range': (1, 3), 'preprocessor': None, 'stop_words': None, 'strip_accents': None, 'token_pattern': '(?u)\\b\\w\\w+\\b', 'tokenizer': None, 'vocabulary': None};lr;OrderedDict([('C', 1.5424723966251834), ('max_iter', 1000)]);;;;;;;;;;;;;;;;;;;;;
106;tf-idf;{'analyzer': 'word', 'binary': False, 'decode_error': 'strict', 'dtype': <class 'numpy.float64'>, 'encoding': 'utf-8', 'input': 'content', 'lowercase': True, 'max_df': 0.8, 'max_features': 5000, 'min_df': 1, 'ngram_range': (1, 3), 'norm': 'l1', 'preprocessor': None, 'smooth_idf': True, 'stop_words': None, 'strip_accents': None, 'sublinear_tf': False, 'token_pattern': '(?u)\\b\\w\\w+\\b', 'tokenizer': None, 'use_idf': True, 'vocabulary': None};nb;OrderedDict([('alpha', 1.7065800767579105), ('fit_prior', False)]);tf-idf;{'analyzer': 'word', 'binary': False, 'decode_error': 'strict', 'dtype': <class 'numpy.float64'>, 'encoding': 'utf-8', 'input': 'content', 'lowercase': True, 'max_df': 0.8, 'max_features': 5000, 'min_df': 1, 'ngram_range': (1, 3), 'norm': 'l1', 'preprocessor': None, 'smooth_idf': True, 'stop_words': None, 'strip_accents': None, 'sublinear_tf': False, 'token_pattern': '(?u)\\b\\w\\w+\\b', 'tokenizer': None, 'use_idf': True, 'vocabulary': None};nb;OrderedDict([('alpha', 1.027206191887476), ('fit_prior', False)]);;;;;;;;;;;;;;;;;;;;;
107;word2vec;{'hs': 1, 'min_count': 10, 'sg': 0, 'vector_size': 1000, 'window': 7, 'workers': 1};svm;OrderedDict([('C', 1.0208162761937511), ('degree', 2), ('gamma', 0.1049873742901332)]);tf-idf;{'analyzer': 'word', 'binary': False, 'decode_error': 'strict', 'dtype': <class 'numpy.float64'>, 'encoding': 'utf-8', 'input': 'content', 'lowercase': True, 'max_df': 0.8, 'max_features': 5000, 'min_df': 1, 'ngram_range': (1, 1), 'norm': 'l1', 'preprocessor': None, 'smooth_idf': True, 'stop_words': None, 'strip_accents': None, 'sublinear_tf': False, 'token_pattern': '(?u)\\b\\w\\w+\\b', 'tokenizer': None, 'use_idf': True, 'vocabulary': None};nb;OrderedDict([('alpha', 0.07363954893413283), ('fit_prior', False)]);;;;;;;;;;;;;;;;;;;;;
108;tf-idf;{'analyzer': 'word', 'binary': False, 'decode_error': 'strict', 'dtype': <class 'numpy.float64'>, 'encoding': 'utf-8', 'input': 'content', 'lowercase': True, 'max_df': 1.0, 'max_features': None, 'min_df': 1, 'ngram_range': (1, 1), 'norm': 'l2', 'preprocessor': None, 'smooth_idf': True, 'stop_words': None, 'strip_accents': None, 'sublinear_tf': False, 'token_pattern': '(?u)\\b\\w\\w+\\b', 'tokenizer': None, 'use_idf': True, 'vocabulary': None};lr;OrderedDict([('C', 10.0), ('max_iter', 100)]);tf-idf;{'analyzer': 'word', 'binary': False, 'decode_error': 'strict', 'dtype': <class 'numpy.float64'>, 'encoding': 'utf-8', 'input': 'content', 'lowercase': True, 'max_df': 1.0, 'max_features': None, 'min_df': 1, 'ngram_range': (1, 1), 'norm': 'l2', 'preprocessor': None, 'smooth_idf': True, 'stop_words': None, 'strip_accents': None, 'sublinear_tf': False, 'token_pattern': '(?u)\\b\\w\\w+\\b', 'tokenizer': None, 'use_idf': True, 'vocabulary': None};lr;OrderedDict([('C', 9.912546437550622), ('max_iter', 134)]);;;;;;;;;;;;;;;;;;;;;
109;tf-idf;{'analyzer': 'word', 'binary': False, 'decode_error': 'strict', 'dtype': <class 'numpy.float64'>, 'encoding': 'utf-8', 'input': 'content', 'lowercase': True, 'max_df': 1.0, 'max_features': None, 'min_df': 1, 'ngram_range': (1, 1), 'norm': 'l2', 'preprocessor': None, 'smooth_idf': True, 'stop_words': None, 'strip_accents': None, 'sublinear_tf': False, 'token_pattern': '(?u)\\b\\w\\w+\\b', 'tokenizer': None, 'use_idf': True, 'vocabulary': None};lr;OrderedDict([('C', 3.444072203976976), ('max_iter', 1000)]);tf-idf;{'analyzer': 'word', 'binary': False, 'decode_error': 'strict', 'dtype': <class 'numpy.float64'>, 'encoding': 'utf-8', 'input': 'content', 'lowercase': True, 'max_df': 1.0, 'max_features': None, 'min_df': 1, 'ngram_range': (1, 1), 'norm': 'l2', 'preprocessor': None, 'smooth_idf': True, 'stop_words': None, 'strip_accents': None, 'sublinear_tf': False, 'token_pattern': '(?u)\\b\\w\\w+\\b', 'tokenizer': None, 'use_idf': True, 'vocabulary': None};svm;OrderedDict([('C', 3.8616645233980376), ('degree', 4), ('gamma', 2.13622392639816)]);;;;;;;;;;;;;;;;;;;;;
110;bow;{'analyzer': 'word', 'binary': True, 'decode_error': 'strict', 'dtype': <class 'numpy.int64'>, 'encoding': 'utf-8', 'input': 'content', 'lowercase': True, 'max_df': 0.8, 'max_features': 5000, 'min_df': 1, 'ngram_range': (1, 3), 'preprocessor': None, 'stop_words': None, 'strip_accents': None, 'token_pattern': '(?u)\\b\\w\\w+\\b', 'tokenizer': None, 'vocabulary': None};nb;OrderedDict([('alpha', 2.2870145342106007), ('fit_prior', True)]);tf-idf;{'analyzer': 'word', 'binary': False, 'decode_error': 'strict', 'dtype': <class 'numpy.float64'>, 'encoding': 'utf-8', 'input': 'content', 'lowercase': True, 'max_df': 0.8, 'max_features': 5000, 'min_df': 1, 'ngram_range': (1, 3), 'norm': 'l1', 'preprocessor': None, 'smooth_idf': True, 'stop_words': None, 'strip_accents': None, 'sublinear_tf': False, 'token_pattern': '(?u)\\b\\w\\w+\\b', 'tokenizer': None, 'use_idf': True, 'vocabulary': None};nb;OrderedDict([('alpha', 0.08652706723805004), ('fit_prior', False)]);;;;;;;;;;;;;;;;;;;;;
111;bow;{'analyzer': 'word', 'binary': True, 'decode_error': 'strict', 'dtype': <class 'numpy.int64'>, 'encoding': 'utf-8', 'input': 'content', 'lowercase': True, 'max_df': 0.8, 'max_features': 5000, 'min_df': 1, 'ngram_range': (1, 3), 'preprocessor': None, 'stop_words': None, 'strip_accents': None, 'token_pattern': '(?u)\\b\\w\\w+\\b', 'tokenizer': None, 'vocabulary': None};lr;OrderedDict([('C', 6.6360850776123375), ('max_iter', 731)]);bow;{'analyzer': 'word', 'binary': True, 'decode_error': 'strict', 'dtype': <class 'numpy.int64'>, 'encoding': 'utf-8', 'input': 'content', 'lowercase': True, 'max_df': 0.8, 'max_features': 5000, 'min_df': 1, 'ngram_range': (1, 3), 'preprocessor': None, 'stop_words': None, 'strip_accents': None, 'token_pattern': '(?u)\\b\\w\\w+\\b', 'tokenizer': None, 'vocabulary': None};lr;OrderedDict([('C', 6.6360850776123375), ('max_iter', 731)]);;;;;;;;;;;;;;;;;;;;;
112;bow;{'analyzer': 'word', 'binary': True, 'decode_error': 'strict', 'dtype': <class 'numpy.int64'>, 'encoding': 'utf-8', 'input': 'content', 'lowercase': True, 'max_df': 0.8, 'max_features': 5000, 'min_df': 10, 'ngram_range': (1, 3), 'preprocessor': None, 'stop_words': None, 'strip_accents': None, 'token_pattern': '(?u)\\b\\w\\w+\\b', 'tokenizer': None, 'vocabulary': None};rf;OrderedDict([('max_depth', 50), ('max_features', 'sqrt'), ('min_samples_leaf', 1), ('min_samples_split', 5), ('n_estimators', 196)]);tf-idf;{'analyzer': 'word', 'binary': False, 'decode_error': 'strict', 'dtype': <class 'numpy.float64'>, 'encoding': 'utf-8', 'input': 'content', 'lowercase': True, 'max_df': 0.8, 'max_features': 5000, 'min_df': 1, 'ngram_range': (1, 3), 'norm': 'l1', 'preprocessor': None, 'smooth_idf': True, 'stop_words': None, 'strip_accents': None, 'sublinear_tf': False, 'token_pattern': '(?u)\\b\\w\\w+\\b', 'tokenizer': None, 'use_idf': True, 'vocabulary': None};svm;OrderedDict([('C', 10.0), ('degree', 2), ('gamma', 4.802911712232461)]);;;;;;;;;;;;;;;;;;;;;
113;tf-idf;{'analyzer': 'word', 'binary': False, 'decode_error': 'strict', 'dtype': <class 'numpy.float64'>, 'encoding': 'utf-8', 'input': 'content', 'lowercase': True, 'max_df': 1.0, 'max_features': None, 'min_df': 1, 'ngram_range': (1, 1), 'norm': 'l2', 'preprocessor': None, 'smooth_idf': True, 'stop_words': None, 'strip_accents': None, 'sublinear_tf': False, 'token_pattern': '(?u)\\b\\w\\w+\\b', 'tokenizer': None, 'use_idf': True, 'vocabulary': None};nb;OrderedDict([('alpha', 0.9657665373280458), ('fit_prior', False)]);bow;{'analyzer': 'word', 'binary': True, 'decode_error': 'strict', 'dtype': <class 'numpy.int64'>, 'encoding': 'utf-8', 'input': 'content', 'lowercase': True, 'max_df': 0.8, 'max_features': 5000, 'min_df': 1, 'ngram_range': (1, 3), 'preprocessor': None, 'stop_words': None, 'strip_accents': None, 'token_pattern': '(?u)\\b\\w\\w+\\b', 'tokenizer': None, 'vocabulary': None};nb;OrderedDict([('alpha', 0.006154985294379204), ('fit_prior', True)]);;;;;;;;;;;;;;;;;;;;;
114;bow;{'analyzer': 'word', 'binary': True, 'decode_error': 'strict', 'dtype': <class 'numpy.int64'>, 'encoding': 'utf-8', 'input': 'content', 'lowercase': True, 'max_df': 0.8, 'max_features': 5000, 'min_df': 1, 'ngram_range': (1, 3), 'preprocessor': None, 'stop_words': None, 'strip_accents': None, 'token_pattern': '(?u)\\b\\w\\w+\\b', 'tokenizer': None, 'vocabulary': None};nb;OrderedDict([('alpha', 5.544760758656075), ('fit_prior', False)]);bow;{'analyzer': 'word', 'binary': True, 'decode_error': 'strict', 'dtype': <class 'numpy.int64'>, 'encoding': 'utf-8', 'input': 'content', 'lowercase': True, 'max_df': 0.8, 'max_features': 5000, 'min_df': 1, 'ngram_range': (1, 3), 'preprocessor': None, 'stop_words': None, 'strip_accents': None, 'token_pattern': '(?u)\\b\\w\\w+\\b', 'tokenizer': None, 'vocabulary': None};nb;OrderedDict([('alpha', 6.6360850776123375), ('fit_prior', False)]);;;;;;;;;;;;;;;;;;;;;
115;bow;{'analyzer': 'word', 'binary': False, 'decode_error': 'strict', 'dtype': <class 'numpy.int64'>, 'encoding': 'utf-8', 'input': 'content', 'lowercase': True, 'max_df': 0.8, 'max_features': 5000, 'min_df': 1, 'ngram_range': (1, 3), 'preprocessor': None, 'stop_words': None, 'strip_accents': None, 'token_pattern': '(?u)\\b\\w\\w+\\b', 'tokenizer': None, 'vocabulary': None};lr;OrderedDict([('C', 7.379863917810966), ('max_iter', 102)]);bow;{'analyzer': 'word', 'binary': False, 'decode_error': 'strict', 'dtype': <class 'numpy.int64'>, 'encoding': 'utf-8', 'input': 'content', 'lowercase': True, 'max_df': 0.8, 'max_features': 5000, 'min_df': 1, 'ngram_range': (1, 3), 'preprocessor': None, 'stop_words': None, 'strip_accents': None, 'token_pattern': '(?u)\\b\\w\\w+\\b', 'tokenizer': None, 'vocabulary': None};lr;OrderedDict([('C', 7.025841852291592), ('max_iter', 100)]);;;;;;;;;;;;;;;;;;;;;
116;bow;{'analyzer': 'word', 'binary': True, 'decode_error': 'strict', 'dtype': <class 'numpy.int64'>, 'encoding': 'utf-8', 'input': 'content', 'lowercase': True, 'max_df': 0.8, 'max_features': 5000, 'min_df': 10, 'ngram_range': (1, 3), 'preprocessor': None, 'stop_words': None, 'strip_accents': None, 'token_pattern': '(?u)\\b\\w\\w+\\b', 'tokenizer': None, 'vocabulary': None};lr;OrderedDict([('C', 1.3214977674726243), ('max_iter', 1000)]);bow;{'analyzer': 'word', 'binary': True, 'decode_error': 'strict', 'dtype': <class 'numpy.int64'>, 'encoding': 'utf-8', 'input': 'content', 'lowercase': True, 'max_df': 0.8, 'max_features': 5000, 'min_df': 10, 'ngram_range': (1, 3), 'preprocessor': None, 'stop_words': None, 'strip_accents': None, 'token_pattern': '(?u)\\b\\w\\w+\\b', 'tokenizer': None, 'vocabulary': None};lr;OrderedDict([('C', 0.8632012725909878), ('max_iter', 945)]);;;;;;;;;;;;;;;;;;;;;
117;bow;{'analyzer': 'word', 'binary': True, 'decode_error': 'strict', 'dtype': <class 'numpy.int64'>, 'encoding': 'utf-8', 'input': 'content', 'lowercase': True, 'max_df': 0.8, 'max_features': 5000, 'min_df': 10, 'ngram_range': (1, 3), 'preprocessor': None, 'stop_words': None, 'strip_accents': None, 'token_pattern': '(?u)\\b\\w\\w+\\b', 'tokenizer': None, 'vocabulary': None};nb;OrderedDict([('alpha', 2.9520179116567187), ('fit_prior', True)]);tf-idf;{'analyzer': 'word', 'binary': False, 'decode_error': 'strict', 'dtype': <class 'numpy.float64'>, 'encoding': 'utf-8', 'input': 'content', 'lowercase': True, 'max_df': 0.8, 'max_features': 5000, 'min_df': 10, 'ngram_range': (1, 3), 'norm': 'l1', 'preprocessor': None, 'smooth_idf': True, 'stop_words': None, 'strip_accents': None, 'sublinear_tf': False, 'token_pattern': '(?u)\\b\\w\\w+\\b', 'tokenizer': None, 'use_idf': True, 'vocabulary': None};nb;OrderedDict([('alpha', 0.044295618163477775), ('fit_prior', False)]);;;;;;;;;;;;;;;;;;;;;
118;bow;{'analyzer': 'word', 'binary': True, 'decode_error': 'strict', 'dtype': <class 'numpy.int64'>, 'encoding': 'utf-8', 'input': 'content', 'lowercase': True, 'max_df': 0.8, 'max_features': 5000, 'min_df': 1, 'ngram_range': (1, 2), 'preprocessor': None, 'stop_words': None, 'strip_accents': None, 'token_pattern': '(?u)\\b\\w\\w+\\b', 'tokenizer': None, 'vocabulary': None};svm;OrderedDict([('C', 2.6582078762788393), ('degree', 2), ('gamma', 0.031699640014372484)]);bow;{'analyzer': 'word', 'binary': True, 'decode_error': 'strict', 'dtype': <class 'numpy.int64'>, 'encoding': 'utf-8', 'input': 'content', 'lowercase': True, 'max_df': 0.8, 'max_features': 5000, 'min_df': 1, 'ngram_range': (1, 2), 'preprocessor': None, 'stop_words': None, 'strip_accents': None, 'token_pattern': '(?u)\\b\\w\\w+\\b', 'tokenizer': None, 'vocabulary': None};svm;OrderedDict([('C', 10.0), ('degree', 2), ('gamma', 0.013098715255384821)]);;;;;;;;;;;;;;;;;;;;;
119;bow;{'analyzer': 'word', 'binary': True, 'decode_error': 'strict', 'dtype': <class 'numpy.int64'>, 'encoding': 'utf-8', 'input': 'content', 'lowercase': True, 'max_df': 0.8, 'max_features': 5000, 'min_df': 10, 'ngram_range': (1, 3), 'preprocessor': None, 'stop_words': None, 'strip_accents': None, 'token_pattern': '(?u)\\b\\w\\w+\\b', 'tokenizer': None, 'vocabulary': None};lr;OrderedDict([('C', 0.272178325897663), ('max_iter', 100)]);tf-idf;{'analyzer': 'word', 'binary': False, 'decode_error': 'strict', 'dtype': <class 'numpy.float64'>, 'encoding': 'utf-8', 'input': 'content', 'lowercase': True, 'max_df': 0.8, 'max_features': 5000, 'min_df': 1, 'ngram_range': (1, 3), 'norm': 'l1', 'preprocessor': None, 'smooth_idf': True, 'stop_words': None, 'strip_accents': None, 'sublinear_tf': False, 'token_pattern': '(?u)\\b\\w\\w+\\b', 'tokenizer': None, 'use_idf': True, 'vocabulary': None};nb;OrderedDict([('alpha', 0.308502598567478), ('fit_prior', False)]);;;;;;;;;;;;;;;;;;;;;
120;bow;{'analyzer': 'word', 'binary': True, 'decode_error': 'strict', 'dtype': <class 'numpy.int64'>, 'encoding': 'utf-8', 'input': 'content', 'lowercase': True, 'max_df': 0.8, 'max_features': 5000, 'min_df': 1, 'ngram_range': (1, 3), 'preprocessor': None, 'stop_words': None, 'strip_accents': None, 'token_pattern': '(?u)\\b\\w\\w+\\b', 'tokenizer': None, 'vocabulary': None};nb;OrderedDict([('alpha', 3.4734196505997637), ('fit_prior', True)]);bow;{'analyzer': 'word', 'binary': True, 'decode_error': 'strict', 'dtype': <class 'numpy.int64'>, 'encoding': 'utf-8', 'input': 'content', 'lowercase': True, 'max_df': 0.8, 'max_features': 5000, 'min_df': 1, 'ngram_range': (1, 3), 'preprocessor': None, 'stop_words': None, 'strip_accents': None, 'token_pattern': '(?u)\\b\\w\\w+\\b', 'tokenizer': None, 'vocabulary': None};nb;OrderedDict([('alpha', 0.8632012725909878), ('fit_prior', False)]);;;;;;;;;;;;;;;;;;;;;
121;tf-idf;{'analyzer': 'word', 'binary': False, 'decode_error': 'strict', 'dtype': <class 'numpy.float64'>, 'encoding': 'utf-8', 'input': 'content', 'lowercase': True, 'max_df': 1.0, 'max_features': None, 'min_df': 1, 'ngram_range': (1, 1), 'norm': 'l2', 'preprocessor': None, 'smooth_idf': True, 'stop_words': None, 'strip_accents': None, 'sublinear_tf': False, 'token_pattern': '(?u)\\b\\w\\w+\\b', 'tokenizer': None, 'use_idf': True, 'vocabulary': None};nb;OrderedDict([('alpha', 0.07839708755483521), ('fit_prior', False)]);tf-idf;{'analyzer': 'word', 'binary': False, 'decode_error': 'strict', 'dtype': <class 'numpy.float64'>, 'encoding': 'utf-8', 'input': 'content', 'lowercase': True, 'max_df': 1.0, 'max_features': None, 'min_df': 1, 'ngram_range': (1, 1), 'norm': 'l2', 'preprocessor': None, 'smooth_idf': True, 'stop_words': None, 'strip_accents': None, 'sublinear_tf': False, 'token_pattern': '(?u)\\b\\w\\w+\\b', 'tokenizer': None, 'use_idf': True, 'vocabulary': None};nb;OrderedDict([('alpha', 0.048852846782451866), ('fit_prior', False)]);;;;;;;;;;;;;;;;;;;;;
122;word2vec;{'hs': 1, 'min_count': 10, 'sg': 0, 'vector_size': 100, 'window': 7, 'workers': 1};rf;OrderedDict([('max_depth', 24), ('max_features', 'sqrt'), ('min_samples_leaf', 2), ('min_samples_split', 2), ('n_estimators', 200)]);word2vec;{'hs': 1, 'min_count': 10, 'sg': 0, 'vector_size': 100, 'window': 7, 'workers': 1};rf;OrderedDict([('max_depth', 50), ('max_features', 'sqrt'), ('min_samples_leaf', 1), ('min_samples_split', 5), ('n_estimators', 200)]);;;;;;;;;;;;;;;;;;;;;
123;bow;{'analyzer': 'word', 'binary': True, 'decode_error': 'strict', 'dtype': <class 'numpy.int64'>, 'encoding': 'utf-8', 'input': 'content', 'lowercase': True, 'max_df': 0.8, 'max_features': 5000, 'min_df': 1, 'ngram_range': (1, 3), 'preprocessor': None, 'stop_words': None, 'strip_accents': None, 'token_pattern': '(?u)\\b\\w\\w+\\b', 'tokenizer': None, 'vocabulary': None};lr;OrderedDict([('C', 10.0), ('max_iter', 999)]);bow;{'analyzer': 'word', 'binary': True, 'decode_error': 'strict', 'dtype': <class 'numpy.int64'>, 'encoding': 'utf-8', 'input': 'content', 'lowercase': True, 'max_df': 0.8, 'max_features': 5000, 'min_df': 1, 'ngram_range': (1, 3), 'preprocessor': None, 'stop_words': None, 'strip_accents': None, 'token_pattern': '(?u)\\b\\w\\w+\\b', 'tokenizer': None, 'vocabulary': None};lr;OrderedDict([('C', 10.0), ('max_iter', 1000)]);;;;;;;;;;;;;;;;;;;;;
124;tf-idf;{'analyzer': 'word', 'binary': False, 'decode_error': 'strict', 'dtype': <class 'numpy.float64'>, 'encoding': 'utf-8', 'input': 'content', 'lowercase': True, 'max_df': 0.8, 'max_features': 5000, 'min_df': 1, 'ngram_range': (1, 1), 'norm': 'l1', 'preprocessor': None, 'smooth_idf': True, 'stop_words': None, 'strip_accents': None, 'sublinear_tf': False, 'token_pattern': '(?u)\\b\\w\\w+\\b', 'tokenizer': None, 'use_idf': True, 'vocabulary': None};rf;OrderedDict([('max_depth', 50), ('max_features', 'sqrt'), ('min_samples_leaf', 1), ('min_samples_split', 3), ('n_estimators', 190)]);tf-idf;{'analyzer': 'word', 'binary': False, 'decode_error': 'strict', 'dtype': <class 'numpy.float64'>, 'encoding': 'utf-8', 'input': 'content', 'lowercase': True, 'max_df': 0.8, 'max_features': 5000, 'min_df': 1, 'ngram_range': (1, 1), 'norm': 'l1', 'preprocessor': None, 'smooth_idf': True, 'stop_words': None, 'strip_accents': None, 'sublinear_tf': False, 'token_pattern': '(?u)\\b\\w\\w+\\b', 'tokenizer': None, 'use_idf': True, 'vocabulary': None};svm;OrderedDict([('C', 4.466399387591546), ('degree', 4), ('gamma', 10.0)]);;;;;;;;;;;;;;;;;;;;;
125;tf-idf;{'analyzer': 'word', 'binary': False, 'decode_error': 'strict', 'dtype': <class 'numpy.float64'>, 'encoding': 'utf-8', 'input': 'content', 'lowercase': True, 'max_df': 0.8, 'max_features': 5000, 'min_df': 1, 'ngram_range': (1, 3), 'norm': 'l1', 'preprocessor': None, 'smooth_idf': True, 'stop_words': None, 'strip_accents': None, 'sublinear_tf': False, 'token_pattern': '(?u)\\b\\w\\w+\\b', 'tokenizer': None, 'use_idf': True, 'vocabulary': None};svm;OrderedDict([('C', 3.5529724637299758), ('degree', 4), ('gamma', 8.523652859137666)]);tf-idf;{'analyzer': 'word', 'binary': False, 'decode_error': 'strict', 'dtype': <class 'numpy.float64'>, 'encoding': 'utf-8', 'input': 'content', 'lowercase': True, 'max_df': 0.8, 'max_features': 5000, 'min_df': 1, 'ngram_range': (1, 3), 'norm': 'l1', 'preprocessor': None, 'smooth_idf': True, 'stop_words': None, 'strip_accents': None, 'sublinear_tf': False, 'token_pattern': '(?u)\\b\\w\\w+\\b', 'tokenizer': None, 'use_idf': True, 'vocabulary': None};svm;OrderedDict([('C', 10.0), ('degree', 2), ('gamma', 7.97421975129007)]);;;;;;;;;;;;;;;;;;;;;
126;tf-idf;{'analyzer': 'word', 'binary': False, 'decode_error': 'strict', 'dtype': <class 'numpy.float64'>, 'encoding': 'utf-8', 'input': 'content', 'lowercase': True, 'max_df': 0.8, 'max_features': 5000, 'min_df': 1, 'ngram_range': (1, 3), 'norm': 'l1', 'preprocessor': None, 'smooth_idf': True, 'stop_words': None, 'strip_accents': None, 'sublinear_tf': False, 'token_pattern': '(?u)\\b\\w\\w+\\b', 'tokenizer': None, 'use_idf': True, 'vocabulary': None};nb;OrderedDict([('alpha', 1.0400552696687195), ('fit_prior', False)]);tf-idf;{'analyzer': 'word', 'binary': False, 'decode_error': 'strict', 'dtype': <class 'numpy.float64'>, 'encoding': 'utf-8', 'input': 'content', 'lowercase': True, 'max_df': 0.8, 'max_features': 5000, 'min_df': 1, 'ngram_range': (1, 3), 'norm': 'l1', 'preprocessor': None, 'smooth_idf': True, 'stop_words': None, 'strip_accents': None, 'sublinear_tf': False, 'token_pattern': '(?u)\\b\\w\\w+\\b', 'tokenizer': None, 'use_idf': True, 'vocabulary': None};nb;OrderedDict([('alpha', 0.9995991593828386), ('fit_prior', False)]);;;;;;;;;;;;;;;;;;;;;
127;tf-idf;{'analyzer': 'word', 'binary': False, 'decode_error': 'strict', 'dtype': <class 'numpy.float64'>, 'encoding': 'utf-8', 'input': 'content', 'lowercase': True, 'max_df': 1.0, 'max_features': None, 'min_df': 1, 'ngram_range': (1, 1), 'norm': 'l2', 'preprocessor': None, 'smooth_idf': True, 'stop_words': None, 'strip_accents': None, 'sublinear_tf': False, 'token_pattern': '(?u)\\b\\w\\w+\\b', 'tokenizer': None, 'use_idf': True, 'vocabulary': None};lr;OrderedDict([('C', 10.0), ('max_iter', 100)]);tf-idf;{'analyzer': 'word', 'binary': False, 'decode_error': 'strict', 'dtype': <class 'numpy.float64'>, 'encoding': 'utf-8', 'input': 'content', 'lowercase': True, 'max_df': 1.0, 'max_features': None, 'min_df': 1, 'ngram_range': (1, 1), 'norm': 'l2', 'preprocessor': None, 'smooth_idf': True, 'stop_words': None, 'strip_accents': None, 'sublinear_tf': False, 'token_pattern': '(?u)\\b\\w\\w+\\b', 'tokenizer': None, 'use_idf': True, 'vocabulary': None};lr;OrderedDict([('C', 9.98934919552045), ('max_iter', 131)]);;;;;;;;;;;;;;;;;;;;;
128;tf-idf;{'analyzer': 'word', 'binary': False, 'decode_error': 'strict', 'dtype': <class 'numpy.float64'>, 'encoding': 'utf-8', 'input': 'content', 'lowercase': True, 'max_df': 1.0, 'max_features': None, 'min_df': 1, 'ngram_range': (1, 1), 'norm': 'l2', 'preprocessor': None, 'smooth_idf': True, 'stop_words': None, 'strip_accents': None, 'sublinear_tf': False, 'token_pattern': '(?u)\\b\\w\\w+\\b', 'tokenizer': None, 'use_idf': True, 'vocabulary': None};lr;OrderedDict([('C', 9.962379886176365), ('max_iter', 871)]);bow;{'analyzer': 'word', 'binary': True, 'decode_error': 'strict', 'dtype': <class 'numpy.int64'>, 'encoding': 'utf-8', 'input': 'content', 'lowercase': True, 'max_df': 0.8, 'max_features': 5000, 'min_df': 1, 'ngram_range': (1, 3), 'preprocessor': None, 'stop_words': None, 'strip_accents': None, 'token_pattern': '(?u)\\b\\w\\w+\\b', 'tokenizer': None, 'vocabulary': None};lr;OrderedDict([('C', 3.028504216169912), ('max_iter', 100)]);;;;;;;;;;;;;;;;;;;;;
129;bow;{'analyzer': 'word', 'binary': True, 'decode_error': 'strict', 'dtype': <class 'numpy.int64'>, 'encoding': 'utf-8', 'input': 'content', 'lowercase': True, 'max_df': 0.8, 'max_features': 5000, 'min_df': 1, 'ngram_range': (1, 3), 'preprocessor': None, 'stop_words': None, 'strip_accents': None, 'token_pattern': '(?u)\\b\\w\\w+\\b', 'tokenizer': None, 'vocabulary': None};nb;OrderedDict([('alpha', 4.0143782488919735), ('fit_prior', True)]);bow;{'analyzer': 'word', 'binary': True, 'decode_error': 'strict', 'dtype': <class 'numpy.int64'>, 'encoding': 'utf-8', 'input': 'content', 'lowercase': True, 'max_df': 0.8, 'max_features': 5000, 'min_df': 1, 'ngram_range': (1, 3), 'preprocessor': None, 'stop_words': None, 'strip_accents': None, 'token_pattern': '(?u)\\b\\w\\w+\\b', 'tokenizer': None, 'vocabulary': None};nb;OrderedDict([('alpha', 1.6224934570718763), ('fit_prior', True)]);;;;;;;;;;;;;;;;;;;;;
130;tf-idf;{'analyzer': 'word', 'binary': False, 'decode_error': 'strict', 'dtype': <class 'numpy.float64'>, 'encoding': 'utf-8', 'input': 'content', 'lowercase': True, 'max_df': 1.0, 'max_features': None, 'min_df': 1, 'ngram_range': (1, 1), 'norm': 'l2', 'preprocessor': None, 'smooth_idf': True, 'stop_words': None, 'strip_accents': None, 'sublinear_tf': False, 'token_pattern': '(?u)\\b\\w\\w+\\b', 'tokenizer': None, 'use_idf': True, 'vocabulary': None};lr;OrderedDict([('C', 10.0), ('max_iter', 100)]);bow;{'analyzer': 'word', 'binary': True, 'decode_error': 'strict', 'dtype': <class 'numpy.int64'>, 'encoding': 'utf-8', 'input': 'content', 'lowercase': True, 'max_df': 0.8, 'max_features': 5000, 'min_df': 10, 'ngram_range': (1, 3), 'preprocessor': None, 'stop_words': None, 'strip_accents': None, 'token_pattern': '(?u)\\b\\w\\w+\\b', 'tokenizer': None, 'vocabulary': None};lr;OrderedDict([('C', 3.4077673812551574), ('max_iter', 998)]);;;;;;;;;;;;;;;;;;;;;
131;tf-idf;{'analyzer': 'word', 'binary': False, 'decode_error': 'strict', 'dtype': <class 'numpy.float64'>, 'encoding': 'utf-8', 'input': 'content', 'lowercase': True, 'max_df': 1.0, 'max_features': None, 'min_df': 1, 'ngram_range': (1, 1), 'norm': 'l2', 'preprocessor': None, 'smooth_idf': True, 'stop_words': None, 'strip_accents': None, 'sublinear_tf': False, 'token_pattern': '(?u)\\b\\w\\w+\\b', 'tokenizer': None, 'use_idf': True, 'vocabulary': None};lr;OrderedDict([('C', 8.241943147335359), ('max_iter', 1000)]);bow;{'analyzer': 'word', 'binary': True, 'decode_error': 'strict', 'dtype': <class 'numpy.int64'>, 'encoding': 'utf-8', 'input': 'content', 'lowercase': True, 'max_df': 0.8, 'max_features': 5000, 'min_df': 10, 'ngram_range': (1, 3), 'preprocessor': None, 'stop_words': None, 'strip_accents': None, 'token_pattern': '(?u)\\b\\w\\w+\\b', 'tokenizer': None, 'vocabulary': None};lr;OrderedDict([('C', 1.1099529963292785), ('max_iter', 100)]);;;;;;;;;;;;;;;;;;;;;
132;tf-idf;{'analyzer': 'word', 'binary': False, 'decode_error': 'strict', 'dtype': <class 'numpy.float64'>, 'encoding': 'utf-8', 'input': 'content', 'lowercase': True, 'max_df': 1.0, 'max_features': None, 'min_df': 1, 'ngram_range': (1, 1), 'norm': 'l2', 'preprocessor': None, 'smooth_idf': True, 'stop_words': None, 'strip_accents': None, 'sublinear_tf': False, 'token_pattern': '(?u)\\b\\w\\w+\\b', 'tokenizer': None, 'use_idf': True, 'vocabulary': None};lr;OrderedDict([('C', 10.0), ('max_iter', 1000)]);bow;{'analyzer': 'word', 'binary': True, 'decode_error': 'strict', 'dtype': <class 'numpy.int64'>, 'encoding': 'utf-8', 'input': 'content', 'lowercase': True, 'max_df': 0.8, 'max_features': 5000, 'min_df': 1, 'ngram_range': (1, 3), 'preprocessor': None, 'stop_words': None, 'strip_accents': None, 'token_pattern': '(?u)\\b\\w\\w+\\b', 'tokenizer': None, 'vocabulary': None};lr;OrderedDict([('C', 3.100044678907005), ('max_iter', 107)]);;;;;;;;;;;;;;;;;;;;;
133;bow;{'analyzer': 'word', 'binary': True, 'decode_error': 'strict', 'dtype': <class 'numpy.int64'>, 'encoding': 'utf-8', 'input': 'content', 'lowercase': True, 'max_df': 0.8, 'max_features': 5000, 'min_df': 1, 'ngram_range': (1, 3), 'preprocessor': None, 'stop_words': None, 'strip_accents': None, 'token_pattern': '(?u)\\b\\w\\w+\\b', 'tokenizer': None, 'vocabulary': None};lr;OrderedDict([('C', 2.0604096738886266), ('max_iter', 462)]);bow;{'analyzer': 'word', 'binary': True, 'decode_error': 'strict', 'dtype': <class 'numpy.int64'>, 'encoding': 'utf-8', 'input': 'content', 'lowercase': True, 'max_df': 0.8, 'max_features': 5000, 'min_df': 1, 'ngram_range': (1, 3), 'preprocessor': None, 'stop_words': None, 'strip_accents': None, 'token_pattern': '(?u)\\b\\w\\w+\\b', 'tokenizer': None, 'vocabulary': None};lr;OrderedDict([('C', 2.242027445593631), ('max_iter', 995)]);;;;;;;;;;;;;;;;;;;;;
134;tf-idf;{'analyzer': 'word', 'binary': False, 'decode_error': 'strict', 'dtype': <class 'numpy.float64'>, 'encoding': 'utf-8', 'input': 'content', 'lowercase': True, 'max_df': 1.0, 'max_features': None, 'min_df': 1, 'ngram_range': (1, 1), 'norm': 'l2', 'preprocessor': None, 'smooth_idf': True, 'stop_words': None, 'strip_accents': None, 'sublinear_tf': False, 'token_pattern': '(?u)\\b\\w\\w+\\b', 'tokenizer': None, 'use_idf': True, 'vocabulary': None};lr;OrderedDict([('C', 8.551833552393564), ('max_iter', 142)]);tf-idf;{'analyzer': 'word', 'binary': False, 'decode_error': 'strict', 'dtype': <class 'numpy.float64'>, 'encoding': 'utf-8', 'input': 'content', 'lowercase': True, 'max_df': 1.0, 'max_features': None, 'min_df': 1, 'ngram_range': (1, 1), 'norm': 'l2', 'preprocessor': None, 'smooth_idf': True, 'stop_words': None, 'strip_accents': None, 'sublinear_tf': False, 'token_pattern': '(?u)\\b\\w\\w+\\b', 'tokenizer': None, 'use_idf': True, 'vocabulary': None};lr;OrderedDict([('C', 8.695828463933548), ('max_iter', 997)]);;;;;;;;;;;;;;;;;;;;;
135;tf-idf;{'analyzer': 'word', 'binary': False, 'decode_error': 'strict', 'dtype': <class 'numpy.float64'>, 'encoding': 'utf-8', 'input': 'content', 'lowercase': True, 'max_df': 0.8, 'max_features': 5000, 'min_df': 1, 'ngram_range': (1, 3), 'norm': 'l1', 'preprocessor': None, 'smooth_idf': True, 'stop_words': None, 'strip_accents': None, 'sublinear_tf': False, 'token_pattern': '(?u)\\b\\w\\w+\\b', 'tokenizer': None, 'use_idf': True, 'vocabulary': None};lr;OrderedDict([('C', 10.0), ('max_iter', 100)]);bow;{'analyzer': 'word', 'binary': True, 'decode_error': 'strict', 'dtype': <class 'numpy.int64'>, 'encoding': 'utf-8', 'input': 'content', 'lowercase': True, 'max_df': 0.8, 'max_features': 5000, 'min_df': 1, 'ngram_range': (1, 3), 'preprocessor': None, 'stop_words': None, 'strip_accents': None, 'token_pattern': '(?u)\\b\\w\\w+\\b', 'tokenizer': None, 'vocabulary': None};lr;OrderedDict([('C', 0.7006269085086066), ('max_iter', 100)]);;;;;;;;;;;;;;;;;;;;;
136;bow;{'analyzer': 'word', 'binary': True, 'decode_error': 'strict', 'dtype': <class 'numpy.int64'>, 'encoding': 'utf-8', 'input': 'content', 'lowercase': True, 'max_df': 0.8, 'max_features': 5000, 'min_df': 1, 'ngram_range': (1, 3), 'preprocessor': None, 'stop_words': None, 'strip_accents': None, 'token_pattern': '(?u)\\b\\w\\w+\\b', 'tokenizer': None, 'vocabulary': None};nb;OrderedDict([('alpha', 7.610796269919753), ('fit_prior', True)]);tf-idf;{'analyzer': 'word', 'binary': False, 'decode_error': 'strict', 'dtype': <class 'numpy.float64'>, 'encoding': 'utf-8', 'input': 'content', 'lowercase': True, 'max_df': 0.8, 'max_features': 5000, 'min_df': 1, 'ngram_range': (1, 3), 'norm': 'l1', 'preprocessor': None, 'smooth_idf': True, 'stop_words': None, 'strip_accents': None, 'sublinear_tf': False, 'token_pattern': '(?u)\\b\\w\\w+\\b', 'tokenizer': None, 'use_idf': True, 'vocabulary': None};lr;OrderedDict([('C', 9.950033474714676), ('max_iter', 991)]);;;;;;;;;;;;;;;;;;;;;
137;tf-idf;{'analyzer': 'word', 'binary': False, 'decode_error': 'strict', 'dtype': <class 'numpy.float64'>, 'encoding': 'utf-8', 'input': 'content', 'lowercase': True, 'max_df': 0.8, 'max_features': 5000, 'min_df': 1, 'ngram_range': (1, 3), 'norm': 'l1', 'preprocessor': None, 'smooth_idf': True, 'stop_words': None, 'strip_accents': None, 'sublinear_tf': False, 'token_pattern': '(?u)\\b\\w\\w+\\b', 'tokenizer': None, 'use_idf': True, 'vocabulary': None};lr;OrderedDict([('C', 10.0), ('max_iter', 1000)]);bow;{'analyzer': 'word', 'binary': True, 'decode_error': 'strict', 'dtype': <class 'numpy.int64'>, 'encoding': 'utf-8', 'input': 'content', 'lowercase': True, 'max_df': 0.8, 'max_features': 5000, 'min_df': 1, 'ngram_range': (1, 3), 'preprocessor': None, 'stop_words': None, 'strip_accents': None, 'token_pattern': '(?u)\\b\\w\\w+\\b', 'tokenizer': None, 'vocabulary': None};lr;OrderedDict([('C', 0.6073739142954263), ('max_iter', 999)]);;;;;;;;;;;;;;;;;;;;;
138;bow;{'analyzer': 'word', 'binary': True, 'decode_error': 'strict', 'dtype': <class 'numpy.int64'>, 'encoding': 'utf-8', 'input': 'content', 'lowercase': True, 'max_df': 0.8, 'max_features': 5000, 'min_df': 10, 'ngram_range': (1, 3), 'preprocessor': None, 'stop_words': None, 'strip_accents': None, 'token_pattern': '(?u)\\b\\w\\w+\\b', 'tokenizer': None, 'vocabulary': None};knn;OrderedDict([('leaf_size', 39), ('n_neighbors', 47)]);bow;{'analyzer': 'word', 'binary': True, 'decode_error': 'strict', 'dtype': <class 'numpy.int64'>, 'encoding': 'utf-8', 'input': 'content', 'lowercase': True, 'max_df': 0.8, 'max_features': 5000, 'min_df': 10, 'ngram_range': (1, 3), 'preprocessor': None, 'stop_words': None, 'strip_accents': None, 'token_pattern': '(?u)\\b\\w\\w+\\b', 'tokenizer': None, 'vocabulary': None};nb;OrderedDict([('alpha', 1.1573813693916273), ('fit_prior', False)]);;;;;;;;;;;;;;;;;;;;;
139;bow;{'analyzer': 'word', 'binary': True, 'decode_error': 'strict', 'dtype': <class 'numpy.int64'>, 'encoding': 'utf-8', 'input': 'content', 'lowercase': True, 'max_df': 0.8, 'max_features': 5000, 'min_df': 10, 'ngram_range': (1, 3), 'preprocessor': None, 'stop_words': None, 'strip_accents': None, 'token_pattern': '(?u)\\b\\w\\w+\\b', 'tokenizer': None, 'vocabulary': None};lr;OrderedDict([('C', 4.6236609092516305), ('max_iter', 991)]);bow;{'analyzer': 'word', 'binary': True, 'decode_error': 'strict', 'dtype': <class 'numpy.int64'>, 'encoding': 'utf-8', 'input': 'content', 'lowercase': True, 'max_df': 0.8, 'max_features': 5000, 'min_df': 10, 'ngram_range': (1, 3), 'preprocessor': None, 'stop_words': None, 'strip_accents': None, 'token_pattern': '(?u)\\b\\w\\w+\\b', 'tokenizer': None, 'vocabulary': None};lr;OrderedDict([('C', 5.350543215596473), ('max_iter', 100)]);;;;;;;;;;;;;;;;;;;;;
140;tf-idf;{'analyzer': 'word', 'binary': False, 'decode_error': 'strict', 'dtype': <class 'numpy.float64'>, 'encoding': 'utf-8', 'input': 'content', 'lowercase': True, 'max_df': 1.0, 'max_features': None, 'min_df': 1, 'ngram_range': (1, 1), 'norm': 'l2', 'preprocessor': None, 'smooth_idf': True, 'stop_words': None, 'strip_accents': None, 'sublinear_tf': False, 'token_pattern': '(?u)\\b\\w\\w+\\b', 'tokenizer': None, 'use_idf': True, 'vocabulary': None};nb;OrderedDict([('alpha', 1.0609217405662883), ('fit_prior', False)]);tf-idf;{'analyzer': 'word', 'binary': False, 'decode_error': 'strict', 'dtype': <class 'numpy.float64'>, 'encoding': 'utf-8', 'input': 'content', 'lowercase': True, 'max_df': 1.0, 'max_features': None, 'min_df': 1, 'ngram_range': (1, 1), 'norm': 'l2', 'preprocessor': None, 'smooth_idf': True, 'stop_words': None, 'strip_accents': None, 'sublinear_tf': False, 'token_pattern': '(?u)\\b\\w\\w+\\b', 'tokenizer': None, 'use_idf': True, 'vocabulary': None};nb;OrderedDict([('alpha', 1.0607381259319024), ('fit_prior', True)]);;;;;;;;;;;;;;;;;;;;;
141;tf-idf;{'analyzer': 'word', 'binary': False, 'decode_error': 'strict', 'dtype': <class 'numpy.float64'>, 'encoding': 'utf-8', 'input': 'content', 'lowercase': True, 'max_df': 1.0, 'max_features': None, 'min_df': 1, 'ngram_range': (1, 1), 'norm': 'l2', 'preprocessor': None, 'smooth_idf': True, 'stop_words': None, 'strip_accents': None, 'sublinear_tf': False, 'token_pattern': '(?u)\\b\\w\\w+\\b', 'tokenizer': None, 'use_idf': True, 'vocabulary': None};lr;OrderedDict([('C', 8.164596236577763), ('max_iter', 100)]);tf-idf;{'analyzer': 'word', 'binary': False, 'decode_error': 'strict', 'dtype': <class 'numpy.float64'>, 'encoding': 'utf-8', 'input': 'content', 'lowercase': True, 'max_df': 1.0, 'max_features': None, 'min_df': 1, 'ngram_range': (1, 1), 'norm': 'l2', 'preprocessor': None, 'smooth_idf': True, 'stop_words': None, 'strip_accents': None, 'sublinear_tf': False, 'token_pattern': '(?u)\\b\\w\\w+\\b', 'tokenizer': None, 'use_idf': True, 'vocabulary': None};lr;OrderedDict([('C', 6.8691918641050345), ('max_iter', 100)]);;;;;;;;;;;;;;;;;;;;;
142;bow;{'analyzer': 'word', 'binary': True, 'decode_error': 'strict', 'dtype': <class 'numpy.int64'>, 'encoding': 'utf-8', 'input': 'content', 'lowercase': True, 'max_df': 0.8, 'max_features': 5000, 'min_df': 1, 'ngram_range': (1, 3), 'preprocessor': None, 'stop_words': None, 'strip_accents': None, 'token_pattern': '(?u)\\b\\w\\w+\\b', 'tokenizer': None, 'vocabulary': None};nb;OrderedDict([('alpha', 1.5783879853890563), ('fit_prior', True)]);bow;{'analyzer': 'word', 'binary': True, 'decode_error': 'strict', 'dtype': <class 'numpy.int64'>, 'encoding': 'utf-8', 'input': 'content', 'lowercase': True, 'max_df': 0.8, 'max_features': 5000, 'min_df': 1, 'ngram_range': (1, 3), 'preprocessor': None, 'stop_words': None, 'strip_accents': None, 'token_pattern': '(?u)\\b\\w\\w+\\b', 'tokenizer': None, 'vocabulary': None};nb;OrderedDict([('alpha', 1.610043007422499), ('fit_prior', False)]);;;;;;;;;;;;;;;;;;;;;
143;bow;{'analyzer': 'word', 'binary': True, 'decode_error': 'strict', 'dtype': <class 'numpy.int64'>, 'encoding': 'utf-8', 'input': 'content', 'lowercase': True, 'max_df': 0.8, 'max_features': 5000, 'min_df': 10, 'ngram_range': (1, 3), 'preprocessor': None, 'stop_words': None, 'strip_accents': None, 'token_pattern': '(?u)\\b\\w\\w+\\b', 'tokenizer': None, 'vocabulary': None};lr;OrderedDict([('C', 0.19499793088181833), ('max_iter', 100)]);bow;{'analyzer': 'word', 'binary': True, 'decode_error': 'strict', 'dtype': <class 'numpy.int64'>, 'encoding': 'utf-8', 'input': 'content', 'lowercase': True, 'max_df': 0.8, 'max_features': 5000, 'min_df': 10, 'ngram_range': (1, 3), 'preprocessor': None, 'stop_words': None, 'strip_accents': None, 'token_pattern': '(?u)\\b\\w\\w+\\b', 'tokenizer': None, 'vocabulary': None};lr;OrderedDict([('C', 0.19736951367657413), ('max_iter', 1000)]);;;;;;;;;;;;;;;;;;;;;
144;bow;{'analyzer': 'word', 'binary': True, 'decode_error': 'strict', 'dtype': <class 'numpy.int64'>, 'encoding': 'utf-8', 'input': 'content', 'lowercase': True, 'max_df': 0.8, 'max_features': 5000, 'min_df': 1, 'ngram_range': (1, 3), 'preprocessor': None, 'stop_words': None, 'strip_accents': None, 'token_pattern': '(?u)\\b\\w\\w+\\b', 'tokenizer': None, 'vocabulary': None};lr;OrderedDict([('C', 0.09595458793204115), ('max_iter', 100)]);bow;{'analyzer': 'word', 'binary': True, 'decode_error': 'strict', 'dtype': <class 'numpy.int64'>, 'encoding': 'utf-8', 'input': 'content', 'lowercase': True, 'max_df': 0.8, 'max_features': 5000, 'min_df': 1, 'ngram_range': (1, 3), 'preprocessor': None, 'stop_words': None, 'strip_accents': None, 'token_pattern': '(?u)\\b\\w\\w+\\b', 'tokenizer': None, 'vocabulary': None};nb;OrderedDict([('alpha', 4.159507294222769), ('fit_prior', False)]);;;;;;;;;;;;;;;;;;;;;
145;bow;{'analyzer': 'word', 'binary': True, 'decode_error': 'strict', 'dtype': <class 'numpy.int64'>, 'encoding': 'utf-8', 'input': 'content', 'lowercase': True, 'max_df': 0.8, 'max_features': 5000, 'min_df': 1, 'ngram_range': (1, 3), 'preprocessor': None, 'stop_words': None, 'strip_accents': None, 'token_pattern': '(?u)\\b\\w\\w+\\b', 'tokenizer': None, 'vocabulary': None};lr;OrderedDict([('C', 9.962379886176365), ('max_iter', 871)]);tf-idf;{'analyzer': 'word', 'binary': False, 'decode_error': 'strict', 'dtype': <class 'numpy.float64'>, 'encoding': 'utf-8', 'input': 'content', 'lowercase': True, 'max_df': 0.8, 'max_features': 5000, 'min_df': 1, 'ngram_range': (1, 3), 'norm': 'l1', 'preprocessor': None, 'smooth_idf': True, 'stop_words': None, 'strip_accents': None, 'sublinear_tf': False, 'token_pattern': '(?u)\\b\\w\\w+\\b', 'tokenizer': None, 'use_idf': True, 'vocabulary': None};svm;OrderedDict([('C', 10.0), ('degree', 4), ('gamma', 4.12132238197469)]);;;;;;;;;;;;;;;;;;;;;
146;bow;{'analyzer': 'word', 'binary': True, 'decode_error': 'strict', 'dtype': <class 'numpy.int64'>, 'encoding': 'utf-8', 'input': 'content', 'lowercase': True, 'max_df': 0.8, 'max_features': 5000, 'min_df': 1, 'ngram_range': (1, 3), 'preprocessor': None, 'stop_words': None, 'strip_accents': None, 'token_pattern': '(?u)\\b\\w\\w+\\b', 'tokenizer': None, 'vocabulary': None};lr;OrderedDict([('C', 4.124317985977439), ('max_iter', 1000)]);bow;{'analyzer': 'word', 'binary': True, 'decode_error': 'strict', 'dtype': <class 'numpy.int64'>, 'encoding': 'utf-8', 'input': 'content', 'lowercase': True, 'max_df': 0.8, 'max_features': 5000, 'min_df': 1, 'ngram_range': (1, 3), 'preprocessor': None, 'stop_words': None, 'strip_accents': None, 'token_pattern': '(?u)\\b\\w\\w+\\b', 'tokenizer': None, 'vocabulary': None};lr;OrderedDict([('C', 4.468509355206265), ('max_iter', 995)]);;;;;;;;;;;;;;;;;;;;;
147;bow;{'analyzer': 'word', 'binary': True, 'decode_error': 'strict', 'dtype': <class 'numpy.int64'>, 'encoding': 'utf-8', 'input': 'content', 'lowercase': True, 'max_df': 0.8, 'max_features': 5000, 'min_df': 1, 'ngram_range': (1, 3), 'preprocessor': None, 'stop_words': None, 'strip_accents': None, 'token_pattern': '(?u)\\b\\w\\w+\\b', 'tokenizer': None, 'vocabulary': None};lr;OrderedDict([('C', 4.287907271813932), ('max_iter', 1000)]);bow;{'analyzer': 'word', 'binary': True, 'decode_error': 'strict', 'dtype': <class 'numpy.int64'>, 'encoding': 'utf-8', 'input': 'content', 'lowercase': True, 'max_df': 0.8, 'max_features': 5000, 'min_df': 1, 'ngram_range': (1, 3), 'preprocessor': None, 'stop_words': None, 'strip_accents': None, 'token_pattern': '(?u)\\b\\w\\w+\\b', 'tokenizer': None, 'vocabulary': None};svm;OrderedDict([('C', 10.0), ('degree', 4), ('gamma', 0.013458596681734844)]);;;;;;;;;;;;;;;;;;;;;
148;tf-idf;{'analyzer': 'word', 'binary': False, 'decode_error': 'strict', 'dtype': <class 'numpy.float64'>, 'encoding': 'utf-8', 'input': 'content', 'lowercase': True, 'max_df': 0.8, 'max_features': 5000, 'min_df': 1, 'ngram_range': (1, 2), 'norm': 'l1', 'preprocessor': None, 'smooth_idf': True, 'stop_words': None, 'strip_accents': None, 'sublinear_tf': False, 'token_pattern': '(?u)\\b\\w\\w+\\b', 'tokenizer': None, 'use_idf': True, 'vocabulary': None};svm;OrderedDict([('C', 3.0163584992327275), ('degree', 4), ('gamma', 2.6609157697768446)]);tf-idf;{'analyzer': 'word', 'binary': False, 'decode_error': 'strict', 'dtype': <class 'numpy.float64'>, 'encoding': 'utf-8', 'input': 'content', 'lowercase': True, 'max_df': 0.8, 'max_features': 5000, 'min_df': 1, 'ngram_range': (1, 2), 'norm': 'l1', 'preprocessor': None, 'smooth_idf': True, 'stop_words': None, 'strip_accents': None, 'sublinear_tf': False, 'token_pattern': '(?u)\\b\\w\\w+\\b', 'tokenizer': None, 'use_idf': True, 'vocabulary': None};svm;OrderedDict([('C', 2.7995990142865015), ('degree', 4), ('gamma', 3.3021969849121433)]);;;;;;;;;;;;;;;;;;;;;
149;bow;{'analyzer': 'word', 'binary': True, 'decode_error': 'strict', 'dtype': <class 'numpy.int64'>, 'encoding': 'utf-8', 'input': 'content', 'lowercase': True, 'max_df': 0.8, 'max_features': 5000, 'min_df': 10, 'ngram_range': (1, 3), 'preprocessor': None, 'stop_words': None, 'strip_accents': None, 'token_pattern': '(?u)\\b\\w\\w+\\b', 'tokenizer': None, 'vocabulary': None};lr;OrderedDict([('C', 0.026318982151095908), ('max_iter', 100)]);bow;{'analyzer': 'word', 'binary': True, 'decode_error': 'strict', 'dtype': <class 'numpy.int64'>, 'encoding': 'utf-8', 'input': 'content', 'lowercase': True, 'max_df': 0.8, 'max_features': 5000, 'min_df': 10, 'ngram_range': (1, 3), 'preprocessor': None, 'stop_words': None, 'strip_accents': None, 'token_pattern': '(?u)\\b\\w\\w+\\b', 'tokenizer': None, 'vocabulary': None};nb;OrderedDict([('alpha', 0.48311020253871806), ('fit_prior', False)]);;;;;;;;;;;;;;;;;;;;;
150;bow;{'analyzer': 'word', 'binary': True, 'decode_error': 'strict', 'dtype': <class 'numpy.int64'>, 'encoding': 'utf-8', 'input': 'content', 'lowercase': True, 'max_df': 0.8, 'max_features': 5000, 'min_df': 1, 'ngram_range': (1, 3), 'preprocessor': None, 'stop_words': None, 'strip_accents': None, 'token_pattern': '(?u)\\b\\w\\w+\\b', 'tokenizer': None, 'vocabulary': None};lr;OrderedDict([('C', 0.21614086452934056), ('max_iter', 1000)]);bow;{'analyzer': 'word', 'binary': True, 'decode_error': 'strict', 'dtype': <class 'numpy.int64'>, 'encoding': 'utf-8', 'input': 'content', 'lowercase': True, 'max_df': 0.8, 'max_features': 5000, 'min_df': 1, 'ngram_range': (1, 3), 'preprocessor': None, 'stop_words': None, 'strip_accents': None, 'token_pattern': '(?u)\\b\\w\\w+\\b', 'tokenizer': None, 'vocabulary': None};lr;OrderedDict([('C', 0.54069899545236), ('max_iter', 1000)]);;;;;;;;;;;;;;;;;;;;;
151;bow;{'analyzer': 'word', 'binary': True, 'decode_error': 'strict', 'dtype': <class 'numpy.int64'>, 'encoding': 'utf-8', 'input': 'content', 'lowercase': True, 'max_df': 0.8, 'max_features': 5000, 'min_df': 1, 'ngram_range': (1, 2), 'preprocessor': None, 'stop_words': None, 'strip_accents': None, 'token_pattern': '(?u)\\b\\w\\w+\\b', 'tokenizer': None, 'vocabulary': None};lr;OrderedDict([('C', 0.29397976202716886), ('max_iter', 798)]);bow;{'analyzer': 'word', 'binary': True, 'decode_error': 'strict', 'dtype': <class 'numpy.int64'>, 'encoding': 'utf-8', 'input': 'content', 'lowercase': True, 'max_df': 0.8, 'max_features': 5000, 'min_df': 1, 'ngram_range': (1, 2), 'preprocessor': None, 'stop_words': None, 'strip_accents': None, 'token_pattern': '(?u)\\b\\w\\w+\\b', 'tokenizer': None, 'vocabulary': None};nb;OrderedDict([('alpha', 0.8632012725909878), ('fit_prior', False)]);;;;;;;;;;;;;;;;;;;;;
152;bow;{'analyzer': 'word', 'binary': True, 'decode_error': 'strict', 'dtype': <class 'numpy.int64'>, 'encoding': 'utf-8', 'input': 'content', 'lowercase': True, 'max_df': 0.8, 'max_features': 5000, 'min_df': 1, 'ngram_range': (1, 2), 'preprocessor': None, 'stop_words': None, 'strip_accents': None, 'token_pattern': '(?u)\\b\\w\\w+\\b', 'tokenizer': None, 'vocabulary': None};nb;OrderedDict([('alpha', 8.429179967275271), ('fit_prior', False)]);tf-idf;{'analyzer': 'word', 'binary': False, 'decode_error': 'strict', 'dtype': <class 'numpy.float64'>, 'encoding': 'utf-8', 'input': 'content', 'lowercase': True, 'max_df': 0.8, 'max_features': 5000, 'min_df': 1, 'ngram_range': (1, 2), 'norm': 'l1', 'preprocessor': None, 'smooth_idf': True, 'stop_words': None, 'strip_accents': None, 'sublinear_tf': False, 'token_pattern': '(?u)\\b\\w\\w+\\b', 'tokenizer': None, 'use_idf': True, 'vocabulary': None};svm;OrderedDict([('C', 7.478053212889178), ('degree', 2), ('gamma', 4.084831225246809)]);;;;;;;;;;;;;;;;;;;;;
153;word2vec;{'hs': 1, 'min_count': 10, 'sg': 0, 'vector_size': 5000, 'window': 7, 'workers': 1};rf;OrderedDict([('max_depth', 26), ('max_features', 'sqrt'), ('min_samples_leaf', 5), ('min_samples_split', 5), ('n_estimators', 200)]);bow;{'analyzer': 'word', 'binary': True, 'decode_error': 'strict', 'dtype': <class 'numpy.int64'>, 'encoding': 'utf-8', 'input': 'content', 'lowercase': True, 'max_df': 0.8, 'max_features': 5000, 'min_df': 10, 'ngram_range': (1, 3), 'preprocessor': None, 'stop_words': None, 'strip_accents': None, 'token_pattern': '(?u)\\b\\w\\w+\\b', 'tokenizer': None, 'vocabulary': None};lr;OrderedDict([('C', 0.3832012871271981), ('max_iter', 100)]);;;;;;;;;;;;;;;;;;;;;
154;bow;{'analyzer': 'word', 'binary': True, 'decode_error': 'strict', 'dtype': <class 'numpy.int64'>, 'encoding': 'utf-8', 'input': 'content', 'lowercase': True, 'max_df': 0.8, 'max_features': 5000, 'min_df': 10, 'ngram_range': (1, 3), 'preprocessor': None, 'stop_words': None, 'strip_accents': None, 'token_pattern': '(?u)\\b\\w\\w+\\b', 'tokenizer': None, 'vocabulary': None};lr;OrderedDict([('C', 3.7425614218754792), ('max_iter', 100)]);word2vec;{'hs': 1, 'min_count': 10, 'sg': 0, 'vector_size': 1000, 'window': 7, 'workers': 1};rf;OrderedDict([('max_depth', 41), ('max_features', 'sqrt'), ('min_samples_leaf', 3), ('min_samples_split', 4), ('n_estimators', 186)]);;;;;;;;;;;;;;;;;;;;;
155;bow;{'analyzer': 'word', 'binary': True, 'decode_error': 'strict', 'dtype': <class 'numpy.int64'>, 'encoding': 'utf-8', 'input': 'content', 'lowercase': True, 'max_df': 0.8, 'max_features': 5000, 'min_df': 10, 'ngram_range': (1, 3), 'preprocessor': None, 'stop_words': None, 'strip_accents': None, 'token_pattern': '(?u)\\b\\w\\w+\\b', 'tokenizer': None, 'vocabulary': None};lr;OrderedDict([('C', 0.03999638245516266), ('max_iter', 100)]);bow;{'analyzer': 'word', 'binary': True, 'decode_error': 'strict', 'dtype': <class 'numpy.int64'>, 'encoding': 'utf-8', 'input': 'content', 'lowercase': True, 'max_df': 0.8, 'max_features': 5000, 'min_df': 10, 'ngram_range': (1, 3), 'preprocessor': None, 'stop_words': None, 'strip_accents': None, 'token_pattern': '(?u)\\b\\w\\w+\\b', 'tokenizer': None, 'vocabulary': None};nb;OrderedDict([('alpha', 0.10354220844764171), ('fit_prior', True)]);;;;;;;;;;;;;;;;;;;;;
156;bow;{'analyzer': 'word', 'binary': True, 'decode_error': 'strict', 'dtype': <class 'numpy.int64'>, 'encoding': 'utf-8', 'input': 'content', 'lowercase': True, 'max_df': 0.8, 'max_features': 5000, 'min_df': 1, 'ngram_range': (1, 3), 'preprocessor': None, 'stop_words': None, 'strip_accents': None, 'token_pattern': '(?u)\\b\\w\\w+\\b', 'tokenizer': None, 'vocabulary': None};lr;OrderedDict([('C', 0.22016650543904848), ('max_iter', 110)]);bow;{'analyzer': 'word', 'binary': True, 'decode_error': 'strict', 'dtype': <class 'numpy.int64'>, 'encoding': 'utf-8', 'input': 'content', 'lowercase': True, 'max_df': 0.8, 'max_features': 5000, 'min_df': 1, 'ngram_range': (1, 3), 'preprocessor': None, 'stop_words': None, 'strip_accents': None, 'token_pattern': '(?u)\\b\\w\\w+\\b', 'tokenizer': None, 'vocabulary': None};nb;OrderedDict([('alpha', 1.5783879853890563), ('fit_prior', True)]);;;;;;;;;;;;;;;;;;;;;
157;bow;{'analyzer': 'word', 'binary': True, 'decode_error': 'strict', 'dtype': <class 'numpy.int64'>, 'encoding': 'utf-8', 'input': 'content', 'lowercase': True, 'max_df': 0.8, 'max_features': 5000, 'min_df': 1, 'ngram_range': (1, 3), 'preprocessor': None, 'stop_words': None, 'strip_accents': None, 'token_pattern': '(?u)\\b\\w\\w+\\b', 'tokenizer': None, 'vocabulary': None};lr;OrderedDict([('C', 0.3690246486882476), ('max_iter', 100)]);bow;{'analyzer': 'word', 'binary': True, 'decode_error': 'strict', 'dtype': <class 'numpy.int64'>, 'encoding': 'utf-8', 'input': 'content', 'lowercase': True, 'max_df': 0.8, 'max_features': 5000, 'min_df': 1, 'ngram_range': (1, 3), 'preprocessor': None, 'stop_words': None, 'strip_accents': None, 'token_pattern': '(?u)\\b\\w\\w+\\b', 'tokenizer': None, 'vocabulary': None};nb;OrderedDict([('alpha', 0.6658979037860507), ('fit_prior', True)]);;;;;;;;;;;;;;;;;;;;;
158;tf-idf;{'analyzer': 'word', 'binary': False, 'decode_error': 'strict', 'dtype': <class 'numpy.float64'>, 'encoding': 'utf-8', 'input': 'content', 'lowercase': True, 'max_df': 1.0, 'max_features': None, 'min_df': 1, 'ngram_range': (1, 1), 'norm': 'l2', 'preprocessor': None, 'smooth_idf': True, 'stop_words': None, 'strip_accents': None, 'sublinear_tf': False, 'token_pattern': '(?u)\\b\\w\\w+\\b', 'tokenizer': None, 'use_idf': True, 'vocabulary': None};lr;OrderedDict([('C', 9.747268661665732), ('max_iter', 996)]);tf-idf;{'analyzer': 'word', 'binary': False, 'decode_error': 'strict', 'dtype': <class 'numpy.float64'>, 'encoding': 'utf-8', 'input': 'content', 'lowercase': True, 'max_df': 1.0, 'max_features': None, 'min_df': 1, 'ngram_range': (1, 1), 'norm': 'l2', 'preprocessor': None, 'smooth_idf': True, 'stop_words': None, 'strip_accents': None, 'sublinear_tf': False, 'token_pattern': '(?u)\\b\\w\\w+\\b', 'tokenizer': None, 'use_idf': True, 'vocabulary': None};lr;OrderedDict([('C', 9.999949112170812), ('max_iter', 122)]);;;;;;;;;;;;;;;;;;;;;
159;bow;{'analyzer': 'word', 'binary': True, 'decode_error': 'strict', 'dtype': <class 'numpy.int64'>, 'encoding': 'utf-8', 'input': 'content', 'lowercase': True, 'max_df': 0.8, 'max_features': 5000, 'min_df': 10, 'ngram_range': (1, 3), 'preprocessor': None, 'stop_words': None, 'strip_accents': None, 'token_pattern': '(?u)\\b\\w\\w+\\b', 'tokenizer': None, 'vocabulary': None};lr;OrderedDict([('C', 2.2364202820542705), ('max_iter', 895)]);bow;{'analyzer': 'word', 'binary': True, 'decode_error': 'strict', 'dtype': <class 'numpy.int64'>, 'encoding': 'utf-8', 'input': 'content', 'lowercase': True, 'max_df': 0.8, 'max_features': 5000, 'min_df': 10, 'ngram_range': (1, 3), 'preprocessor': None, 'stop_words': None, 'strip_accents': None, 'token_pattern': '(?u)\\b\\w\\w+\\b', 'tokenizer': None, 'vocabulary': None};lr;OrderedDict([('C', 2.2364202820542705), ('max_iter', 895)]);;;;;;;;;;;;;;;;;;;;;
160;bow;{'analyzer': 'word', 'binary': True, 'decode_error': 'strict', 'dtype': <class 'numpy.int64'>, 'encoding': 'utf-8', 'input': 'content', 'lowercase': True, 'max_df': 0.8, 'max_features': 5000, 'min_df': 10, 'ngram_range': (1, 3), 'preprocessor': None, 'stop_words': None, 'strip_accents': None, 'token_pattern': '(?u)\\b\\w\\w+\\b', 'tokenizer': None, 'vocabulary': None};lr;OrderedDict([('C', 0.49085826375100045), ('max_iter', 100)]);bow;{'analyzer': 'word', 'binary': True, 'decode_error': 'strict', 'dtype': <class 'numpy.int64'>, 'encoding': 'utf-8', 'input': 'content', 'lowercase': True, 'max_df': 0.8, 'max_features': 5000, 'min_df': 10, 'ngram_range': (1, 3), 'preprocessor': None, 'stop_words': None, 'strip_accents': None, 'token_pattern': '(?u)\\b\\w\\w+\\b', 'tokenizer': None, 'vocabulary': None};lr;OrderedDict([('C', 0.4856746520178609), ('max_iter', 1000)]);;;;;;;;;;;;;;;;;;;;;
161;tf-idf;{'analyzer': 'word', 'binary': False, 'decode_error': 'strict', 'dtype': <class 'numpy.float64'>, 'encoding': 'utf-8', 'input': 'content', 'lowercase': True, 'max_df': 0.8, 'max_features': 5000, 'min_df': 1, 'ngram_range': (1, 2), 'norm': 'l1', 'preprocessor': None, 'smooth_idf': True, 'stop_words': None, 'strip_accents': None, 'sublinear_tf': False, 'token_pattern': '(?u)\\b\\w\\w+\\b', 'tokenizer': None, 'use_idf': True, 'vocabulary': None};svm;OrderedDict([('C', 6.167292158067944), ('degree', 2), ('gamma', 5.357352564383987)]);bow;{'analyzer': 'word', 'binary': True, 'decode_error': 'strict', 'dtype': <class 'numpy.int64'>, 'encoding': 'utf-8', 'input': 'content', 'lowercase': True, 'max_df': 0.8, 'max_features': 5000, 'min_df': 10, 'ngram_range': (1, 3), 'preprocessor': None, 'stop_words': None, 'strip_accents': None, 'token_pattern': '(?u)\\b\\w\\w+\\b', 'tokenizer': None, 'vocabulary': None};lr;OrderedDict([('C', 6.6360850776123375), ('max_iter', 731)]);;;;;;;;;;;;;;;;;;;;;
162;bow;{'analyzer': 'word', 'binary': True, 'decode_error': 'strict', 'dtype': <class 'numpy.int64'>, 'encoding': 'utf-8', 'input': 'content', 'lowercase': True, 'max_df': 0.8, 'max_features': 5000, 'min_df': 1, 'ngram_range': (1, 3), 'preprocessor': None, 'stop_words': None, 'strip_accents': None, 'token_pattern': '(?u)\\b\\w\\w+\\b', 'tokenizer': None, 'vocabulary': None};lr;OrderedDict([('C', 0.3434694966081155), ('max_iter', 100)]);bow;{'analyzer': 'word', 'binary': True, 'decode_error': 'strict', 'dtype': <class 'numpy.int64'>, 'encoding': 'utf-8', 'input': 'content', 'lowercase': True, 'max_df': 0.8, 'max_features': 5000, 'min_df': 1, 'ngram_range': (1, 3), 'preprocessor': None, 'stop_words': None, 'strip_accents': None, 'token_pattern': '(?u)\\b\\w\\w+\\b', 'tokenizer': None, 'vocabulary': None};lr;OrderedDict([('C', 0.351676646465112), ('max_iter', 107)]);;;;;;;;;;;;;;;;;;;;;
163;bow;{'analyzer': 'word', 'binary': False, 'decode_error': 'strict', 'dtype': <class 'numpy.int64'>, 'encoding': 'utf-8', 'input': 'content', 'lowercase': True, 'max_df': 1.0, 'max_features': None, 'min_df': 1, 'ngram_range': (1, 1), 'preprocessor': None, 'stop_words': None, 'strip_accents': None, 'token_pattern': '(?u)\\b\\w\\w+\\b', 'tokenizer': None, 'vocabulary': None};lr;OrderedDict([('C', 0.9160162972148861), ('max_iter', 100)]);bow;{'analyzer': 'word', 'binary': False, 'decode_error': 'strict', 'dtype': <class 'numpy.int64'>, 'encoding': 'utf-8', 'input': 'content', 'lowercase': True, 'max_df': 1.0, 'max_features': None, 'min_df': 1, 'ngram_range': (1, 1), 'preprocessor': None, 'stop_words': None, 'strip_accents': None, 'token_pattern': '(?u)\\b\\w\\w+\\b', 'tokenizer': None, 'vocabulary': None};lr;OrderedDict([('C', 0.9497948590167655), ('max_iter', 1000)]);;;;;;;;;;;;;;;;;;;;;
164;bow;{'analyzer': 'word', 'binary': True, 'decode_error': 'strict', 'dtype': <class 'numpy.int64'>, 'encoding': 'utf-8', 'input': 'content', 'lowercase': True, 'max_df': 0.8, 'max_features': 5000, 'min_df': 1, 'ngram_range': (1, 3), 'preprocessor': None, 'stop_words': None, 'strip_accents': None, 'token_pattern': '(?u)\\b\\w\\w+\\b', 'tokenizer': None, 'vocabulary': None};lr;OrderedDict([('C', 0.16229420717569407), ('max_iter', 1000)]);bow;{'analyzer': 'word', 'binary': True, 'decode_error': 'strict', 'dtype': <class 'numpy.int64'>, 'encoding': 'utf-8', 'input': 'content', 'lowercase': True, 'max_df': 0.8, 'max_features': 5000, 'min_df': 1, 'ngram_range': (1, 3), 'preprocessor': None, 'stop_words': None, 'strip_accents': None, 'token_pattern': '(?u)\\b\\w\\w+\\b', 'tokenizer': None, 'vocabulary': None};lr;OrderedDict([('C', 0.2606295032824508), ('max_iter', 100)]);;;;;;;;;;;;;;;;;;;;;
165;tf-idf;{'analyzer': 'word', 'binary': False, 'decode_error': 'strict', 'dtype': <class 'numpy.float64'>, 'encoding': 'utf-8', 'input': 'content', 'lowercase': True, 'max_df': 1.0, 'max_features': None, 'min_df': 1, 'ngram_range': (1, 1), 'norm': 'l2', 'preprocessor': None, 'smooth_idf': True, 'stop_words': None, 'strip_accents': None, 'sublinear_tf': False, 'token_pattern': '(?u)\\b\\w\\w+\\b', 'tokenizer': None, 'use_idf': True, 'vocabulary': None};lr;OrderedDict([('C', 0.46335036758731335), ('max_iter', 100)]);tf-idf;{'analyzer': 'word', 'binary': False, 'decode_error': 'strict', 'dtype': <class 'numpy.float64'>, 'encoding': 'utf-8', 'input': 'content', 'lowercase': True, 'max_df': 1.0, 'max_features': None, 'min_df': 1, 'ngram_range': (1, 1), 'norm': 'l2', 'preprocessor': None, 'smooth_idf': True, 'stop_words': None, 'strip_accents': None, 'sublinear_tf': False, 'token_pattern': '(?u)\\b\\w\\w+\\b', 'tokenizer': None, 'use_idf': True, 'vocabulary': None};lr;OrderedDict([('C', 0.5280067288091712), ('max_iter', 1000)]);;;;;;;;;;;;;;;;;;;;;
166;tf-idf;{'analyzer': 'word', 'binary': False, 'decode_error': 'strict', 'dtype': <class 'numpy.float64'>, 'encoding': 'utf-8', 'input': 'content', 'lowercase': True, 'max_df': 1.0, 'max_features': None, 'min_df': 1, 'ngram_range': (1, 1), 'norm': 'l2', 'preprocessor': None, 'smooth_idf': True, 'stop_words': None, 'strip_accents': None, 'sublinear_tf': False, 'token_pattern': '(?u)\\b\\w\\w+\\b', 'tokenizer': None, 'use_idf': True, 'vocabulary': None};nb;OrderedDict([('alpha', 1.8732831895436963), ('fit_prior', False)]);tf-idf;{'analyzer': 'word', 'binary': False, 'decode_error': 'strict', 'dtype': <class 'numpy.float64'>, 'encoding': 'utf-8', 'input': 'content', 'lowercase': True, 'max_df': 1.0, 'max_features': None, 'min_df': 1, 'ngram_range': (1, 1), 'norm': 'l2', 'preprocessor': None, 'smooth_idf': True, 'stop_words': None, 'strip_accents': None, 'sublinear_tf': False, 'token_pattern': '(?u)\\b\\w\\w+\\b', 'tokenizer': None, 'use_idf': True, 'vocabulary': None};nb;OrderedDict([('alpha', 1.7776154888579396), ('fit_prior', False)]);;;;;;;;;;;;;;;;;;;;;
167;tf-idf;{'analyzer': 'word', 'binary': False, 'decode_error': 'strict', 'dtype': <class 'numpy.float64'>, 'encoding': 'utf-8', 'input': 'content', 'lowercase': True, 'max_df': 1.0, 'max_features': None, 'min_df': 1, 'ngram_range': (1, 1), 'norm': 'l2', 'preprocessor': None, 'smooth_idf': True, 'stop_words': None, 'strip_accents': None, 'sublinear_tf': False, 'token_pattern': '(?u)\\b\\w\\w+\\b', 'tokenizer': None, 'use_idf': True, 'vocabulary': None};lr;OrderedDict([('C', 2.808449442458189), ('max_iter', 100)]);tf-idf;{'analyzer': 'word', 'binary': False, 'decode_error': 'strict', 'dtype': <class 'numpy.float64'>, 'encoding': 'utf-8', 'input': 'content', 'lowercase': True, 'max_df': 1.0, 'max_features': None, 'min_df': 1, 'ngram_range': (1, 1), 'norm': 'l2', 'preprocessor': None, 'smooth_idf': True, 'stop_words': None, 'strip_accents': None, 'sublinear_tf': False, 'token_pattern': '(?u)\\b\\w\\w+\\b', 'tokenizer': None, 'use_idf': True, 'vocabulary': None};lr;OrderedDict([('C', 3.2269667462808234), ('max_iter', 100)]);;;;;;;;;;;;;;;;;;;;;
168;bow;{'analyzer': 'word', 'binary': True, 'decode_error': 'strict', 'dtype': <class 'numpy.int64'>, 'encoding': 'utf-8', 'input': 'content', 'lowercase': True, 'max_df': 0.8, 'max_features': 5000, 'min_df': 1, 'ngram_range': (1, 3), 'preprocessor': None, 'stop_words': None, 'strip_accents': None, 'token_pattern': '(?u)\\b\\w\\w+\\b', 'tokenizer': None, 'vocabulary': None};lr;OrderedDict([('C', 1.7715431239325705), ('max_iter', 1000)]);bow;{'analyzer': 'word', 'binary': True, 'decode_error': 'strict', 'dtype': <class 'numpy.int64'>, 'encoding': 'utf-8', 'input': 'content', 'lowercase': True, 'max_df': 0.8, 'max_features': 5000, 'min_df': 1, 'ngram_range': (1, 3), 'preprocessor': None, 'stop_words': None, 'strip_accents': None, 'token_pattern': '(?u)\\b\\w\\w+\\b', 'tokenizer': None, 'vocabulary': None};lr;OrderedDict([('C', 1.5783879853890563), ('max_iter', 494)]);;;;;;;;;;;;;;;;;;;;;
169;bow;{'analyzer': 'word', 'binary': True, 'decode_error': 'strict', 'dtype': <class 'numpy.int64'>, 'encoding': 'utf-8', 'input': 'content', 'lowercase': True, 'max_df': 0.8, 'max_features': 5000, 'min_df': 1, 'ngram_range': (1, 3), 'preprocessor': None, 'stop_words': None, 'strip_accents': None, 'token_pattern': '(?u)\\b\\w\\w+\\b', 'tokenizer': None, 'vocabulary': None};svm;OrderedDict([('C', 10.0), ('degree', 2), ('gamma', 0.023926583569460754)]);bow;{'analyzer': 'word', 'binary': True, 'decode_error': 'strict', 'dtype': <class 'numpy.int64'>, 'encoding': 'utf-8', 'input': 'content', 'lowercase': True, 'max_df': 0.8, 'max_features': 5000, 'min_df': 1, 'ngram_range': (1, 3), 'preprocessor': None, 'stop_words': None, 'strip_accents': None, 'token_pattern': '(?u)\\b\\w\\w+\\b', 'tokenizer': None, 'vocabulary': None};svm;OrderedDict([('C', 10.0), ('degree', 3), ('gamma', 0.021623591234414877)]);;;;;;;;;;;;;;;;;;;;;
170;bow;{'analyzer': 'word', 'binary': True, 'decode_error': 'strict', 'dtype': <class 'numpy.int64'>, 'encoding': 'utf-8', 'input': 'content', 'lowercase': True, 'max_df': 0.8, 'max_features': 5000, 'min_df': 1, 'ngram_range': (1, 3), 'preprocessor': None, 'stop_words': None, 'strip_accents': None, 'token_pattern': '(?u)\\b\\w\\w+\\b', 'tokenizer': None, 'vocabulary': None};lr;OrderedDict([('C', 1.7136275598853794), ('max_iter', 100)]);bow;{'analyzer': 'word', 'binary': True, 'decode_error': 'strict', 'dtype': <class 'numpy.int64'>, 'encoding': 'utf-8', 'input': 'content', 'lowercase': True, 'max_df': 0.8, 'max_features': 5000, 'min_df': 1, 'ngram_range': (1, 3), 'preprocessor': None, 'stop_words': None, 'strip_accents': None, 'token_pattern': '(?u)\\b\\w\\w+\\b', 'tokenizer': None, 'vocabulary': None};lr;OrderedDict([('C', 1.9171322780560027), ('max_iter', 100)]);;;;;;;;;;;;;;;;;;;;;
171;bow;{'analyzer': 'word', 'binary': True, 'decode_error': 'strict', 'dtype': <class 'numpy.int64'>, 'encoding': 'utf-8', 'input': 'content', 'lowercase': True, 'max_df': 0.8, 'max_features': 5000, 'min_df': 10, 'ngram_range': (1, 3), 'preprocessor': None, 'stop_words': None, 'strip_accents': None, 'token_pattern': '(?u)\\b\\w\\w+\\b', 'tokenizer': None, 'vocabulary': None};lr;OrderedDict([('C', 1.0385752998893814), ('max_iter', 100)]);bow;{'analyzer': 'word', 'binary': True, 'decode_error': 'strict', 'dtype': <class 'numpy.int64'>, 'encoding': 'utf-8', 'input': 'content', 'lowercase': True, 'max_df': 0.8, 'max_features': 5000, 'min_df': 10, 'ngram_range': (1, 3), 'preprocessor': None, 'stop_words': None, 'strip_accents': None, 'token_pattern': '(?u)\\b\\w\\w+\\b', 'tokenizer': None, 'vocabulary': None};lr;OrderedDict([('C', 0.9943197353286136), ('max_iter', 100)]);;;;;;;;;;;;;;;;;;;;;
172;tf-idf;{'analyzer': 'word', 'binary': False, 'decode_error': 'strict', 'dtype': <class 'numpy.float64'>, 'encoding': 'utf-8', 'input': 'content', 'lowercase': True, 'max_df': 1.0, 'max_features': None, 'min_df': 1, 'ngram_range': (1, 1), 'norm': 'l2', 'preprocessor': None, 'smooth_idf': True, 'stop_words': None, 'strip_accents': None, 'sublinear_tf': False, 'token_pattern': '(?u)\\b\\w\\w+\\b', 'tokenizer': None, 'use_idf': True, 'vocabulary': None};lr;OrderedDict([('C', 9.979231844396207), ('max_iter', 976)]);tf-idf;{'analyzer': 'word', 'binary': False, 'decode_error': 'strict', 'dtype': <class 'numpy.float64'>, 'encoding': 'utf-8', 'input': 'content', 'lowercase': True, 'max_df': 1.0, 'max_features': None, 'min_df': 1, 'ngram_range': (1, 1), 'norm': 'l2', 'preprocessor': None, 'smooth_idf': True, 'stop_words': None, 'strip_accents': None, 'sublinear_tf': False, 'token_pattern': '(?u)\\b\\w\\w+\\b', 'tokenizer': None, 'use_idf': True, 'vocabulary': None};lr;OrderedDict([('C', 8.735480422677739), ('max_iter', 100)]);;;;;;;;;;;;;;;;;;;;;
173;bow;{'analyzer': 'word', 'binary': True, 'decode_error': 'strict', 'dtype': <class 'numpy.int64'>, 'encoding': 'utf-8', 'input': 'content', 'lowercase': True, 'max_df': 0.8, 'max_features': 5000, 'min_df': 10, 'ngram_range': (1, 3), 'preprocessor': None, 'stop_words': None, 'strip_accents': None, 'token_pattern': '(?u)\\b\\w\\w+\\b', 'tokenizer': None, 'vocabulary': None};lr;OrderedDict([('C', 0.36894835502409146), ('max_iter', 101)]);bow;{'analyzer': 'word', 'binary': True, 'decode_error': 'strict', 'dtype': <class 'numpy.int64'>, 'encoding': 'utf-8', 'input': 'content', 'lowercase': True, 'max_df': 0.8, 'max_features': 5000, 'min_df': 10, 'ngram_range': (1, 3), 'preprocessor': None, 'stop_words': None, 'strip_accents': None, 'token_pattern': '(?u)\\b\\w\\w+\\b', 'tokenizer': None, 'vocabulary': None};lr;OrderedDict([('C', 0.3780532222620728), ('max_iter', 1000)]);;;;;;;;;;;;;;;;;;;;;
174;bow;{'analyzer': 'word', 'binary': True, 'decode_error': 'strict', 'dtype': <class 'numpy.int64'>, 'encoding': 'utf-8', 'input': 'content', 'lowercase': True, 'max_df': 0.8, 'max_features': 5000, 'min_df': 1, 'ngram_range': (1, 3), 'preprocessor': None, 'stop_words': None, 'strip_accents': None, 'token_pattern': '(?u)\\b\\w\\w+\\b', 'tokenizer': None, 'vocabulary': None};lr;OrderedDict([('C', 0.48455313504040737), ('max_iter', 997)]);bow;{'analyzer': 'word', 'binary': True, 'decode_error': 'strict', 'dtype': <class 'numpy.int64'>, 'encoding': 'utf-8', 'input': 'content', 'lowercase': True, 'max_df': 0.8, 'max_features': 5000, 'min_df': 1, 'ngram_range': (1, 3), 'preprocessor': None, 'stop_words': None, 'strip_accents': None, 'token_pattern': '(?u)\\b\\w\\w+\\b', 'tokenizer': None, 'vocabulary': None};lr;OrderedDict([('C', 1.289474946074326), ('max_iter', 100)]);;;;;;;;;;;;;;;;;;;;;
175;tf-idf;{'analyzer': 'word', 'binary': False, 'decode_error': 'strict', 'dtype': <class 'numpy.float64'>, 'encoding': 'utf-8', 'input': 'content', 'lowercase': True, 'max_df': 1.0, 'max_features': None, 'min_df': 1, 'ngram_range': (1, 1), 'norm': 'l2', 'preprocessor': None, 'smooth_idf': True, 'stop_words': None, 'strip_accents': None, 'sublinear_tf': False, 'token_pattern': '(?u)\\b\\w\\w+\\b', 'tokenizer': None, 'use_idf': True, 'vocabulary': None};lr;OrderedDict([('C', 2.678000580975956), ('max_iter', 100)]);tf-idf;{'analyzer': 'word', 'binary': False, 'decode_error': 'strict', 'dtype': <class 'numpy.float64'>, 'encoding': 'utf-8', 'input': 'content', 'lowercase': True, 'max_df': 1.0, 'max_features': None, 'min_df': 1, 'ngram_range': (1, 1), 'norm': 'l2', 'preprocessor': None, 'smooth_idf': True, 'stop_words': None, 'strip_accents': None, 'sublinear_tf': False, 'token_pattern': '(?u)\\b\\w\\w+\\b', 'tokenizer': None, 'use_idf': True, 'vocabulary': None};lr;OrderedDict([('C', 2.8290852786842917), ('max_iter', 1000)]);;;;;;;;;;;;;;;;;;;;;
176;tf-idf;{'analyzer': 'word', 'binary': False, 'decode_error': 'strict', 'dtype': <class 'numpy.float64'>, 'encoding': 'utf-8', 'input': 'content', 'lowercase': True, 'max_df': 1.0, 'max_features': None, 'min_df': 1, 'ngram_range': (1, 1), 'norm': 'l2', 'preprocessor': None, 'smooth_idf': True, 'stop_words': None, 'strip_accents': None, 'sublinear_tf': False, 'token_pattern': '(?u)\\b\\w\\w+\\b', 'tokenizer': None, 'use_idf': True, 'vocabulary': None};lr;OrderedDict([('C', 4.529109756695851), ('max_iter', 107)]);tf-idf;{'analyzer': 'word', 'binary': False, 'decode_error': 'strict', 'dtype': <class 'numpy.float64'>, 'encoding': 'utf-8', 'input': 'content', 'lowercase': True, 'max_df': 1.0, 'max_features': None, 'min_df': 1, 'ngram_range': (1, 1), 'norm': 'l2', 'preprocessor': None, 'smooth_idf': True, 'stop_words': None, 'strip_accents': None, 'sublinear_tf': False, 'token_pattern': '(?u)\\b\\w\\w+\\b', 'tokenizer': None, 'use_idf': True, 'vocabulary': None};lr;OrderedDict([('C', 9.990106628872864), ('max_iter', 116)]);;;;;;;;;;;;;;;;;;;;;
177;tf-idf;{'analyzer': 'word', 'binary': False, 'decode_error': 'strict', 'dtype': <class 'numpy.float64'>, 'encoding': 'utf-8', 'input': 'content', 'lowercase': True, 'max_df': 1.0, 'max_features': None, 'min_df': 1, 'ngram_range': (1, 1), 'norm': 'l2', 'preprocessor': None, 'smooth_idf': True, 'stop_words': None, 'strip_accents': None, 'sublinear_tf': False, 'token_pattern': '(?u)\\b\\w\\w+\\b', 'tokenizer': None, 'use_idf': True, 'vocabulary': None};nb;OrderedDict([('alpha', 0.5302839947519002), ('fit_prior', True)]);tf-idf;{'analyzer': 'word', 'binary': False, 'decode_error': 'strict', 'dtype': <class 'numpy.float64'>, 'encoding': 'utf-8', 'input': 'content', 'lowercase': True, 'max_df': 1.0, 'max_features': None, 'min_df': 1, 'ngram_range': (1, 1), 'norm': 'l2', 'preprocessor': None, 'smooth_idf': True, 'stop_words': None, 'strip_accents': None, 'sublinear_tf': False, 'token_pattern': '(?u)\\b\\w\\w+\\b', 'tokenizer': None, 'use_idf': True, 'vocabulary': None};nb;OrderedDict([('alpha', 0.41002219558028213), ('fit_prior', True)]);;;;;;;;;;;;;;;;;;;;;
178;bow;{'analyzer': 'word', 'binary': True, 'decode_error': 'strict', 'dtype': <class 'numpy.int64'>, 'encoding': 'utf-8', 'input': 'content', 'lowercase': True, 'max_df': 0.8, 'max_features': 5000, 'min_df': 1, 'ngram_range': (1, 3), 'preprocessor': None, 'stop_words': None, 'strip_accents': None, 'token_pattern': '(?u)\\b\\w\\w+\\b', 'tokenizer': None, 'vocabulary': None};lr;OrderedDict([('C', 0.6309750266166035), ('max_iter', 100)]);tf-idf;{'analyzer': 'word', 'binary': False, 'decode_error': 'strict', 'dtype': <class 'numpy.float64'>, 'encoding': 'utf-8', 'input': 'content', 'lowercase': True, 'max_df': 0.8, 'max_features': 5000, 'min_df': 1, 'ngram_range': (1, 3), 'norm': 'l1', 'preprocessor': None, 'smooth_idf': True, 'stop_words': None, 'strip_accents': None, 'sublinear_tf': False, 'token_pattern': '(?u)\\b\\w\\w+\\b', 'tokenizer': None, 'use_idf': True, 'vocabulary': None};lr;OrderedDict([('C', 9.950033474714676), ('max_iter', 991)]);;;;;;;;;;;;;;;;;;;;;
179;bow;{'analyzer': 'word', 'binary': True, 'decode_error': 'strict', 'dtype': <class 'numpy.int64'>, 'encoding': 'utf-8', 'input': 'content', 'lowercase': True, 'max_df': 0.8, 'max_features': 5000, 'min_df': 1, 'ngram_range': (1, 3), 'preprocessor': None, 'stop_words': None, 'strip_accents': None, 'token_pattern': '(?u)\\b\\w\\w+\\b', 'tokenizer': None, 'vocabulary': None};svm;OrderedDict([('C', 10.0), ('degree', 2), ('gamma', 0.020169594563471397)]);bow;{'analyzer': 'word', 'binary': True, 'decode_error': 'strict', 'dtype': <class 'numpy.int64'>, 'encoding': 'utf-8', 'input': 'content', 'lowercase': True, 'max_df': 0.8, 'max_features': 5000, 'min_df': 1, 'ngram_range': (1, 3), 'preprocessor': None, 'stop_words': None, 'strip_accents': None, 'token_pattern': '(?u)\\b\\w\\w+\\b', 'tokenizer': None, 'vocabulary': None};svm;OrderedDict([('C', 3.9725206582955073), ('degree', 2), ('gamma', 0.06373771901669639)]);;;;;;;;;;;;;;;;;;;;;
180;bow;{'analyzer': 'word', 'binary': False, 'decode_error': 'strict', 'dtype': <class 'numpy.int64'>, 'encoding': 'utf-8', 'input': 'content', 'lowercase': True, 'max_df': 1.0, 'max_features': None, 'min_df': 1, 'ngram_range': (1, 1), 'preprocessor': None, 'stop_words': None, 'strip_accents': None, 'token_pattern': '(?u)\\b\\w\\w+\\b', 'tokenizer': None, 'vocabulary': None};nb;OrderedDict([('alpha', 0.14914622679778672), ('fit_prior', False)]);bow;{'analyzer': 'word', 'binary': False, 'decode_error': 'strict', 'dtype': <class 'numpy.int64'>, 'encoding': 'utf-8', 'input': 'content', 'lowercase': True, 'max_df': 1.0, 'max_features': None, 'min_df': 1, 'ngram_range': (1, 1), 'preprocessor': None, 'stop_words': None, 'strip_accents': None, 'token_pattern': '(?u)\\b\\w\\w+\\b', 'tokenizer': None, 'vocabulary': None};nb;OrderedDict([('alpha', 0.14914622679778672), ('fit_prior', False)]);;;;;;;;;;;;;;;;;;;;;
181;tf-idf;{'analyzer': 'word', 'binary': False, 'decode_error': 'strict', 'dtype': <class 'numpy.float64'>, 'encoding': 'utf-8', 'input': 'content', 'lowercase': True, 'max_df': 0.8, 'max_features': 5000, 'min_df': 1, 'ngram_range': (1, 3), 'norm': 'l1', 'preprocessor': None, 'smooth_idf': True, 'stop_words': None, 'strip_accents': None, 'sublinear_tf': False, 'token_pattern': '(?u)\\b\\w\\w+\\b', 'tokenizer': None, 'use_idf': True, 'vocabulary': None};nb;OrderedDict([('alpha', 0.23114853728055199), ('fit_prior', False)]);tf-idf;{'analyzer': 'word', 'binary': False, 'decode_error': 'strict', 'dtype': <class 'numpy.float64'>, 'encoding': 'utf-8', 'input': 'content', 'lowercase': True, 'max_df': 0.8, 'max_features': 5000, 'min_df': 1, 'ngram_range': (1, 3), 'norm': 'l1', 'preprocessor': None, 'smooth_idf': True, 'stop_words': None, 'strip_accents': None, 'sublinear_tf': False, 'token_pattern': '(?u)\\b\\w\\w+\\b', 'tokenizer': None, 'use_idf': True, 'vocabulary': None};nb;OrderedDict([('alpha', 0.17505130020758025), ('fit_prior', False)]);;;;;;;;;;;;;;;;;;;;;
182;tf-idf;{'analyzer': 'word', 'binary': False, 'decode_error': 'strict', 'dtype': <class 'numpy.float64'>, 'encoding': 'utf-8', 'input': 'content', 'lowercase': True, 'max_df': 0.8, 'max_features': 5000, 'min_df': 1, 'ngram_range': (1, 3), 'norm': 'l1', 'preprocessor': None, 'smooth_idf': True, 'stop_words': None, 'strip_accents': None, 'sublinear_tf': False, 'token_pattern': '(?u)\\b\\w\\w+\\b', 'tokenizer': None, 'use_idf': True, 'vocabulary': None};nb;OrderedDict([('alpha', 6.6360850776123375), ('fit_prior', False)]);bow;{'analyzer': 'word', 'binary': True, 'decode_error': 'strict', 'dtype': <class 'numpy.int64'>, 'encoding': 'utf-8', 'input': 'content', 'lowercase': True, 'max_df': 0.8, 'max_features': 5000, 'min_df': 1, 'ngram_range': (1, 3), 'preprocessor': None, 'stop_words': None, 'strip_accents': None, 'token_pattern': '(?u)\\b\\w\\w+\\b', 'tokenizer': None, 'vocabulary': None};nb;OrderedDict([('alpha', 0.7922890057191571), ('fit_prior', True)]);;;;;;;;;;;;;;;;;;;;;
183;bow;{'analyzer': 'word', 'binary': True, 'decode_error': 'strict', 'dtype': <class 'numpy.int64'>, 'encoding': 'utf-8', 'input': 'content', 'lowercase': True, 'max_df': 0.8, 'max_features': 5000, 'min_df': 1, 'ngram_range': (1, 3), 'preprocessor': None, 'stop_words': None, 'strip_accents': None, 'token_pattern': '(?u)\\b\\w\\w+\\b', 'tokenizer': None, 'vocabulary': None};rf;OrderedDict([('max_depth', 49), ('max_features', 'sqrt'), ('min_samples_leaf', 1), ('min_samples_split', 2), ('n_estimators', 55)]);bow;{'analyzer': 'word', 'binary': True, 'decode_error': 'strict', 'dtype': <class 'numpy.int64'>, 'encoding': 'utf-8', 'input': 'content', 'lowercase': True, 'max_df': 0.8, 'max_features': 5000, 'min_df': 1, 'ngram_range': (1, 3), 'preprocessor': None, 'stop_words': None, 'strip_accents': None, 'token_pattern': '(?u)\\b\\w\\w+\\b', 'tokenizer': None, 'vocabulary': None};nb;OrderedDict([('alpha', 0.5974567973302279), ('fit_prior', True)]);;;;;;;;;;;;;;;;;;;;;
184;bow;{'analyzer': 'word', 'binary': True, 'decode_error': 'strict', 'dtype': <class 'numpy.int64'>, 'encoding': 'utf-8', 'input': 'content', 'lowercase': True, 'max_df': 0.8, 'max_features': 5000, 'min_df': 1, 'ngram_range': (1, 3), 'preprocessor': None, 'stop_words': None, 'strip_accents': None, 'token_pattern': '(?u)\\b\\w\\w+\\b', 'tokenizer': None, 'vocabulary': None};lr;OrderedDict([('C', 0.8632012725909878), ('max_iter', 945)]);bow;{'analyzer': 'word', 'binary': True, 'decode_error': 'strict', 'dtype': <class 'numpy.int64'>, 'encoding': 'utf-8', 'input': 'content', 'lowercase': True, 'max_df': 0.8, 'max_features': 5000, 'min_df': 1, 'ngram_range': (1, 3), 'preprocessor': None, 'stop_words': None, 'strip_accents': None, 'token_pattern': '(?u)\\b\\w\\w+\\b', 'tokenizer': None, 'vocabulary': None};lr;OrderedDict([('C', 6.6360850776123375), ('max_iter', 731)]);;;;;;;;;;;;;;;;;;;;;
185;bow;{'analyzer': 'word', 'binary': False, 'decode_error': 'strict', 'dtype': <class 'numpy.int64'>, 'encoding': 'utf-8', 'input': 'content', 'lowercase': True, 'max_df': 1.0, 'max_features': None, 'min_df': 1, 'ngram_range': (1, 1), 'preprocessor': None, 'stop_words': None, 'strip_accents': None, 'token_pattern': '(?u)\\b\\w\\w+\\b', 'tokenizer': None, 'vocabulary': None};svm;OrderedDict([('C', 2.538523305370564), ('degree', 3), ('gamma', 0.005872711858403056)]);bow;{'analyzer': 'word', 'binary': False, 'decode_error': 'strict', 'dtype': <class 'numpy.int64'>, 'encoding': 'utf-8', 'input': 'content', 'lowercase': True, 'max_df': 1.0, 'max_features': None, 'min_df': 1, 'ngram_range': (1, 1), 'preprocessor': None, 'stop_words': None, 'strip_accents': None, 'token_pattern': '(?u)\\b\\w\\w+\\b', 'tokenizer': None, 'vocabulary': None};lr;OrderedDict([('C', 7.522834773461375), ('max_iter', 100)]);;;;;;;;;;;;;;;;;;;;;
186;bow;{'analyzer': 'word', 'binary': False, 'decode_error': 'strict', 'dtype': <class 'numpy.int64'>, 'encoding': 'utf-8', 'input': 'content', 'lowercase': True, 'max_df': 1.0, 'max_features': None, 'min_df': 1, 'ngram_range': (1, 1), 'preprocessor': None, 'stop_words': None, 'strip_accents': None, 'token_pattern': '(?u)\\b\\w\\w+\\b', 'tokenizer': None, 'vocabulary': None};lr;OrderedDict([('C', 0.02670736930771547), ('max_iter', 100)]);word2vec;{'hs': 1, 'min_count': 10, 'sg': 0, 'vector_size': 100, 'window': 7, 'workers': 1};lr;OrderedDict([('C', 9.855625835868599), ('max_iter', 150)]);;;;;;;;;;;;;;;;;;;;;
187;word2vec;{'hs': 1, 'min_count': 10, 'sg': 0, 'vector_size': 100, 'window': 7, 'workers': 1};rf;OrderedDict([('max_depth', 22), ('max_features', 'log2'), ('min_samples_leaf', 1), ('min_samples_split', 4), ('n_estimators', 200)]);word2vec;{'hs': 1, 'min_count': 10, 'sg': 0, 'vector_size': 100, 'window': 7, 'workers': 1};rf;OrderedDict([('max_depth', 47), ('max_features', 'sqrt'), ('min_samples_leaf', 1), ('min_samples_split', 5), ('n_estimators', 50)]);;;;;;;;;;;;;;;;;;;;;
188;word2vec;{'hs': 1, 'min_count': 10, 'sg': 0, 'vector_size': 5000, 'window': 7, 'workers': 1};lr;OrderedDict([('C', 3.0573234415555928), ('max_iter', 696)]);bow;{'analyzer': 'word', 'binary': True, 'decode_error': 'strict', 'dtype': <class 'numpy.int64'>, 'encoding': 'utf-8', 'input': 'content', 'lowercase': True, 'max_df': 0.8, 'max_features': 5000, 'min_df': 1, 'ngram_range': (1, 3), 'preprocessor': None, 'stop_words': None, 'strip_accents': None, 'token_pattern': '(?u)\\b\\w\\w+\\b', 'tokenizer': None, 'vocabulary': None};nb;OrderedDict([('alpha', 0.2732013455032412), ('fit_prior', True)]);;;;;;;;;;;;;;;;;;;;;
189;bow;{'analyzer': 'word', 'binary': True, 'decode_error': 'strict', 'dtype': <class 'numpy.int64'>, 'encoding': 'utf-8', 'input': 'content', 'lowercase': True, 'max_df': 0.8, 'max_features': 5000, 'min_df': 1, 'ngram_range': (1, 3), 'preprocessor': None, 'stop_words': None, 'strip_accents': None, 'token_pattern': '(?u)\\b\\w\\w+\\b', 'tokenizer': None, 'vocabulary': None};lr;OrderedDict([('C', 0.027663403458264724), ('max_iter', 1000)]);tf-idf;{'analyzer': 'word', 'binary': False, 'decode_error': 'strict', 'dtype': <class 'numpy.float64'>, 'encoding': 'utf-8', 'input': 'content', 'lowercase': True, 'max_df': 0.8, 'max_features': 5000, 'min_df': 1, 'ngram_range': (1, 3), 'norm': 'l1', 'preprocessor': None, 'smooth_idf': True, 'stop_words': None, 'strip_accents': None, 'sublinear_tf': False, 'token_pattern': '(?u)\\b\\w\\w+\\b', 'tokenizer': None, 'use_idf': True, 'vocabulary': None};lr;OrderedDict([('C', 9.9134008954287), ('max_iter', 997)]);;;;;;;;;;;;;;;;;;;;;
190;bow;{'analyzer': 'word', 'binary': True, 'decode_error': 'strict', 'dtype': <class 'numpy.int64'>, 'encoding': 'utf-8', 'input': 'content', 'lowercase': True, 'max_df': 0.8, 'max_features': 5000, 'min_df': 1, 'ngram_range': (1, 3), 'preprocessor': None, 'stop_words': None, 'strip_accents': None, 'token_pattern': '(?u)\\b\\w\\w+\\b', 'tokenizer': None, 'vocabulary': None};nb;OrderedDict([('alpha', 4.081261104219522), ('fit_prior', True)]);bow;{'analyzer': 'word', 'binary': True, 'decode_error': 'strict', 'dtype': <class 'numpy.int64'>, 'encoding': 'utf-8', 'input': 'content', 'lowercase': True, 'max_df': 0.8, 'max_features': 5000, 'min_df': 1, 'ngram_range': (1, 3), 'preprocessor': None, 'stop_words': None, 'strip_accents': None, 'token_pattern': '(?u)\\b\\w\\w+\\b', 'tokenizer': None, 'vocabulary': None};nb;OrderedDict([('alpha', 0.3766266432253995), ('fit_prior', True)]);;;;;;;;;;;;;;;;;;;;;
191;bow;{'analyzer': 'word', 'binary': True, 'decode_error': 'strict', 'dtype': <class 'numpy.int64'>, 'encoding': 'utf-8', 'input': 'content', 'lowercase': True, 'max_df': 0.8, 'max_features': 5000, 'min_df': 10, 'ngram_range': (1, 3), 'preprocessor': None, 'stop_words': None, 'strip_accents': None, 'token_pattern': '(?u)\\b\\w\\w+\\b', 'tokenizer': None, 'vocabulary': None};lr;OrderedDict([('C', 0.034570664420783416), ('max_iter', 102)]);bow;{'analyzer': 'word', 'binary': True, 'decode_error': 'strict', 'dtype': <class 'numpy.int64'>, 'encoding': 'utf-8', 'input': 'content', 'lowercase': True, 'max_df': 0.8, 'max_features': 5000, 'min_df': 10, 'ngram_range': (1, 3), 'preprocessor': None, 'stop_words': None, 'strip_accents': None, 'token_pattern': '(?u)\\b\\w\\w+\\b', 'tokenizer': None, 'vocabulary': None};lr;OrderedDict([('C', 0.18124427976139448), ('max_iter', 100)]);;;;;;;;;;;;;;;;;;;;;
192;bow;{'analyzer': 'word', 'binary': True, 'decode_error': 'strict', 'dtype': <class 'numpy.int64'>, 'encoding': 'utf-8', 'input': 'content', 'lowercase': True, 'max_df': 0.8, 'max_features': 5000, 'min_df': 1, 'ngram_range': (1, 3), 'preprocessor': None, 'stop_words': None, 'strip_accents': None, 'token_pattern': '(?u)\\b\\w\\w+\\b', 'tokenizer': None, 'vocabulary': None};nb;OrderedDict([('alpha', 4.555364035101803), ('fit_prior', True)]);bow;{'analyzer': 'word', 'binary': True, 'decode_error': 'strict', 'dtype': <class 'numpy.int64'>, 'encoding': 'utf-8', 'input': 'content', 'lowercase': True, 'max_df': 0.8, 'max_features': 5000, 'min_df': 1, 'ngram_range': (1, 3), 'preprocessor': None, 'stop_words': None, 'strip_accents': None, 'token_pattern': '(?u)\\b\\w\\w+\\b', 'tokenizer': None, 'vocabulary': None};nb;OrderedDict([('alpha', 0.8632012725909878), ('fit_prior', False)]);;;;;;;;;;;;;;;;;;;;;
193;bow;{'analyzer': 'word', 'binary': True, 'decode_error': 'strict', 'dtype': <class 'numpy.int64'>, 'encoding': 'utf-8', 'input': 'content', 'lowercase': True, 'max_df': 0.8, 'max_features': 5000, 'min_df': 1, 'ngram_range': (1, 3), 'preprocessor': None, 'stop_words': None, 'strip_accents': None, 'token_pattern': '(?u)\\b\\w\\w+\\b', 'tokenizer': None, 'vocabulary': None};lr;OrderedDict([('C', 0.058737341600983255), ('max_iter', 100)]);bow;{'analyzer': 'word', 'binary': True, 'decode_error': 'strict', 'dtype': <class 'numpy.int64'>, 'encoding': 'utf-8', 'input': 'content', 'lowercase': True, 'max_df': 0.8, 'max_features': 5000, 'min_df': 1, 'ngram_range': (1, 3), 'preprocessor': None, 'stop_words': None, 'strip_accents': None, 'token_pattern': '(?u)\\b\\w\\w+\\b', 'tokenizer': None, 'vocabulary': None};nb;OrderedDict([('alpha', 6.8602243655241875), ('fit_prior', True)]);;;;;;;;;;;;;;;;;;;;;
194;tf-idf;{'analyzer': 'word', 'binary': False, 'decode_error': 'strict', 'dtype': <class 'numpy.float64'>, 'encoding': 'utf-8', 'input': 'content', 'lowercase': True, 'max_df': 1.0, 'max_features': None, 'min_df': 1, 'ngram_range': (1, 1), 'norm': 'l2', 'preprocessor': None, 'smooth_idf': True, 'stop_words': None, 'strip_accents': None, 'sublinear_tf': False, 'token_pattern': '(?u)\\b\\w\\w+\\b', 'tokenizer': None, 'use_idf': True, 'vocabulary': None};svm;OrderedDict([('C', 6.286442518788935), ('degree', 2), ('gamma', 0.2027563139273033)]);bow;{'analyzer': 'word', 'binary': True, 'decode_error': 'strict', 'dtype': <class 'numpy.int64'>, 'encoding': 'utf-8', 'input': 'content', 'lowercase': True, 'max_df': 0.8, 'max_features': 5000, 'min_df': 1, 'ngram_range': (1, 3), 'preprocessor': None, 'stop_words': None, 'strip_accents': None, 'token_pattern': '(?u)\\b\\w\\w+\\b', 'tokenizer': None, 'vocabulary': None};nb;OrderedDict([('alpha', 0.17764081152824282), ('fit_prior', True)]);;;;;;;;;;;;;;;;;;;;;
195;bow;{'analyzer': 'word', 'binary': True, 'decode_error': 'strict', 'dtype': <class 'numpy.int64'>, 'encoding': 'utf-8', 'input': 'content', 'lowercase': True, 'max_df': 0.8, 'max_features': 5000, 'min_df': 10, 'ngram_range': (1, 3), 'preprocessor': None, 'stop_words': None, 'strip_accents': None, 'token_pattern': '(?u)\\b\\w\\w+\\b', 'tokenizer': None, 'vocabulary': None};lr;OrderedDict([('C', 0.272178325897663), ('max_iter', 100)]);tf-idf;{'analyzer': 'word', 'binary': False, 'decode_error': 'strict', 'dtype': <class 'numpy.float64'>, 'encoding': 'utf-8', 'input': 'content', 'lowercase': True, 'max_df': 0.8, 'max_features': 5000, 'min_df': 1, 'ngram_range': (1, 3), 'norm': 'l1', 'preprocessor': None, 'smooth_idf': True, 'stop_words': None, 'strip_accents': None, 'sublinear_tf': False, 'token_pattern': '(?u)\\b\\w\\w+\\b', 'tokenizer': None, 'use_idf': True, 'vocabulary': None};nb;OrderedDict([('alpha', 0.308502598567478), ('fit_prior', False)]);;;;;;;;;;;;;;;;;;;;;
196;tf-idf;{'analyzer': 'word', 'binary': False, 'decode_error': 'strict', 'dtype': <class 'numpy.float64'>, 'encoding': 'utf-8', 'input': 'content', 'lowercase': True, 'max_df': 1.0, 'max_features': None, 'min_df': 1, 'ngram_range': (1, 1), 'norm': 'l2', 'preprocessor': None, 'smooth_idf': True, 'stop_words': None, 'strip_accents': None, 'sublinear_tf': False, 'token_pattern': '(?u)\\b\\w\\w+\\b', 'tokenizer': None, 'use_idf': True, 'vocabulary': None};svm;OrderedDict([('C', 10.0), ('degree', 4), ('gamma', 0.31995331271142624)]);tf-idf;{'analyzer': 'word', 'binary': False, 'decode_error': 'strict', 'dtype': <class 'numpy.float64'>, 'encoding': 'utf-8', 'input': 'content', 'lowercase': True, 'max_df': 1.0, 'max_features': None, 'min_df': 1, 'ngram_range': (1, 1), 'norm': 'l2', 'preprocessor': None, 'smooth_idf': True, 'stop_words': None, 'strip_accents': None, 'sublinear_tf': False, 'token_pattern': '(?u)\\b\\w\\w+\\b', 'tokenizer': None, 'use_idf': True, 'vocabulary': None};svm;OrderedDict([('C', 10.0), ('degree', 4), ('gamma', 0.14922621339345218)]);;;;;;;;;;;;;;;;;;;;;
197;bow;{'analyzer': 'word', 'binary': True, 'decode_error': 'strict', 'dtype': <class 'numpy.int64'>, 'encoding': 'utf-8', 'input': 'content', 'lowercase': True, 'max_df': 0.8, 'max_features': 5000, 'min_df': 1, 'ngram_range': (1, 3), 'preprocessor': None, 'stop_words': None, 'strip_accents': None, 'token_pattern': '(?u)\\b\\w\\w+\\b', 'tokenizer': None, 'vocabulary': None};lr;OrderedDict([('C', 0.29397976202716886), ('max_iter', 798)]);bow;{'analyzer': 'word', 'binary': True, 'decode_error': 'strict', 'dtype': <class 'numpy.int64'>, 'encoding': 'utf-8', 'input': 'content', 'lowercase': True, 'max_df': 0.8, 'max_features': 5000, 'min_df': 1, 'ngram_range': (1, 3), 'preprocessor': None, 'stop_words': None, 'strip_accents': None, 'token_pattern': '(?u)\\b\\w\\w+\\b', 'tokenizer': None, 'vocabulary': None};lr;OrderedDict([('C', 0.3582833082578619), ('max_iter', 1000)]);;;;;;;;;;;;;;;;;;;;;
198;bow;{'analyzer': 'word', 'binary': True, 'decode_error': 'strict', 'dtype': <class 'numpy.int64'>, 'encoding': 'utf-8', 'input': 'content', 'lowercase': True, 'max_df': 0.8, 'max_features': 5000, 'min_df': 1, 'ngram_range': (1, 3), 'preprocessor': None, 'stop_words': None, 'strip_accents': None, 'token_pattern': '(?u)\\b\\w\\w+\\b', 'tokenizer': None, 'vocabulary': None};nb;OrderedDict([('alpha', 3.4734196505997637), ('fit_prior', True)]);bow;{'analyzer': 'word', 'binary': True, 'decode_error': 'strict', 'dtype': <class 'numpy.int64'>, 'encoding': 'utf-8', 'input': 'content', 'lowercase': True, 'max_df': 0.8, 'max_features': 5000, 'min_df': 1, 'ngram_range': (1, 3), 'preprocessor': None, 'stop_words': None, 'strip_accents': None, 'token_pattern': '(?u)\\b\\w\\w+\\b', 'tokenizer': None, 'vocabulary': None};nb;OrderedDict([('alpha', 0.8632012725909878), ('fit_prior', False)]);;;;;;;;;;;;;;;;;;;;;
199;bow;{'analyzer': 'word', 'binary': True, 'decode_error': 'strict', 'dtype': <class 'numpy.int64'>, 'encoding': 'utf-8', 'input': 'content', 'lowercase': True, 'max_df': 0.8, 'max_features': 5000, 'min_df': 10, 'ngram_range': (1, 3), 'preprocessor': None, 'stop_words': None, 'strip_accents': None, 'token_pattern': '(?u)\\b\\w\\w+\\b', 'tokenizer': None, 'vocabulary': None};lr;OrderedDict([('C', 0.29215826962005526), ('max_iter', 1000)]);bow;{'analyzer': 'word', 'binary': True, 'decode_error': 'strict', 'dtype': <class 'numpy.int64'>, 'encoding': 'utf-8', 'input': 'content', 'lowercase': True, 'max_df': 0.8, 'max_features': 5000, 'min_df': 10, 'ngram_range': (1, 3), 'preprocessor': None, 'stop_words': None, 'strip_accents': None, 'token_pattern': '(?u)\\b\\w\\w+\\b', 'tokenizer': None, 'vocabulary': None};lr;OrderedDict([('C', 0.3260961594057773), ('max_iter', 1000)]);;;;;;;;;;;;;;;;;;;;;
200;tf-idf;{'analyzer': 'word', 'binary': False, 'decode_error': 'strict', 'dtype': <class 'numpy.float64'>, 'encoding': 'utf-8', 'input': 'content', 'lowercase': True, 'max_df': 0.8, 'max_features': 5000, 'min_df': 1, 'ngram_range': (1, 3), 'norm': 'l1', 'preprocessor': None, 'smooth_idf': True, 'stop_words': None, 'strip_accents': None, 'sublinear_tf': False, 'token_pattern': '(?u)\\b\\w\\w+\\b', 'tokenizer': None, 'use_idf': True, 'vocabulary': None};svm;OrderedDict([('C', 2.814060746383643), ('degree', 4), ('gamma', 8.918354512257459)]);tf-idf;{'analyzer': 'word', 'binary': False, 'decode_error': 'strict', 'dtype': <class 'numpy.float64'>, 'encoding': 'utf-8', 'input': 'content', 'lowercase': True, 'max_df': 0.8, 'max_features': 5000, 'min_df': 1, 'ngram_range': (1, 3), 'norm': 'l1', 'preprocessor': None, 'smooth_idf': True, 'stop_words': None, 'strip_accents': None, 'sublinear_tf': False, 'token_pattern': '(?u)\\b\\w\\w+\\b', 'tokenizer': None, 'use_idf': True, 'vocabulary': None};svm;OrderedDict([('C', 3.4699346206519524), ('degree', 4), ('gamma', 7.621313551231291)]);;;;;;;;;;;;;;;;;;;;;
201;bow;{'analyzer': 'word', 'binary': True, 'decode_error': 'strict', 'dtype': <class 'numpy.int64'>, 'encoding': 'utf-8', 'input': 'content', 'lowercase': True, 'max_df': 0.8, 'max_features': 5000, 'min_df': 1, 'ngram_range': (1, 3), 'preprocessor': None, 'stop_words': None, 'strip_accents': None, 'token_pattern': '(?u)\\b\\w\\w+\\b', 'tokenizer': None, 'vocabulary': None};lr;OrderedDict([('C', 1.5273182127598055), ('max_iter', 406)]);bow;{'analyzer': 'word', 'binary': True, 'decode_error': 'strict', 'dtype': <class 'numpy.int64'>, 'encoding': 'utf-8', 'input': 'content', 'lowercase': True, 'max_df': 0.8, 'max_features': 5000, 'min_df': 1, 'ngram_range': (1, 3), 'preprocessor': None, 'stop_words': None, 'strip_accents': None, 'token_pattern': '(?u)\\b\\w\\w+\\b', 'tokenizer': None, 'vocabulary': None};lr;OrderedDict([('C', 1.529569741582655), ('max_iter', 100)]);;;;;;;;;;;;;;;;;;;;;
202;word2vec;{'hs': 1, 'min_count': 10, 'sg': 0, 'vector_size': 100, 'window': 7, 'workers': 1};rf;OrderedDict([('max_depth', 25), ('max_features', 'log2'), ('min_samples_leaf', 1), ('min_samples_split', 3), ('n_estimators', 78)]);word2vec;{'hs': 1, 'min_count': 10, 'sg': 0, 'vector_size': 100, 'window': 7, 'workers': 1};rf;OrderedDict([('max_depth', 25), ('max_features', 'log2'), ('min_samples_leaf', 1), ('min_samples_split', 3), ('n_estimators', 78)]);;;;;;;;;;;;;;;;;;;;;
203;bow;{'analyzer': 'word', 'binary': True, 'decode_error': 'strict', 'dtype': <class 'numpy.int64'>, 'encoding': 'utf-8', 'input': 'content', 'lowercase': True, 'max_df': 0.8, 'max_features': 5000, 'min_df': 1, 'ngram_range': (1, 3), 'preprocessor': None, 'stop_words': None, 'strip_accents': None, 'token_pattern': '(?u)\\b\\w\\w+\\b', 'tokenizer': None, 'vocabulary': None};svm;OrderedDict([('C', 0.9709791762960306), ('degree', 4), ('gamma', 0.008117541244829381)]);bow;{'analyzer': 'word', 'binary': True, 'decode_error': 'strict', 'dtype': <class 'numpy.int64'>, 'encoding': 'utf-8', 'input': 'content', 'lowercase': True, 'max_df': 0.8, 'max_features': 5000, 'min_df': 1, 'ngram_range': (1, 3), 'preprocessor': None, 'stop_words': None, 'strip_accents': None, 'token_pattern': '(?u)\\b\\w\\w+\\b', 'tokenizer': None, 'vocabulary': None};nb;OrderedDict([('alpha', 9.967760067534305), ('fit_prior', False)]);;;;;;;;;;;;;;;;;;;;;
204;tf-idf;{'analyzer': 'word', 'binary': False, 'decode_error': 'strict', 'dtype': <class 'numpy.float64'>, 'encoding': 'utf-8', 'input': 'content', 'lowercase': True, 'max_df': 0.8, 'max_features': 5000, 'min_df': 1, 'ngram_range': (1, 1), 'norm': 'l1', 'preprocessor': None, 'smooth_idf': True, 'stop_words': None, 'strip_accents': None, 'sublinear_tf': False, 'token_pattern': '(?u)\\b\\w\\w+\\b', 'tokenizer': None, 'use_idf': True, 'vocabulary': None};nb;OrderedDict([('alpha', 0.29397976202716886), ('fit_prior', False)]);tf-idf;{'analyzer': 'word', 'binary': False, 'decode_error': 'strict', 'dtype': <class 'numpy.float64'>, 'encoding': 'utf-8', 'input': 'content', 'lowercase': True, 'max_df': 0.8, 'max_features': 5000, 'min_df': 1, 'ngram_range': (1, 1), 'norm': 'l1', 'preprocessor': None, 'smooth_idf': True, 'stop_words': None, 'strip_accents': None, 'sublinear_tf': False, 'token_pattern': '(?u)\\b\\w\\w+\\b', 'tokenizer': None, 'use_idf': True, 'vocabulary': None};nb;OrderedDict([('alpha', 0.08622587782762474), ('fit_prior', False)]);;;;;;;;;;;;;;;;;;;;;
205;tf-idf;{'analyzer': 'word', 'binary': False, 'decode_error': 'strict', 'dtype': <class 'numpy.float64'>, 'encoding': 'utf-8', 'input': 'content', 'lowercase': True, 'max_df': 1.0, 'max_features': None, 'min_df': 1, 'ngram_range': (1, 1), 'norm': 'l2', 'preprocessor': None, 'smooth_idf': True, 'stop_words': None, 'strip_accents': None, 'sublinear_tf': False, 'token_pattern': '(?u)\\b\\w\\w+\\b', 'tokenizer': None, 'use_idf': True, 'vocabulary': None};lr;OrderedDict([('C', 3.7421386051468146), ('max_iter', 100)]);bow;{'analyzer': 'word', 'binary': False, 'decode_error': 'strict', 'dtype': <class 'numpy.int64'>, 'encoding': 'utf-8', 'input': 'content', 'lowercase': True, 'max_df': 1.0, 'max_features': None, 'min_df': 1, 'ngram_range': (1, 1), 'preprocessor': None, 'stop_words': None, 'strip_accents': None, 'token_pattern': '(?u)\\b\\w\\w+\\b', 'tokenizer': None, 'vocabulary': None};nb;OrderedDict([('alpha', 1.1189646633723633), ('fit_prior', False)]);;;;;;;;;;;;;;;;;;;;;
206;bow;{'analyzer': 'word', 'binary': True, 'decode_error': 'strict', 'dtype': <class 'numpy.int64'>, 'encoding': 'utf-8', 'input': 'content', 'lowercase': True, 'max_df': 0.8, 'max_features': 5000, 'min_df': 10, 'ngram_range': (1, 3), 'preprocessor': None, 'stop_words': None, 'strip_accents': None, 'token_pattern': '(?u)\\b\\w\\w+\\b', 'tokenizer': None, 'vocabulary': None};lr;OrderedDict([('C', 2.6607784251973974), ('max_iter', 1000)]);bow;{'analyzer': 'word', 'binary': True, 'decode_error': 'strict', 'dtype': <class 'numpy.int64'>, 'encoding': 'utf-8', 'input': 'content', 'lowercase': True, 'max_df': 0.8, 'max_features': 5000, 'min_df': 10, 'ngram_range': (1, 3), 'preprocessor': None, 'stop_words': None, 'strip_accents': None, 'token_pattern': '(?u)\\b\\w\\w+\\b', 'tokenizer': None, 'vocabulary': None};lr;OrderedDict([('C', 4.196800055071405), ('max_iter', 1000)]);;;;;;;;;;;;;;;;;;;;;
207;tf-idf;{'analyzer': 'word', 'binary': False, 'decode_error': 'strict', 'dtype': <class 'numpy.float64'>, 'encoding': 'utf-8', 'input': 'content', 'lowercase': True, 'max_df': 1.0, 'max_features': None, 'min_df': 1, 'ngram_range': (1, 1), 'norm': 'l2', 'preprocessor': None, 'smooth_idf': True, 'stop_words': None, 'strip_accents': None, 'sublinear_tf': False, 'token_pattern': '(?u)\\b\\w\\w+\\b', 'tokenizer': None, 'use_idf': True, 'vocabulary': None};nb;OrderedDict([('alpha', 0.3443022969960831), ('fit_prior', True)]);tf-idf;{'analyzer': 'word', 'binary': False, 'decode_error': 'strict', 'dtype': <class 'numpy.float64'>, 'encoding': 'utf-8', 'input': 'content', 'lowercase': True, 'max_df': 1.0, 'max_features': None, 'min_df': 1, 'ngram_range': (1, 1), 'norm': 'l2', 'preprocessor': None, 'smooth_idf': True, 'stop_words': None, 'strip_accents': None, 'sublinear_tf': False, 'token_pattern': '(?u)\\b\\w\\w+\\b', 'tokenizer': None, 'use_idf': True, 'vocabulary': None};nb;OrderedDict([('alpha', 0.6299375108157511), ('fit_prior', False)]);;;;;;;;;;;;;;;;;;;;;
208;bow;{'analyzer': 'word', 'binary': False, 'decode_error': 'strict', 'dtype': <class 'numpy.int64'>, 'encoding': 'utf-8', 'input': 'content', 'lowercase': True, 'max_df': 1.0, 'max_features': None, 'min_df': 1, 'ngram_range': (1, 1), 'preprocessor': None, 'stop_words': None, 'strip_accents': None, 'token_pattern': '(?u)\\b\\w\\w+\\b', 'tokenizer': None, 'vocabulary': None};lr;OrderedDict([('C', 2.444909542142414), ('max_iter', 1000)]);bow;{'analyzer': 'word', 'binary': False, 'decode_error': 'strict', 'dtype': <class 'numpy.int64'>, 'encoding': 'utf-8', 'input': 'content', 'lowercase': True, 'max_df': 1.0, 'max_features': None, 'min_df': 1, 'ngram_range': (1, 1), 'preprocessor': None, 'stop_words': None, 'strip_accents': None, 'token_pattern': '(?u)\\b\\w\\w+\\b', 'tokenizer': None, 'vocabulary': None};lr;OrderedDict([('C', 9.852336845094776), ('max_iter', 105)]);;;;;;;;;;;;;;;;;;;;;
209;bow;{'analyzer': 'word', 'binary': False, 'decode_error': 'strict', 'dtype': <class 'numpy.int64'>, 'encoding': 'utf-8', 'input': 'content', 'lowercase': True, 'max_df': 1.0, 'max_features': None, 'min_df': 1, 'ngram_range': (1, 1), 'preprocessor': None, 'stop_words': None, 'strip_accents': None, 'token_pattern': '(?u)\\b\\w\\w+\\b', 'tokenizer': None, 'vocabulary': None};lr;OrderedDict([('C', 10.0), ('max_iter', 100)]);bow;{'analyzer': 'word', 'binary': False, 'decode_error': 'strict', 'dtype': <class 'numpy.int64'>, 'encoding': 'utf-8', 'input': 'content', 'lowercase': True, 'max_df': 1.0, 'max_features': None, 'min_df': 1, 'ngram_range': (1, 1), 'preprocessor': None, 'stop_words': None, 'strip_accents': None, 'token_pattern': '(?u)\\b\\w\\w+\\b', 'tokenizer': None, 'vocabulary': None};lr;OrderedDict([('C', 10.0), ('max_iter', 100)]);;;;;;;;;;;;;;;;;;;;;
210;bow;{'analyzer': 'word', 'binary': False, 'decode_error': 'strict', 'dtype': <class 'numpy.int64'>, 'encoding': 'utf-8', 'input': 'content', 'lowercase': True, 'max_df': 1.0, 'max_features': None, 'min_df': 1, 'ngram_range': (1, 1), 'preprocessor': None, 'stop_words': None, 'strip_accents': None, 'token_pattern': '(?u)\\b\\w\\w+\\b', 'tokenizer': None, 'vocabulary': None};lr;OrderedDict([('C', 9.89612540050198), ('max_iter', 110)]);bow;{'analyzer': 'word', 'binary': False, 'decode_error': 'strict', 'dtype': <class 'numpy.int64'>, 'encoding': 'utf-8', 'input': 'content', 'lowercase': True, 'max_df': 1.0, 'max_features': None, 'min_df': 1, 'ngram_range': (1, 1), 'preprocessor': None, 'stop_words': None, 'strip_accents': None, 'token_pattern': '(?u)\\b\\w\\w+\\b', 'tokenizer': None, 'vocabulary': None};lr;OrderedDict([('C', 10.0), ('max_iter', 1000)]);;;;;;;;;;;;;;;;;;;;;
211;bow;{'analyzer': 'word', 'binary': False, 'decode_error': 'strict', 'dtype': <class 'numpy.int64'>, 'encoding': 'utf-8', 'input': 'content', 'lowercase': True, 'max_df': 1.0, 'max_features': None, 'min_df': 1, 'ngram_range': (1, 1), 'preprocessor': None, 'stop_words': None, 'strip_accents': None, 'token_pattern': '(?u)\\b\\w\\w+\\b', 'tokenizer': None, 'vocabulary': None};lr;OrderedDict([('C', 10.0), ('max_iter', 100)]);bow;{'analyzer': 'word', 'binary': False, 'decode_error': 'strict', 'dtype': <class 'numpy.int64'>, 'encoding': 'utf-8', 'input': 'content', 'lowercase': True, 'max_df': 1.0, 'max_features': None, 'min_df': 1, 'ngram_range': (1, 1), 'preprocessor': None, 'stop_words': None, 'strip_accents': None, 'token_pattern': '(?u)\\b\\w\\w+\\b', 'tokenizer': None, 'vocabulary': None};lr;OrderedDict([('C', 9.903893059094834), ('max_iter', 998)]);;;;;;;;;;;;;;;;;;;;;
212;bow;{'analyzer': 'word', 'binary': True, 'decode_error': 'strict', 'dtype': <class 'numpy.int64'>, 'encoding': 'utf-8', 'input': 'content', 'lowercase': True, 'max_df': 0.8, 'max_features': 5000, 'min_df': 10, 'ngram_range': (1, 3), 'preprocessor': None, 'stop_words': None, 'strip_accents': None, 'token_pattern': '(?u)\\b\\w\\w+\\b', 'tokenizer': None, 'vocabulary': None};lr;OrderedDict([('C', 1.6287860428428715), ('max_iter', 100)]);bow;{'analyzer': 'word', 'binary': True, 'decode_error': 'strict', 'dtype': <class 'numpy.int64'>, 'encoding': 'utf-8', 'input': 'content', 'lowercase': True, 'max_df': 0.8, 'max_features': 5000, 'min_df': 10, 'ngram_range': (1, 3), 'preprocessor': None, 'stop_words': None, 'strip_accents': None, 'token_pattern': '(?u)\\b\\w\\w+\\b', 'tokenizer': None, 'vocabulary': None};lr;OrderedDict([('C', 1.3932930014808056), ('max_iter', 1000)]);;;;;;;;;;;;;;;;;;;;;
