acc_vectorizer_type;acc_vectorizer_parameters;acc_model;acc_model_parameters;f1_vectorizer_type;f1_vectorizer_parameters;f1_model;f1_model_parameters;avg_char_per_word;avg_class_count;avg_unique_words_per_doc;english_stopword_ratio;max_char_per_word;max_class_count;max_min_length_ratio;max_words_per_doc;min_char_per_word;min_class_count;min_words_per_doc;number_of_classes;number_of_documents;number_of_words;punctuation_token_ratio;special_char_ratio;type_token_relation;vocabulary_size;avg_bigram_freq_per_doc;avg_std_ratio_class_count;avg_trigram_freq_per_doc;avg_words_per_doc;hapax_legomena_ratio;high_frequency_word_ratio;kurtosis_per_doc;long_word_ratio;median_words_per_doc;numeric_token_ratio;rare_word_ratio;skewness_per_doc;std_char_per_word;std_class_count;std_words_per_doc;variance_words_per_doc;class_entropy;corpus_word_entropy;max_class_entropy;mean_info_gain_ratio;mean_mutual_info_words_classes;normalized_class_entropy;words_per_doc_entropy;avg_feature_importance;avg_prediction_time;avg_training_time;avg_tree_depth;coef_stability;embedding_matrix_size;ideal_clusters_for_kmeans;num_tree_leaves;num_tree_nodes;sparsity;svd_top10_singular_ratio;svd_total_explained_ratio;svd_total_explained_variance;svd_total_singular_sum;avg_acc;avg_balanced_acc;avg_f1_macro;avg_f1_micro;avg_f1_weighted;cluster_label_agreement;davies_bouldin_score_embeddings;linear_vs_nonlinear_gap_acc;linear_vs_nonlinear_gap_balanced_acc;linear_vs_nonlinear_gap_f1_macro;linear_vs_nonlinear_gap_f1_micro;linear_vs_nonlinear_gap_f1_weighted;robustness_to_noise_acc_linear;robustness_to_noise_balanced_acc_linear;robustness_to_noise_f1_macro_linear;robustness_to_noise_f1_micro_linear;robustness_to_noise_f1_weighted_linear;silhouette_score_embeddings;automated_readability_index;coleman_liau_index;dale_chall_readability_score;difficult_words;flesch_kincaid_grade;flesch_reading_ease;gunning_fog;linsear_write_formula;school_grade;smog_index
tf-idf;{'analyzer': 'word', 'binary': False, 'decode_error': 'strict', 'dtype': <class 'numpy.float64'>, 'encoding': 'utf-8', 'input': 'content', 'lowercase': True, 'max_df': 0.8, 'max_features': 5000, 'min_df': 1, 'ngram_range': (1, 3), 'norm': 'l1', 'preprocessor': None, 'smooth_idf': True, 'stop_words': None, 'strip_accents': None, 'sublinear_tf': False, 'token_pattern': '(?u)\\b\\w\\w+\\b', 'tokenizer': None, 'use_idf': True, 'vocabulary': None};nb;OrderedDict([('alpha', 0.001443617026655253), ('fit_prior', True)]);bow;{'analyzer': 'word', 'binary': True, 'decode_error': 'strict', 'dtype': <class 'numpy.int64'>, 'encoding': 'utf-8', 'input': 'content', 'lowercase': True, 'max_df': 0.8, 'max_features': 5000, 'min_df': 1, 'ngram_range': (1, 3), 'preprocessor': None, 'stop_words': None, 'strip_accents': None, 'token_pattern': '(?u)\\b\\w\\w+\\b', 'tokenizer': None, 'vocabulary': None};lr;OrderedDict([('C', 6.6360850776123375), ('max_iter', 731)]);5.4701417004048585;70.33333333333333;9.298578199052132;0.2048831964429957;24.0;84.0;4.8;24.0;5.0;62.0;5.0;3.0;211.0;1976.0;0.0010121457489878543;0.029214514748637198;0.5708502024291497;1128.0;8.364928909952607;5.895326878196037;7.3649289099526065;9.364928909952607;0.7588652482269503;0.0;7.353943783985153;0.32793522267206476;9.0;0.01062753036437247;0.4686234817813765;1.595015738498177;2.292477368066665;11.930353445448855;2.2979291649881404;5.280478447303092;1.5714842948481724;9.500865849026004;1.584962500721156;0.10779839503021191;0.006279440062085676;0.9914961988899731;3.178708430321757;1;3.760655721028646e-06;0.00460513432820638;33.0;0.16215354681558153;112800.0;4.0;76.0;151.0;0.9907298578199052;0.14163963071167324;0.6445217069608383;0.6310991051551499;115.30826337381089;0.49617706237424547;0.46654641654641654;0.4507934456582326;0.49617706237424547;0.4642933022306257;0.010061721506937345;8.511289399072131;-0.08571428571428569;-0.08739778739778736;-0.09454385264298454;-0.08571428571428569;-0.09124664424339163;0.11401743796109998;0.13828763828763818;0.167941303596359;0.09047619047619049;0.17215206691172785;0.005327515517950311;13.558666474327445;13.349645390070918;13.494417741859122;540.0;11.564527739113146;45.00967289719628;14.167686466115578;4.818181818181818;13;13.607724972218978
tf-idf;{'analyzer': 'word', 'binary': False, 'decode_error': 'strict', 'dtype': <class 'numpy.float64'>, 'encoding': 'utf-8', 'input': 'content', 'lowercase': True, 'max_df': 0.8, 'max_features': 5000, 'min_df': 1, 'ngram_range': (1, 2), 'norm': 'l1', 'preprocessor': None, 'smooth_idf': True, 'stop_words': None, 'strip_accents': None, 'sublinear_tf': False, 'token_pattern': '(?u)\\b\\w\\w+\\b', 'tokenizer': None, 'use_idf': True, 'vocabulary': None};lr;OrderedDict([('C', 10.0), ('max_iter', 100)]);bow;{'analyzer': 'word', 'binary': True, 'decode_error': 'strict', 'dtype': <class 'numpy.int64'>, 'encoding': 'utf-8', 'input': 'content', 'lowercase': True, 'max_df': 0.8, 'max_features': 5000, 'min_df': 1, 'ngram_range': (1, 3), 'preprocessor': None, 'stop_words': None, 'strip_accents': None, 'token_pattern': '(?u)\\b\\w\\w+\\b', 'tokenizer': None, 'vocabulary': None};nb;OrderedDict([('alpha', 0.001346188352417504), ('fit_prior', True)]);5.4362427128664095;90.25;22.083102493074794;0.0006652028509826187;146.0;151.0;24.333333333333332;146.0;6.0;33.0;6.0;4.0;361.0;12179.0;0.019541834304951145;0.03114908004751292;0.1993595533295016;2428.0;32.73684210526316;1.5314401516913279;31.736842105263158;33.73684210526316;0.5032948929159803;0.0;7.3989909473247035;0.28425979144428937;27.0;0.0;0.10041875359224896;2.5918568368818153;23.761278121139412;58.93145736079048;23.794257010183504;566.1666666666667;1.755030613315249;9.298516969680874;2.0;0.07476654075019593;0.004912049047773729;0.8775153066576244;4.2496670743565685;1;3.7177403767903647e-06;0.00863337516784668;29.0;0.18563984470844805;242800.0;4.0;112.0;223.0;0.9817562326869806;0.15413612446681713;0.5735430557029768;0.544446946656362;140.9530120647598;0.46809764309764307;0.3057366931973635;0.2744266153137965;0.46809764309764307;0.4128654950079642;0.01391674823319287;9.003332026087017;-0.0444444444444444;-0.027219182246542073;-0.024140783624085227;-0.0444444444444444;-0.03806477158895233;0.07747933884297514;0.034025998701101345;0.060807702881387954;0.10247933884297517;0.048888531277213376;0.004958236855138994;6.946523047610075;9.825776735616781;19.46079959516991;1289.0;5.233036163878161;67.41820482643038;6.09987780372035;2.7058823529411766;6;7.323194350798314
bow;{'analyzer': 'word', 'binary': True, 'decode_error': 'strict', 'dtype': <class 'numpy.int64'>, 'encoding': 'utf-8', 'input': 'content', 'lowercase': True, 'max_df': 0.8, 'max_features': 5000, 'min_df': 1, 'ngram_range': (1, 2), 'preprocessor': None, 'stop_words': None, 'strip_accents': None, 'token_pattern': '(?u)\\b\\w\\w+\\b', 'tokenizer': None, 'vocabulary': None};nb;OrderedDict([('alpha', 0.060163078295899286), ('fit_prior', False)]);bow;{'analyzer': 'word', 'binary': True, 'decode_error': 'strict', 'dtype': <class 'numpy.int64'>, 'encoding': 'utf-8', 'input': 'content', 'lowercase': True, 'max_df': 0.8, 'max_features': 5000, 'min_df': 1, 'ngram_range': (1, 2), 'preprocessor': None, 'stop_words': None, 'strip_accents': None, 'token_pattern': '(?u)\\b\\w\\w+\\b', 'tokenizer': None, 'vocabulary': None};nb;OrderedDict([('alpha', 0.060163078295899286), ('fit_prior', False)]);5.969033302497687;50.0;304.36;0.06086134819504261;1462.0;50.0;29.836734693877553;1462.0;49.0;50.0;49.0;2.0;100.0;43240.0;0.0005550416281221092;0.10737020696804281;0.35911193339500463;15528.0;431.4;0.0;430.4;432.4;0.6931349819680577;0.0;1.2171339801492884;0.43711840888066605;302.5;0.007284921369102683;0.26288159111933396;1.3645895515206627;325.16260547609096;0.0;326.8007146116836;106798.70707070705;1.0;12.037606382491958;1.0;0.03010323189261386;0.013723059198630675;1.0;7.686488530621482;1;5.149841308593751e-06;0.002644141515096029;5.0;0.13718010538366995;1552800.0;7.0;12.0;23.0;0.88443;0.18805264601774946;0.9999999999999998;0.8364169610090741;90.41039048286525;0.7565854624678154;0.7575571895424836;0.7545716788754863;0.7565854624678154;0.7545909587736439;0.00029187493159181293;4.880916765752829;0.05020796197266786;0.04656862745098045;0.04937971164231192;0.05020796197266786;0.049928626800915143;0.14943553178847302;0.18014705882352944;0.14343133382016982;0.07932263814616736;0.15315342374257723;0.017772799241454168;15.233532019381322;16.137164199879365;19.43832169194716;8918.0;10.615615032400871;49.40871392105143;13.083650478466843;11.166666666666666;10;12.467915310106058
bow;{'analyzer': 'word', 'binary': True, 'decode_error': 'strict', 'dtype': <class 'numpy.int64'>, 'encoding': 'utf-8', 'input': 'content', 'lowercase': True, 'max_df': 0.8, 'max_features': 5000, 'min_df': 1, 'ngram_range': (1, 3), 'preprocessor': None, 'stop_words': None, 'strip_accents': None, 'token_pattern': '(?u)\\b\\w\\w+\\b', 'tokenizer': None, 'vocabulary': None};nb;OrderedDict([('alpha', 1.023800489659451), ('fit_prior', False)]);bow;{'analyzer': 'word', 'binary': True, 'decode_error': 'strict', 'dtype': <class 'numpy.int64'>, 'encoding': 'utf-8', 'input': 'content', 'lowercase': True, 'max_df': 0.8, 'max_features': 5000, 'min_df': 1, 'ngram_range': (1, 3), 'preprocessor': None, 'stop_words': None, 'strip_accents': None, 'token_pattern': '(?u)\\b\\w\\w+\\b', 'tokenizer': None, 'vocabulary': None};nb;OrderedDict([('alpha', 1.0039671855709875), ('fit_prior', False)]);4.232379623168178;166.33333333333334;10.8937875751503;0.38464885940320404;29.0;199.0;29.0;29.0;1.0;134.0;1.0;3.0;499.0;5732.0;0.0045359385903698535;0.043415980495214515;0.3018143754361479;1730.0;10.486973947895791;5.11774683842601;9.507014028056112;11.486973947895791;0.5387283236994219;0.0;-0.3770597206369186;0.15631542219120725;10.0;0.0078506629448709;0.1793440334961619;0.6612057791000155;6.742124527744788;32.50128202599604;6.74889033429199;45.547520744299845;1.566501623347046;9.505271508533385;1.584962500721156;0.08522264316281203;0.003598958362153174;0.9883524831876398;3.1593215983360214;1;3.5206476847330727e-06;0.0065534114837646484;80.0;0.24735523706350349;173000.0;8.0;144.0;287.0;0.9906733466933868;0.15062369399106812;0.5832403464557064;0.5656077567081912;167.03968692252337;0.5082245148257701;0.4795759857119724;0.4686004551007066;0.5082245148257701;0.4823805752699332;0.0009056666240326662;8.895126323759156;0.01602818459466615;0.015555280356275403;0.010407656902452656;0.01602818459466615;0.011803996204720446;0.06804463362431756;0.046682173547845096;0.062400513450408646;0.06590433590650019;0.07088982258735871;0.010419302505428739;4.6628594351004296;5.286861570975699;8.340906170331278;496.0;4.745955100135319;82.97384251657462;6.546969962079159;10.6;4;7.896120167759568
bow;{'analyzer': 'word', 'binary': True, 'decode_error': 'strict', 'dtype': <class 'numpy.int64'>, 'encoding': 'utf-8', 'input': 'content', 'lowercase': True, 'max_df': 0.8, 'max_features': 5000, 'min_df': 1, 'ngram_range': (1, 3), 'preprocessor': None, 'stop_words': None, 'strip_accents': None, 'token_pattern': '(?u)\\b\\w\\w+\\b', 'tokenizer': None, 'vocabulary': None};nb;OrderedDict([('alpha', 10.0), ('fit_prior', True)]);tf-idf;{'analyzer': 'word', 'binary': False, 'decode_error': 'strict', 'dtype': <class 'numpy.float64'>, 'encoding': 'utf-8', 'input': 'content', 'lowercase': True, 'max_df': 0.8, 'max_features': 5000, 'min_df': 1, 'ngram_range': (1, 3), 'norm': 'l1', 'preprocessor': None, 'smooth_idf': True, 'stop_words': None, 'strip_accents': None, 'sublinear_tf': False, 'token_pattern': '(?u)\\b\\w\\w+\\b', 'tokenizer': None, 'use_idf': True, 'vocabulary': None};nb;OrderedDict([('alpha', 0.015292435120835123), ('fit_prior', False)]);4.433861040713557;64.28571428571429;93.2;0.4429312356648522;298.0;143.0;24.833333333333332;298.0;12.0;12.0;12.0;7.0;450.0;60766.0;0.0027811605173945955;0.03358620770893339;0.2334200046078399;14184.0;134.03555555555556;1.242891602340113;133.03555555555556;135.03555555555556;0.6841511562323745;7.050197405527355e-05;-0.9950758231186461;0.16306816311753283;118.0;0.0001810222821972814;0.17573972287134254;0.2677008910429432;63.118045158982525;51.72270386627226;63.18829342241503;3992.7604256372183;2.41568648602379;10.949152068976364;2.807354922057604;0.04369675323621307;0.008532874842384096;0.8604848881213968;6.195959523144957;1;4.356702168782552e-06;0.021556854248046875;30.0;0.16862496054779663;1418400.0;2.0;145.0;289.0;0.9419755555555556;0.20394724143807555;0.5646437254993211;0.4754522712171412;147.26180627981415;0.3185185185185185;0.16348938409346056;0.12734096390974434;0.3185185185185185;0.24371218077120196;0.015392692563520865;5.577564918301909;0.02444444444444449;0.011810513418628182;0.01347131294604055;0.02444444444444449;0.027962506607541404;-0.017777777777777837;0.006240455938271716;0.011004817093002842;-0.011111111111111183;0.0034112445779179434;0.013087625782013753;11.93102053885896;7.715003055780379;8.943506869875801;5975.0;9.3471518470317;72.49581877038138;11.764621643923377;12.0;11;9.572238966717642
tf-idf;{'analyzer': 'word', 'binary': False, 'decode_error': 'strict', 'dtype': <class 'numpy.float64'>, 'encoding': 'utf-8', 'input': 'content', 'lowercase': True, 'max_df': 0.8, 'max_features': 5000, 'min_df': 1, 'ngram_range': (1, 3), 'norm': 'l1', 'preprocessor': None, 'smooth_idf': True, 'stop_words': None, 'strip_accents': None, 'sublinear_tf': False, 'token_pattern': '(?u)\\b\\w\\w+\\b', 'tokenizer': None, 'use_idf': True, 'vocabulary': None};nb;OrderedDict([('alpha', 0.05474944244460215), ('fit_prior', False)]);bow;{'analyzer': 'word', 'binary': True, 'decode_error': 'strict', 'dtype': <class 'numpy.int64'>, 'encoding': 'utf-8', 'input': 'content', 'lowercase': True, 'max_df': 0.8, 'max_features': 5000, 'min_df': 1, 'ngram_range': (1, 3), 'preprocessor': None, 'stop_words': None, 'strip_accents': None, 'token_pattern': '(?u)\\b\\w\\w+\\b', 'tokenizer': None, 'vocabulary': None};lr;OrderedDict([('C', 5.149018040544228), ('max_iter', 994)]);6.711505039972193;90.1875;15.247401247401248;0.05683748373650541;79.0;238.0;39.5;79.0;2.0;31.0;2.0;16.0;1443.0;23016.0;0.0;0.1055964046565312;0.21293882516510254;4901.0;14.95010395010395;1.6542469100390076;13.95010395010395;15.95010395010395;0.5643746174250153;0.00020403999183840033;12.069270402445412;0.48870351060132083;14.0;0.0016075773375043448;0.13208202989224888;2.436899442938975;6.6944194073829575;54.51876588233939;6.6967402323469;44.846329739533616;3.7826222825132083;10.248696188640386;4.0;0.1850970389033768;0.011829666447090624;0.9456555706283021;3.8344530902349807;1;4.016558329264323e-06;0.06397199630737305;104.0;0.3075754585997227;490100.0;9.0;418.0;835.0;0.9882169092169092;0.16269170808489866;0.4398324637593819;0.4244100234604157;246.4112574586375;0.6061446061446062;0.5251130224184539;0.5609317130054942;0.6061446061446062;0.5919464115322969;0.1382683730427275;5.993347310245676;0.017325017325017233;0.057157244747828906;0.04027783029042864;0.017325017325017233;0.024037109425237846;0.20582120582120583;0.19772959810960383;0.23014009125399404;0.19473319473319478;0.20971323494120647;0.020838705571259664;14.26348742574686;18.71962113312478;19.666127307517648;3536.0;9.917602778109664;38.50043627130219;12.836572352832457;4.75;11;11.113007586810841
bow;{'analyzer': 'word', 'binary': True, 'decode_error': 'strict', 'dtype': <class 'numpy.int64'>, 'encoding': 'utf-8', 'input': 'content', 'lowercase': True, 'max_df': 0.8, 'max_features': 5000, 'min_df': 1, 'ngram_range': (1, 3), 'preprocessor': None, 'stop_words': None, 'strip_accents': None, 'token_pattern': '(?u)\\b\\w\\w+\\b', 'tokenizer': None, 'vocabulary': None};nb;OrderedDict([('alpha', 1.7765766649807682), ('fit_prior', True)]);bow;{'analyzer': 'word', 'binary': True, 'decode_error': 'strict', 'dtype': <class 'numpy.int64'>, 'encoding': 'utf-8', 'input': 'content', 'lowercase': True, 'max_df': 0.8, 'max_features': 5000, 'min_df': 1, 'ngram_range': (1, 3), 'preprocessor': None, 'stop_words': None, 'strip_accents': None, 'token_pattern': '(?u)\\b\\w\\w+\\b', 'tokenizer': None, 'vocabulary': None};nb;OrderedDict([('alpha', 1.7765766649807682), ('fit_prior', True)]);4.221240160198867;478.5;13.945663531870428;0.35788896876142695;96.0;835.0;96.0;96.0;1.0;122.0;1.0;2.0;957.0;14482.0;0.009460019334346086;0.06131517881671506;0.2942273166689684;4261.0;14.132706374085684;0.9490900274832061;13.138975966562173;15.132706374085684;0.682234217319878;0.0;7.74357125066801;0.15225797541775998;12.0;0.0234774202458224;0.234774202458224;1.9442078471131574;10.683347049019432;504.16713498600836;10.688933113217619;114.2532910988401;0.5504911033789688;10.530959576136805;1.0;0.05056533320447201;0.0028672908362928347;0.5504911033789688;3.5021285034726524;1;3.6128362019856773e-06;0.006073395411173503;16.0;0.3661853813228488;426100.0;8.0;36.0;71.0;0.9896206896551725;0.15460108472313486;0.4787304983730547;0.4620073983943583;209.53595426385368;0.9334726576105887;0.7682799358904345;0.8043891685075716;0.9334726576105887;0.9226080059612697;0.05555443253492453;10.543984409676678;0.056426332288401326;0.22837412996432116;0.228253534797493;0.056426332288401326;0.08049398482599068;0.019853709508881878;0.10800798385681698;0.15813826956599397;0.02507836990595591;0.06179800969630489;0.007889418886797993;3.4352696660670645;4.438578039545643;9.546954624815559;1354.0;3.72246865268043;86.12569315566986;5.6721809020584235;5.111111111111111;3;7.416486536384254
bow;{'analyzer': 'word', 'binary': True, 'decode_error': 'strict', 'dtype': <class 'numpy.int64'>, 'encoding': 'utf-8', 'input': 'content', 'lowercase': True, 'max_df': 0.8, 'max_features': 5000, 'min_df': 1, 'ngram_range': (1, 3), 'preprocessor': None, 'stop_words': None, 'strip_accents': None, 'token_pattern': '(?u)\\b\\w\\w+\\b', 'tokenizer': None, 'vocabulary': None};lr;OrderedDict([('C', 2.2364202820542705), ('max_iter', 895)]);bow;{'analyzer': 'word', 'binary': True, 'decode_error': 'strict', 'dtype': <class 'numpy.int64'>, 'encoding': 'utf-8', 'input': 'content', 'lowercase': True, 'max_df': 0.8, 'max_features': 5000, 'min_df': 1, 'ngram_range': (1, 3), 'preprocessor': None, 'stop_words': None, 'strip_accents': None, 'token_pattern': '(?u)\\b\\w\\w+\\b', 'tokenizer': None, 'vocabulary': None};lr;OrderedDict([('C', 2.2364202820542705), ('max_iter', 895)]);4.405860756357412;582.6666666666666;22.023455377574372;0.4053196798991006;76.0;1162.0;38.0;76.0;2.0;200.0;2.0;3.0;1748.0;44397.0;0.0;0.02208779527851078;0.1584566524765187;7035.0;24.398741418764303;1.141892598684674;23.398741418764303;25.398741418764303;0.5943141435678749;0.0;-0.9540391715833119;0.16316417775975856;23.0;0.0016217311980539226;0.09417302970921458;0.3225685495686139;13.843004107419487;510.2639839664694;13.846965476539756;191.73845290848385;1.2306417046284666;9.737004809520208;1.584962500721156;0.02202183368187146;0.001666687503047235;0.7764484674359967;4.156893889026587;1;3.735224405924479e-06;0.03984920183817545;63.0;0.3669289305764568;703500.0;7.0;200.0;399.0;0.983841533180778;0.17508816182417886;0.4446107730217996;0.4206856812791376;270.2132857688998;0.7835654083465794;0.5701847341336831;0.583023048299824;0.7835654083465794;0.7457254807220197;0.0943138019494934;8.232941774771563;0.0188748013101252;0.03677891200624095;0.034348588485286435;0.0188748013101252;0.02353038223837567;0.08982452417581765;0.12392676035988848;0.14897507990602726;0.08067447476122835;0.10943928455224405;0.008929091295210405;2192.5716041624437;9.461101105665108;226.50167054599342;3888.0;1712.3006639689959;-4368.459887438732;1757.9101561609486;60.0;59;119.26798130596057
tf-idf;{'analyzer': 'word', 'binary': False, 'decode_error': 'strict', 'dtype': <class 'numpy.float64'>, 'encoding': 'utf-8', 'input': 'content', 'lowercase': True, 'max_df': 0.8, 'max_features': 5000, 'min_df': 1, 'ngram_range': (1, 3), 'norm': 'l1', 'preprocessor': None, 'smooth_idf': True, 'stop_words': None, 'strip_accents': None, 'sublinear_tf': False, 'token_pattern': '(?u)\\b\\w\\w+\\b', 'tokenizer': None, 'use_idf': True, 'vocabulary': None};nb;OrderedDict([('alpha', 0.012984555242723614), ('fit_prior', False)]);tf-idf;{'analyzer': 'word', 'binary': False, 'decode_error': 'strict', 'dtype': <class 'numpy.float64'>, 'encoding': 'utf-8', 'input': 'content', 'lowercase': True, 'max_df': 0.8, 'max_features': 5000, 'min_df': 1, 'ngram_range': (1, 3), 'norm': 'l1', 'preprocessor': None, 'smooth_idf': True, 'stop_words': None, 'strip_accents': None, 'sublinear_tf': False, 'token_pattern': '(?u)\\b\\w\\w+\\b', 'tokenizer': None, 'use_idf': True, 'vocabulary': None};nb;OrderedDict([('alpha', 0.009838473192472483), ('fit_prior', False)]);4.5593018690588085;112.4;164.56049822064057;0.44444567885217856;2311.0;185.0;2311.0;2311.0;1.0;55.0;1.0;5.0;562.0;160414.0;0.002830176917226676;0.03833552189716672;0.13178400887703068;21140.0;279.1766666666667;2.082445800032857;283.43594306049823;285.43416370106763;0.6413434247871334;0.0;7.759219625092447;0.1922525465358385;182.0;0.002886281745982271;0.09398805590534492;2.3729850646527537;331.6009319195641;53.974994210282226;331.8963448350953;110155.18371489651;2.190094321463695;10.623877684797788;2.321928094887362;0.019352488190499013;0.00594409703226459;0.9432222842240674;6.267038661578591;1;5.084673563639322e-06;0.02968573570251465;36.0;0.2163465040493482;2114000.0;2.0;159.0;317.0;0.8981992882562277;0.2057080687357881;0.596130370982211;0.46451082425917056;161.55594066482803;0.3433900962061162;0.2452510790929322;0.2090360973780888;0.3433900962061162;0.27792412506330716;0.01107082405619499;6.514617774501569;-0.02315394242803498;-0.010023054083596383;-0.010625565403388076;-0.02315394242803498;-0.015020834556966511;0.03740471043349636;0.04327831331350224;0.0484022227775851;0.05165547843895779;0.05570044948657166;0.013206217504414395;8.473005701401128;7.854319406967768;8.844278213731767;9601.0;7.788796674220389;69.24563734534965;10.007982849584668;7.857142857142858;7;10.352026737170293
bow;{'analyzer': 'word', 'binary': True, 'decode_error': 'strict', 'dtype': <class 'numpy.int64'>, 'encoding': 'utf-8', 'input': 'content', 'lowercase': True, 'max_df': 0.8, 'max_features': 5000, 'min_df': 10, 'ngram_range': (1, 3), 'preprocessor': None, 'stop_words': None, 'strip_accents': None, 'token_pattern': '(?u)\\b\\w\\w+\\b', 'tokenizer': None, 'vocabulary': None};lr;OrderedDict([('C', 0.18683682276570143), ('max_iter', 100)]);bow;{'analyzer': 'word', 'binary': True, 'decode_error': 'strict', 'dtype': <class 'numpy.int64'>, 'encoding': 'utf-8', 'input': 'content', 'lowercase': True, 'max_df': 0.8, 'max_features': 5000, 'min_df': 10, 'ngram_range': (1, 3), 'preprocessor': None, 'stop_words': None, 'strip_accents': None, 'token_pattern': '(?u)\\b\\w\\w+\\b', 'tokenizer': None, 'vocabulary': None};lr;OrderedDict([('C', 0.41159551363121133), ('max_iter', 100)]);4.117128620017488;7577.571428571428;67.17642290217371;0.4743751672707184;6300.0;16351.0;6300.0;6300.0;1.0;1201.0;1.0;7.0;52681.0;5961677.0;0.0014668691376604267;0.02987046292340644;0.023309884114822054;138966.0;111.39328469355051;1.1782863653036235;110.40521840770695;112.39328469355051;0.6056517421527567;7.196004778147172e-06;119.00174302532248;0.15341773799553382;61.0;0.0038663617636446926;0.01585308965916805;6.239220948528004;163.4351435443244;6431.010025834274;163.43668415717121;26711.549728290942;2.3516554093961557;9.997243004405474;2.807354922057604;0.04641612470388539;0.013255531210951904;0.8376765584283689;4.957957039134039;1;4.2072931925455725e-06;8.908198595046997;435.0;0.9844089998388025;13896600.0;2.0;8628.0;17255.0;0.9509927040325773;0.20500290243255057;0.4090844443735546;0.3542022237554463;1340.4956091948595;0.5972261498532636;0.4955006617262712;0.501636322385143;0.5972261498532636;0.5877926331972767;0.21750314974407162;5.998819986719865;-0.025356786003808196;-0.06926420798950506;-0.040084275384142165;-0.025356786003808196;-0.029957407289102345;0.13093150839884615;0.17283155150605428;0.17293479739195933;0.13000772957788953;0.1415449511678314;0.0013452534214254044;7.363164375232593;5.856344670515764;7.723879137779454;62916.0;7.726469293421296;73.15778546915391;9.934745054045345;6.571428571428571;6;9.986235376574879
tf-idf;{'analyzer': 'word', 'binary': False, 'decode_error': 'strict', 'dtype': <class 'numpy.float64'>, 'encoding': 'utf-8', 'input': 'content', 'lowercase': True, 'max_df': 0.8, 'max_features': 5000, 'min_df': 1, 'ngram_range': (1, 3), 'norm': 'l1', 'preprocessor': None, 'smooth_idf': True, 'stop_words': None, 'strip_accents': None, 'sublinear_tf': False, 'token_pattern': '(?u)\\b\\w\\w+\\b', 'tokenizer': None, 'use_idf': True, 'vocabulary': None};nb;OrderedDict([('alpha', 2.2364202820542705), ('fit_prior', False)]);bow;{'analyzer': 'word', 'binary': True, 'decode_error': 'strict', 'dtype': <class 'numpy.int64'>, 'encoding': 'utf-8', 'input': 'content', 'lowercase': True, 'max_df': 0.8, 'max_features': 5000, 'min_df': 1, 'ngram_range': (1, 3), 'preprocessor': None, 'stop_words': None, 'strip_accents': None, 'token_pattern': '(?u)\\b\\w\\w+\\b', 'tokenizer': None, 'vocabulary': None};lr;OrderedDict([('C', 6.6360850776123375), ('max_iter', 731)]);4.874005305039788;53.75;10.367441860465116;0.5243823664395701;22.0;75.0;5.5;22.0;4.0;40.0;4.0;4.0;215.0;2262.0;0.0;0.021079226641203028;0.26657824933687;603.0;9.52093023255814;3.6000389405993616;8.52093023255814;10.52093023255814;0.6053067993366501;0.001658374792703151;0.36056773865913216;0.27939876215738285;10.0;0.0;0.16136162687886826;0.49860805835165006;3.060366153768615;14.930394055974098;3.0675082081812417;9.409606607259292;1.9601735725654694;7.635916910953182;2.0;0.13806264012457622;0.011981761043509327;0.9800867862827347;3.3088920766528362;0.001968503937007874;3.493626912434895e-06;0.0036945343017578125;19.0;0.23462115688427607;60300.0;9.0;57.0;113.0;0.9805347006042849;0.17391860251032334;0.774863928793403;0.7297606998192705;123.6194762855805;0.4792862110937229;0.4197500987574517;0.39928994015308333;0.4792862110937229;0.43407663810408975;0.05592845760159064;6.222924172382657;-0.04179707876890992;-0.020978506787330264;-0.006471559693585538;-0.04179707876890992;-0.007106619370861433;0.16268909754825256;0.09493078000430938;0.134349519677882;0.08835419926969229;0.1418191321071101;0.01213997076576474;6.553231653404065;8.840318302387264;8.616657269672857;266.0;7.06369124668435;62.32556162687891;9.078804597701149;4.333333333333333;8;10.514050679140201
word2vec;{'hs': 1, 'min_count': 10, 'sg': 1, 'vector_size': 100, 'window': 7, 'workers': 1};rf;OrderedDict([('max_depth', 5), ('max_features', 'log2'), ('min_samples_leaf', 5), ('min_samples_split', 2), ('n_estimators', 142)]);word2vec;{'hs': 1, 'min_count': 10, 'sg': 1, 'vector_size': 100, 'window': 7, 'workers': 1};knn;OrderedDict([('leaf_size', 10), ('n_neighbors', 1)]);4.350087649896837;141.0;65.46099290780141;0.4799970139462099;219.0;451.0;73.0;219.0;3.0;33.0;3.0;5.0;705.0;64461.0;0.002032236546128667;0.028188510084120495;0.13400350599587346;8638.0;90.43404255319149;0.803109225273039;89.43404255319149;91.43404255319149;0.6003704561241028;0.0;-0.8229708650208813;0.18432850871069328;87.0;0.007725601526504398;0.09120243247855292;0.3243359744178214;43.81503972784686;175.56765077883796;43.84614732120667;1922.484634912959;1.6111391852261423;9.81533143032874;2.321928094887362;0.030032631229690326;0.004960682157768023;0.6938798788703658;5.738090647802418;1;4.2072931925455725e-06;0.037105162938435875;48.0;0.21664598835576743;863800.0;2.0;144.0;287.0;0.9502936170212766;0.18459212336745967;0.46890005471083146;0.4098899372549125;173.85508556191598;0.616548463356974;0.24129138846872475;0.22248108140624945;0.616548463356974;0.5279982454243709;0.027429086631766724;8.261449810764692;0.007092198581560294;0.011086000419333775;0.004686502724797231;0.007092198581560294;0.010359888305500164;0.024113475177305;0.024970058965643943;0.07115334992240158;0.028368794326241065;0.041035917589731685;0.005739079993177899;6.371370130034826;6.625687501946498;7.918075807041459;3333.0;6.476390709867015;74.67865898748202;8.363279863321969;8.333333333333334;6;9.354831311977449
bow;{'analyzer': 'word', 'binary': True, 'decode_error': 'strict', 'dtype': <class 'numpy.int64'>, 'encoding': 'utf-8', 'input': 'content', 'lowercase': True, 'max_df': 0.8, 'max_features': 5000, 'min_df': 1, 'ngram_range': (1, 3), 'preprocessor': None, 'stop_words': None, 'strip_accents': None, 'token_pattern': '(?u)\\b\\w\\w+\\b', 'tokenizer': None, 'vocabulary': None};rf;OrderedDict([('max_depth', 31), ('max_features', 'sqrt'), ('min_samples_leaf', 1), ('min_samples_split', 2), ('n_estimators', 119)]);tf-idf;{'analyzer': 'word', 'binary': False, 'decode_error': 'strict', 'dtype': <class 'numpy.float64'>, 'encoding': 'utf-8', 'input': 'content', 'lowercase': True, 'max_df': 0.8, 'max_features': 5000, 'min_df': 1, 'ngram_range': (1, 3), 'norm': 'l1', 'preprocessor': None, 'smooth_idf': True, 'stop_words': None, 'strip_accents': None, 'sublinear_tf': False, 'token_pattern': '(?u)\\b\\w\\w+\\b', 'tokenizer': None, 'use_idf': True, 'vocabulary': None};nb;OrderedDict([('alpha', 0.0038990343372889485), ('fit_prior', False)]);4.32113016275294;72.0;69.07738095238095;0.536105136290956;373.0;114.0;62.166666666666664;373.0;6.0;47.0;6.0;7.0;504.0;50506.0;0.0005741892052429415;0.02348815036502324;0.14160693778956956;7152.0;99.21031746031746;2.983641720520103;98.21031746031746;100.21031746031746;0.6368847874720358;0.0;2.0253467043255053;0.19160099790123947;94.5;0.00186116501009781;0.09212766799984161;0.890560202880713;48.193593279942846;24.13158373031769;48.24147564970671;2327.239972861245;2.740139018824614;9.336778134332201;2.807354922057604;0.049061191370851846;0.007221624784795288;0.9760572121804515;5.744581928744523;0.0010000000000000002;4.331270853678386e-06;0.023332993189493816;30.0;0.18546936031838165;715200.0;6.0;181.0;361.0;0.9455793650793651;0.1965487766259486;0.5328485139068823;0.4518512514084864;153.66433154193976;0.22222222222222224;0.16380116959064328;0.12358021443653817;0.22222222222222224;0.15652250086671818;0.006030787442159702;6.672464873243025;-0.04960317460317462;-0.0287406015037594;-0.00348413000270828;-0.04960317460317462;-0.01996492773481079;0.00396825396825401;0.013600668337510474;-0.009568800037308367;0.009920634920634941;-0.008872638561731871;0.01338559940537117;9.227749689677822;7.109242199108472;8.266938164024051;3577.0;8.762117380192379;68.95201402640618;10.867262031525337;19.333333333333332;8;10.398974240033624
word2vec;{'hs': 1, 'min_count': 10, 'sg': 1, 'vector_size': 100, 'window': 7, 'workers': 1};svm;OrderedDict([('C', 10.0), ('degree', 2), ('gamma', 0.6695854506791754), ('kernel', 'rbf')]);bow;{'analyzer': 'word', 'binary': True, 'decode_error': 'strict', 'dtype': <class 'numpy.int64'>, 'encoding': 'utf-8', 'input': 'content', 'lowercase': True, 'max_df': 0.8, 'max_features': 5000, 'min_df': 1, 'ngram_range': (1, 3), 'preprocessor': None, 'stop_words': None, 'strip_accents': None, 'token_pattern': '(?u)\\b\\w\\w+\\b', 'tokenizer': None, 'vocabulary': None};nb;OrderedDict([('alpha', 0.48046232221890345), ('fit_prior', False)]);4.32113016275294;72.0;69.07738095238095;0.536105136290956;373.0;105.0;62.166666666666664;373.0;6.0;53.0;6.0;7.0;504.0;50506.0;0.0005741892052429415;0.02348815036502324;0.14160693778956956;7152.0;99.21031746031746;4.180210198467392;98.21031746031746;100.21031746031746;0.6368847874720358;0.0;2.0253467043255053;0.19160099790123947;94.5;0.00186116501009781;0.09212766799984161;0.890560202880713;48.193593279942846;17.224014243685083;48.24147564970671;2327.239972861245;2.773673326941285;9.336778134332201;2.807354922057604;0.04908974343413956;0.007136077429322454;0.9880023737463047;5.744581928744523;0.0010000000000000002;4.3439865112304685e-06;0.027133941650390625;50.0;0.18535406701303417;715200.0;7.0;191.0;381.0;0.9455793650793651;0.1965487766259486;0.5328485139068823;0.4518512514084864;153.66433154193976;0.19113756613756613;0.15185312747668125;0.10824691220164036;0.19113756613756613;0.12507066046519907;0.002628268104710863;6.672464873243025;-0.029761904761904767;-0.014481807587397616;0.01171974593872277;-0.029761904761904767;0.006734583474919897;0.02777777777777779;0.01657419712589603;0.031150541869511203;0.029761904761904767;0.035737248665582255;0.01338559940537117;9.227749689677822;7.109242199108472;8.266938164024051;3577.0;8.762117380192379;68.95201402640618;10.867262031525337;19.333333333333332;8;10.398974240033624
bow;{'analyzer': 'word', 'binary': True, 'decode_error': 'strict', 'dtype': <class 'numpy.int64'>, 'encoding': 'utf-8', 'input': 'content', 'lowercase': True, 'max_df': 0.8, 'max_features': 5000, 'min_df': 1, 'ngram_range': (1, 3), 'preprocessor': None, 'stop_words': None, 'strip_accents': None, 'token_pattern': '(?u)\\b\\w\\w+\\b', 'tokenizer': None, 'vocabulary': None};lr;OrderedDict([('C', 0.037789056879076424), ('max_iter', 100)]);bow;{'analyzer': 'word', 'binary': True, 'decode_error': 'strict', 'dtype': <class 'numpy.int64'>, 'encoding': 'utf-8', 'input': 'content', 'lowercase': True, 'max_df': 0.8, 'max_features': 5000, 'min_df': 1, 'ngram_range': (1, 3), 'preprocessor': None, 'stop_words': None, 'strip_accents': None, 'token_pattern': '(?u)\\b\\w\\w+\\b', 'tokenizer': None, 'vocabulary': None};svm;OrderedDict([('C', 8.853651848273506), ('degree', 2), ('gamma', 0.008405126576642056), ('kernel', 'rbf')]);4.32113016275294;72.0;69.07738095238095;0.536105136290956;373.0;126.0;62.166666666666664;373.0;6.0;54.0;6.0;7.0;504.0;50506.0;0.0005741892052429415;0.02348815036502324;0.14160693778956956;7152.0;99.21031746031746;2.9353136939677267;98.21031746031746;100.21031746031746;0.6368847874720358;0.0;2.0253467043255053;0.19160099790123947;94.5;0.00186116501009781;0.09212766799984161;0.890560202880713;48.193593279942846;24.528894525980306;48.24147564970671;2327.239972861245;2.745239047797406;9.336778134332201;2.807354922057604;0.04979765864928597;0.007284304940547518;0.9778738791550191;5.744581928744523;1;4.331270853678386e-06;0.024569114049275715;37.0;0.18569750104444196;715200.0;5.0;187.0;373.0;0.9455793650793651;0.1965487766259486;0.5328485139068823;0.4518512514084864;153.66433154193976;0.22156084656084654;0.14885197104059478;0.09806041041499942;0.22156084656084654;0.13188764432267772;-0.0018016579170934642;6.672464873243025;-0.015873015873015844;-0.005610990900301149;0.011984552015178757;-0.015873015873015844;0.005626228101729552;0.013888888888888867;0.015204395328618947;0.0005061108410118614;0.0019841269841269216;0.009593002415131141;0.01338559940537117;9.227749689677822;7.109242199108472;8.266938164024051;3577.0;8.762117380192379;68.95201402640618;10.867262031525337;19.333333333333332;8;10.398974240033624
tf-idf;{'analyzer': 'word', 'binary': False, 'decode_error': 'strict', 'dtype': <class 'numpy.float64'>, 'encoding': 'utf-8', 'input': 'content', 'lowercase': True, 'max_df': 0.8, 'max_features': 5000, 'min_df': 1, 'ngram_range': (1, 3), 'norm': 'l1', 'preprocessor': None, 'smooth_idf': True, 'stop_words': None, 'strip_accents': None, 'sublinear_tf': False, 'token_pattern': '(?u)\\b\\w\\w+\\b', 'tokenizer': None, 'use_idf': True, 'vocabulary': None};knn;OrderedDict([('leaf_size', 26), ('n_neighbors', 37)]);bow;{'analyzer': 'word', 'binary': True, 'decode_error': 'strict', 'dtype': <class 'numpy.int64'>, 'encoding': 'utf-8', 'input': 'content', 'lowercase': True, 'max_df': 0.8, 'max_features': 5000, 'min_df': 1, 'ngram_range': (1, 3), 'preprocessor': None, 'stop_words': None, 'strip_accents': None, 'token_pattern': '(?u)\\b\\w\\w+\\b', 'tokenizer': None, 'vocabulary': None};nb;OrderedDict([('alpha', 0.018909928578807255), ('fit_prior', False)]);4.32113016275294;72.0;69.07738095238095;0.536105136290956;373.0;201.0;62.166666666666664;373.0;6.0;11.0;6.0;7.0;504.0;50506.0;0.0005741892052429415;0.02348815036502324;0.14160693778956956;7152.0;99.21031746031746;1.0329018300759236;98.21031746031746;100.21031746031746;0.6368847874720358;0.0;2.0253467043255053;0.19160099790123947;94.5;0.00186116501009781;0.09212766799984161;0.890560202880713;48.193593279942846;69.70652767137379;48.24147564970671;2327.239972861245;2.251066561421776;9.336778134332201;2.807354922057604;0.03937735115853932;0.006020678508141751;0.8018460878369786;5.744581928744523;1;4.755655924479167e-06;0.02266867955525716;33.0;0.1659944849394866;715200.0;8.0;154.0;307.0;0.9455793650793651;0.1965487766259486;0.5328485139068823;0.4518512514084864;153.66433154193976;0.3544973544973546;0.14802273707422806;0.11467728131161503;0.3544973544973546;0.2526884934538971;-0.0018043753338364758;6.672464873243025;0.005952380952380987;0.0004655921883768288;-0.0016042383054106768;0.005952380952380987;-0.00017050175411204016;0.015873015873015817;-0.00019556076653862164;0.010230371276386083;-0.0019841269841270326;0.010031344510171958;0.01338559940537117;9.227749689677822;7.109242199108472;8.266938164024051;3577.0;8.762117380192379;68.95201402640618;10.867262031525337;19.333333333333332;8;10.398974240033624
tf-idf;{'analyzer': 'word', 'binary': False, 'decode_error': 'strict', 'dtype': <class 'numpy.float64'>, 'encoding': 'utf-8', 'input': 'content', 'lowercase': True, 'max_df': 0.8, 'max_features': 5000, 'min_df': 1, 'ngram_range': (1, 3), 'norm': 'l1', 'preprocessor': None, 'smooth_idf': True, 'stop_words': None, 'strip_accents': None, 'sublinear_tf': False, 'token_pattern': '(?u)\\b\\w\\w+\\b', 'tokenizer': None, 'use_idf': True, 'vocabulary': None};nb;OrderedDict([('alpha', 2.2364202820542705), ('fit_prior', False)]);tf-idf;{'analyzer': 'word', 'binary': False, 'decode_error': 'strict', 'dtype': <class 'numpy.float64'>, 'encoding': 'utf-8', 'input': 'content', 'lowercase': True, 'max_df': 0.8, 'max_features': 5000, 'min_df': 1, 'ngram_range': (1, 3), 'norm': 'l1', 'preprocessor': None, 'smooth_idf': True, 'stop_words': None, 'strip_accents': None, 'sublinear_tf': False, 'token_pattern': '(?u)\\b\\w\\w+\\b', 'tokenizer': None, 'use_idf': True, 'vocabulary': None};nb;OrderedDict([('alpha', 0.29397976202716886), ('fit_prior', False)]);5.358677158655891;31.5;30.82936507936508;0.3498220870024881;121.0;39.0;13.444444444444445;121.0;9.0;24.0;9.0;8.0;252.0;9404.0;0.0006380263717566993;0.021220235061936085;0.3496384517226712;3288.0;36.317460317460316;6.1108708000974685;35.317460317460316;37.317460317460316;0.6621046228710462;0.00030413625304136254;1.6567239458621277;0.3342194810718843;34.0;0.004253509145044662;0.24819225861335603;1.048149422869085;17.668082060844714;5.154748157905347;17.703242457931694;313.40479352431544;2.9829310452667426;9.921234799745143;3.0;0.1919599195041133;0.021967882718550852;0.9943103484222475;4.799943705010025;1;3.770192464192708e-06;0.007616202036539714;20.0;0.16215048932166803;328800.0;8.0;73.0;145.0;0.9780079365079365;0.16069586821588205;0.6545559609367814;0.6171710651496845;125.16163765862687;0.6256613756613757;0.6181971963221963;0.6098121356421559;0.6256613756613757;0.6098102100513402;0.13302357864284933;6.247677809915086;-0.13492063492063489;-0.11200223387723385;-0.1232780323558802;-0.13492063492063489;-0.14195886541510228;0.2539682539682539;0.19651563714063702;0.2619372888964608;0.1865079365079365;0.21793859340111715;0.008619896350793186;13.47809369710464;12.999255160672487;11.700969434088508;1883.0;12.320981401348856;41.16941778173626;15.042917282987275;11.666666666666666;11;14.211495730321886
tf-idf;{'analyzer': 'word', 'binary': False, 'decode_error': 'strict', 'dtype': <class 'numpy.float64'>, 'encoding': 'utf-8', 'input': 'content', 'lowercase': True, 'max_df': 0.8, 'max_features': 5000, 'min_df': 1, 'ngram_range': (1, 3), 'norm': 'l1', 'preprocessor': None, 'smooth_idf': True, 'stop_words': None, 'strip_accents': None, 'sublinear_tf': False, 'token_pattern': '(?u)\\b\\w\\w+\\b', 'tokenizer': None, 'use_idf': True, 'vocabulary': None};knn;OrderedDict([('leaf_size', 26), ('n_neighbors', 37)]);bow;{'analyzer': 'word', 'binary': True, 'decode_error': 'strict', 'dtype': <class 'numpy.int64'>, 'encoding': 'utf-8', 'input': 'content', 'lowercase': True, 'max_df': 0.8, 'max_features': 5000, 'min_df': 1, 'ngram_range': (1, 3), 'preprocessor': None, 'stop_words': None, 'strip_accents': None, 'token_pattern': '(?u)\\b\\w\\w+\\b', 'tokenizer': None, 'vocabulary': None};lr;OrderedDict([('C', 6.6360850776123375), ('max_iter', 731)]);4.410611171459608;55.4;42.35740072202166;0.3562543767411566;996.0;222.0;996.0;996.0;1.0;3.0;1.0;5.0;251.0;16586.0;0.002894006993850235;0.027904861675240075;0.24394067285662607;4046.0;54.35126582278481;0.5897522853897705;57.97111913357401;59.87725631768953;0.6396440929312902;0.0;37.521457932658095;0.18190039792596166;29.0;0.004702761365006632;0.17267575063306403;4.950654054746712;94.5964223897199;93.93774534232764;94.76763777396019;8980.905169256526;1.009755511736302;9.869820262828249;2.321928094887362;0.04655729795064863;0.006096680906664112;0.4348780282902282;4.268940367512315;1;3.889401753743489e-06;0.007676601409912109;18.0;0.10266203689754003;404600.0;2.0;35.0;69.0;0.96914440433213;0.19835378858441222;0.7409017789050069;0.6760842528896397;130.54071125603957;0.7713105812685056;0.20230685230685233;0.18848229759858623;0.7713105812685056;0.7086360395103299;0.03332360205520608;4.423115795393928;0.0;0.0;0.0;0.0;0.0;0.0;0.0;0.0;0.0;0.0;0.10992092258119364;6.563065754504212;6.959064260259801;9.045706785746823;1748.0;6.577030052102142;73.62452256829256;8.87217740008271;9.0;8;9.597779802072656
tf-idf;{'analyzer': 'word', 'binary': False, 'decode_error': 'strict', 'dtype': <class 'numpy.float64'>, 'encoding': 'utf-8', 'input': 'content', 'lowercase': True, 'max_df': 0.8, 'max_features': 5000, 'min_df': 1, 'ngram_range': (1, 3), 'norm': 'l1', 'preprocessor': None, 'smooth_idf': True, 'stop_words': None, 'strip_accents': None, 'sublinear_tf': False, 'token_pattern': '(?u)\\b\\w\\w+\\b', 'tokenizer': None, 'use_idf': True, 'vocabulary': None};nb;OrderedDict([('alpha', 0.0016132754976365556), ('fit_prior', False)]);bow;{'analyzer': 'word', 'binary': True, 'decode_error': 'strict', 'dtype': <class 'numpy.int64'>, 'encoding': 'utf-8', 'input': 'content', 'lowercase': True, 'max_df': 0.8, 'max_features': 5000, 'min_df': 10, 'ngram_range': (1, 3), 'preprocessor': None, 'stop_words': None, 'strip_accents': None, 'token_pattern': '(?u)\\b\\w\\w+\\b', 'tokenizer': None, 'vocabulary': None};nb;OrderedDict([('alpha', 0.012112993221053055), ('fit_prior', False)]);5.160009370141901;688.1428571428571;48.57068714967822;0.3684373352609194;60.0;1021.0;1.4634146341463414;60.0;41.0;256.0;41.0;7.0;4817.0;281746.0;0.0002839436939654866;0.03454682950289677;0.07630631845704997;21499.0;57.48993149263027;2.303705017094794;56.48993149263027;58.48993149263027;0.0;4.6513791339132053e-05;5.09920456157975;0.2889872438295486;59.0;0.008174029090031447;0.0;-2.0058228291612465;2.173488592779405;298.7113593261498;2.173714233952375;4.725033570887161;2.6800776569765787;11.248479505169254;2.807354922057604;0.07657781982665142;0.010009965131808692;0.9546629234226859;5.513762316101063;1;4.110336303710937e-06;0.12309749921162923;75.0;0.5783648161335163;2149900.0;9.0;374.0;747.0;0.9689632551380527;0.18408486515803488;0.38112285021739045;0.35087796619174993;417.05988887755257;0.9072662786271799;0.886652722233976;0.8939632470573593;0.9072662786271799;0.9060059700438724;0.2901273357376282;7.657330477094876;0.03736494376617283;0.058194749382505906;0.04524218614233533;0.03736494376617283;0.03745306319370778;0.20988362694930363;0.2346806808687294;0.23089266995092195;0.21548657746327704;0.20427286945588363;0.016121444712661595;11.53638404478567;11.19912726394762;11.222836907509272;10486.0;10.09273894383891;53.561262270147836;12.3368947408494;11.0;10;12.288214546200589
tf-idf;{'analyzer': 'word', 'binary': False, 'decode_error': 'strict', 'dtype': <class 'numpy.float64'>, 'encoding': 'utf-8', 'input': 'content', 'lowercase': True, 'max_df': 0.8, 'max_features': 5000, 'min_df': 1, 'ngram_range': (1, 2), 'norm': 'l1', 'preprocessor': None, 'smooth_idf': True, 'stop_words': None, 'strip_accents': None, 'sublinear_tf': False, 'token_pattern': '(?u)\\b\\w\\w+\\b', 'tokenizer': None, 'use_idf': True, 'vocabulary': None};svm;OrderedDict([('C', 6.2760868851237674), ('degree', 4), ('gamma', 1.1814975713072775), ('kernel', 'rbf')]);tf-idf;{'analyzer': 'word', 'binary': False, 'decode_error': 'strict', 'dtype': <class 'numpy.float64'>, 'encoding': 'utf-8', 'input': 'content', 'lowercase': True, 'max_df': 0.8, 'max_features': 5000, 'min_df': 1, 'ngram_range': (1, 2), 'norm': 'l1', 'preprocessor': None, 'smooth_idf': True, 'stop_words': None, 'strip_accents': None, 'sublinear_tf': False, 'token_pattern': '(?u)\\b\\w\\w+\\b', 'tokenizer': None, 'use_idf': True, 'vocabulary': None};svm;OrderedDict([('C', 1.9034971263717009), ('degree', 4), ('gamma', 6.2271874019035085), ('kernel', 'rbf')]);5.172741991948189;223.28571428571428;48.37108125399872;0.36502075699181247;60.0;225.0;1.25;60.0;48.0;218.0;48.0;7.0;1563.0;91408.0;0.00026255907579205323;0.032233660517926206;0.11514309469630667;10525.0;57.482405630198336;84.9741021109176;56.482405630198336;58.482405630198336;0.3197149643705463;9.501187648456056e-05;2.4549374936970736;0.2917468930509365;59.0;0.009495886574479258;0.03902284263959391;-1.6446565254487835;2.0605464485320857;2.627691364061218;2.0612059289293625;4.248569881453555;2.8072688864746134;10.78739694288513;2.807354922057604;0.11589092582230978;0.015708098454880987;0.9999693535069917;5.506810652432261;1;3.981590270996094e-06;0.03246394793192545;44.0;0.38737648830947086;1052500.0;9.0;167.0;333.0;0.9680895713371721;0.1679747222087429;0.5473647793161219;0.5056968884267653;284.04316897133776;0.8487950522499467;0.8490924551426834;0.8465793391562629;0.8487950522499467;0.8464098833227359;0.22977631694622783;6.534531625475779;-0.011516314779270842;-0.011496026359040123;-0.012946103283473565;-0.011516314779270842;-0.013025062765014805;0.21817018554062706;0.21618538303469814;0.20975490543797537;0.21561100447856685;0.2294178338614109;0.027871489453309233;11.691904987174688;11.369018646590213;11.33819849357209;5273.0;10.336925083604765;52.15094139052172;12.642629712884016;11.333333333333334;10;12.548066623171493
tf-idf;{'analyzer': 'word', 'binary': False, 'decode_error': 'strict', 'dtype': <class 'numpy.float64'>, 'encoding': 'utf-8', 'input': 'content', 'lowercase': True, 'max_df': 0.8, 'max_features': 5000, 'min_df': 1, 'ngram_range': (1, 3), 'norm': 'l1', 'preprocessor': None, 'smooth_idf': True, 'stop_words': None, 'strip_accents': None, 'sublinear_tf': False, 'token_pattern': '(?u)\\b\\w\\w+\\b', 'tokenizer': None, 'use_idf': True, 'vocabulary': None};svm;OrderedDict([('C', 10.0), ('degree', 2), ('gamma', 1.3278992380490529), ('kernel', 'rbf')]);tf-idf;{'analyzer': 'word', 'binary': False, 'decode_error': 'strict', 'dtype': <class 'numpy.float64'>, 'encoding': 'utf-8', 'input': 'content', 'lowercase': True, 'max_df': 0.8, 'max_features': 5000, 'min_df': 1, 'ngram_range': (1, 3), 'norm': 'l1', 'preprocessor': None, 'smooth_idf': True, 'stop_words': None, 'strip_accents': None, 'sublinear_tf': False, 'token_pattern': '(?u)\\b\\w\\w+\\b', 'tokenizer': None, 'use_idf': True, 'vocabulary': None};svm;OrderedDict([('C', 10.0), ('degree', 4), ('gamma', 1.392772338009474), ('kernel', 'rbf')]);5.17342577433993;222.85714285714286;48.35;0.3672161101547865;60.0;225.0;1.3953488372093024;60.0;43.0;220.0;43.0;7.0;1560.0;91013.0;0.0002527111511542307;0.03303702579226276;0.1472976387988529;13406.0;57.34166666666667;105.33489796588442;56.34166666666667;58.34166666666667;0.4223482022974787;7.459346561241235e-05;4.4157381690423705;0.29402393064727017;59.0;0.008515267049762121;0.06545218814894575;-1.9507053133204657;2.3431421576464735;2.1157009420498154;2.3438935260023723;5.493836861235835;2.807299116375331;10.954828808463558;2.807354922057604;0.09931667017313904;0.013094048134817045;0.9999801216148929;5.508448482449548;1;3.981590270996094e-06;0.03891213734944662;47.0;0.38615837217539606;1340600.0;9.0;240.0;479.0;0.9683788461538462;0.17295312797636708;0.4687774968424258;0.4325575897693096;263.21013797704467;0.7905982905982906;0.7913685897247541;0.7883131140289704;0.7905982905982906;0.787715442644337;0.34295800401156534;6.909231805067704;-0.03269230769230791;-0.03258828299924166;-0.035500592639003514;-0.03269230769230791;-0.03560205775918168;0.2134615384615386;0.21538183976540126;0.20671564020618516;0.2038461538461539;0.199650030365353;0.020265013847778512;11.77940099480871;11.361501263875152;11.291287079219611;6686.0;10.3969011332101;52.02114970023621;12.734894328886941;7.25;10;12.603371189459828
bow;{'analyzer': 'word', 'binary': True, 'decode_error': 'strict', 'dtype': <class 'numpy.int64'>, 'encoding': 'utf-8', 'input': 'content', 'lowercase': True, 'max_df': 0.8, 'max_features': 5000, 'min_df': 1, 'ngram_range': (1, 2), 'preprocessor': None, 'stop_words': None, 'strip_accents': None, 'token_pattern': '(?u)\\b\\w\\w+\\b', 'tokenizer': None, 'vocabulary': None};svm;OrderedDict([('C', 5.761635292666814), ('degree', 2), ('gamma', 0.02827983185584927), ('kernel', 'rbf')]);word2vec;{'hs': 1, 'min_count': 5, 'sg': 1, 'vector_size': 100, 'window': 7, 'workers': 1};rf;OrderedDict([('max_depth', 17), ('max_features', 'log2'), ('min_samples_leaf', 2), ('min_samples_split', 3), ('n_estimators', 172)]);5.175155976628264;148.85714285714286;48.24664107485604;0.36321619142134476;60.0;150.0;1.3953488372093024;60.0;43.0;146.0;43.0;7.0;1042.0;60586.0;0.000247581949625326;0.03279591298185485;0.14363054170930578;8702.0;57.143953934740885;88.80825169435137;56.143953934740885;58.143953934740885;0.40898643989887384;0.00011491611123879568;2.9051506851217175;0.2938962796685703;59.0;0.008021655167860561;0.06184597101640643;-1.6398666576712968;2.450744512556184;1.6761634196950517;2.4519213407212734;6.011918261084406;2.8072762761615997;10.64890824506697;2.807354922057604;0.12391403680651059;0.016815627557792645;0.9999719857666066;5.505647927135724;1;3.930727640787761e-06;0.021519899368286133;29.0;0.32530565502781067;870200.0;9.0;176.0;351.0;0.9674712092130519;0.1660272244571279;0.6007194713343259;0.5558920287333579;242.7219075836041;0.8295276793239629;0.8295629521649931;0.8253878844185972;0.8295276793239629;0.8252279050660655;0.1921392924907441;6.549759161128709;-0.017233098148332182;-0.017103984450923204;-0.018504933673630153;-0.017233098148332182;-0.018447167203753168;0.21019797497984927;0.18995788791707158;0.20180839023611863;0.2034350260028488;0.21845661113400272;0.02709378502986659;11.710686531250524;11.364329464595272;11.26120893666093;4368.0;10.350775558439143;52.078042426774005;12.684582769366523;7.25;10;12.589022971571978
bow;{'analyzer': 'word', 'binary': True, 'decode_error': 'strict', 'dtype': <class 'numpy.int64'>, 'encoding': 'utf-8', 'input': 'content', 'lowercase': True, 'max_df': 0.8, 'max_features': 5000, 'min_df': 1, 'ngram_range': (1, 2), 'preprocessor': None, 'stop_words': None, 'strip_accents': None, 'token_pattern': '(?u)\\b\\w\\w+\\b', 'tokenizer': None, 'vocabulary': None};svm;OrderedDict([('C', 10.0), ('degree', 2), ('gamma', 0.004187664560503498), ('kernel', 'rbf')]);bow;{'analyzer': 'word', 'binary': True, 'decode_error': 'strict', 'dtype': <class 'numpy.int64'>, 'encoding': 'utf-8', 'input': 'content', 'lowercase': True, 'max_df': 0.8, 'max_features': 5000, 'min_df': 1, 'ngram_range': (1, 2), 'preprocessor': None, 'stop_words': None, 'strip_accents': None, 'token_pattern': '(?u)\\b\\w\\w+\\b', 'tokenizer': None, 'vocabulary': None};svm;OrderedDict([('C', 10.0), ('degree', 2), ('gamma', 0.004454641621932274), ('kernel', 'rbf')]);5.170766435901212;50.0;48.63428571428572;0.3636801014473323;60.0;50.0;1.2244897959183674;60.0;49.0;50.0;49.0;7.0;350.0;20367.0;9.819806549810969e-05;0.03314199097418205;0.22497176805616928;4582.0;57.191428571428574;0.0;56.191428571428574;58.191428571428574;0.3509384548232213;0.00021824530772588389;2.9293568981954143;0.29189374969313103;59.0;0.008936023960327982;0.08297736534590268;-1.7513253368956108;2.460066367115376;0.0;2.4635882964306908;6.069267294310273;2.807354922057604;10.313617383184756;2.807354922057604;0.15973327525667605;0.02342720524887956;1.0;5.522445228405672;1;3.925959269205729e-06;0.008554935455322266;27.0;0.19930237786690738;458200.0;9.0;63.0;125.0;0.9661085714285714;0.1617488008752499;0.7372320292266487;0.6830810142181619;155.59240956953136;0.8524003667681828;0.8515406162464987;0.8484353364239526;0.8524003667681828;0.8490112014946062;0.22761016041529653;5.441715482924165;-0.03995972099420364;-0.03921568627450989;-0.035868571004618266;-0.03995972099420364;-0.0359692398707292;0.2541998231653403;0.22496498599439796;0.2448806195522263;0.2713920817369092;0.2315715221930178;0.027458785164713534;11.553547201230302;11.299494230297078;11.193869221870358;2183.0;10.253154704190894;52.29181967753749;12.569974657417388;11.166666666666666;10;12.549921837463032
tf-idf;{'analyzer': 'word', 'binary': False, 'decode_error': 'strict', 'dtype': <class 'numpy.float64'>, 'encoding': 'utf-8', 'input': 'content', 'lowercase': True, 'max_df': 0.8, 'max_features': 5000, 'min_df': 1, 'ngram_range': (1, 2), 'norm': 'l1', 'preprocessor': None, 'smooth_idf': True, 'stop_words': None, 'strip_accents': None, 'sublinear_tf': False, 'token_pattern': '(?u)\\b\\w\\w+\\b', 'tokenizer': None, 'use_idf': True, 'vocabulary': None};svm;OrderedDict([('C', 8.828687055639707), ('degree', 2), ('gamma', 1.8689960003725534), ('kernel', 'rbf')]);tf-idf;{'analyzer': 'word', 'binary': False, 'decode_error': 'strict', 'dtype': <class 'numpy.float64'>, 'encoding': 'utf-8', 'input': 'content', 'lowercase': True, 'max_df': 0.8, 'max_features': 5000, 'min_df': 1, 'ngram_range': (1, 2), 'norm': 'l1', 'preprocessor': None, 'smooth_idf': True, 'stop_words': None, 'strip_accents': None, 'sublinear_tf': False, 'token_pattern': '(?u)\\b\\w\\w+\\b', 'tokenizer': None, 'use_idf': True, 'vocabulary': None};svm;OrderedDict([('C', 8.221664932455791), ('degree', 2), ('gamma', 2.337968845807892), ('kernel', 'rbf')]);5.176034680189759;149.42857142857142;48.349904397705544;0.3670271218494148;60.0;150.0;1.25;60.0;48.0;147.0;48.0;7.0;1046.0;61130.0;0.00034353018158023884;0.03319948650151779;0.13507279568133487;8257.0;57.44168260038241;131.78361292255056;56.44168260038241;58.44168260038241;0.30822332566307376;0.0;3.5970540210627524;0.2884835596270244;59.0;0.008097497137248487;0.04377556028136758;-1.8699760474602924;2.1915757880188242;1.1338934190276817;2.1926241381328446;4.8076006111228;2.807319180117192;10.632277026630215;2.807354922057604;0.12925836777035338;0.017977575395716927;0.9999872684639439;5.50625581085651;1;4.1135152180989585e-06;0.021779934565226238;37.0;0.32377761208825284;825700.0;9.0;148.0;295.0;0.9676443594646271;0.16751736151149207;0.5935355081834374;0.5480300029770564;241.77473122832515;0.8543722805900456;0.853475866537091;0.850349532454756;0.8543722805900456;0.8510507861730003;0.2745041284580997;5.69947438910083;-0.017208444488357566;-0.017181729834790826;-0.01625302827443431;-0.017208444488357566;-0.01613249381782933;0.2179873530283568;0.22431486880466445;0.19884086743972174;0.22181053694738107;0.212473720382917;0.03030115987375963;11.604789066073373;11.33590469488946;11.201932201502013;4190.0;10.324616173894821;51.87362073415281;12.595710309498049;10.166666666666666;10;12.582346411209652
tf-idf;{'analyzer': 'word', 'binary': False, 'decode_error': 'strict', 'dtype': <class 'numpy.float64'>, 'encoding': 'utf-8', 'input': 'content', 'lowercase': True, 'max_df': 0.8, 'max_features': 5000, 'min_df': 1, 'ngram_range': (1, 1), 'norm': 'l1', 'preprocessor': None, 'smooth_idf': True, 'stop_words': None, 'strip_accents': None, 'sublinear_tf': False, 'token_pattern': '(?u)\\b\\w\\w+\\b', 'tokenizer': None, 'use_idf': True, 'vocabulary': None};nb;OrderedDict([('alpha', 0.021166647447563008), ('fit_prior', True)]);tf-idf;{'analyzer': 'word', 'binary': False, 'decode_error': 'strict', 'dtype': <class 'numpy.float64'>, 'encoding': 'utf-8', 'input': 'content', 'lowercase': True, 'max_df': 0.8, 'max_features': 5000, 'min_df': 1, 'ngram_range': (1, 1), 'norm': 'l1', 'preprocessor': None, 'smooth_idf': True, 'stop_words': None, 'strip_accents': None, 'sublinear_tf': False, 'token_pattern': '(?u)\\b\\w\\w+\\b', 'tokenizer': None, 'use_idf': True, 'vocabulary': None};nb;OrderedDict([('alpha', 0.01375515161385142), ('fit_prior', True)]);5.184234322783566;248.85714285714286;48.40355912743973;0.3616954033568945;61.0;250.0;1.2448979591836735;61.0;49.0;244.0;49.0;7.0;1742.0;101740.0;0.0004619618635738156;0.032589178363531666;0.11637507371731866;11840.0;57.404133180252586;113.47470728658666;56.404133180252586;58.404133180252586;0.3694256756756757;8.445945945945946e-05;2.2687215342211475;0.2939453508944368;59.0;0.007823864753292708;0.045173972872026735;-1.579534695227078;2.1348739320085306;2.193062655175134;2.135486961147371;4.560304561230432;2.8073066599207155;10.828209732439682;2.807354922057604;0.11825186010889271;0.016199620709490922;0.999982808679975;5.510679734681638;1;4.137357076009115e-06;0.0345613161722819;36.0;0.39479853073053;1184000.0;9.0;198.0;395.0;0.9681326061997704;0.17161844921307357;0.5530941643509075;0.5109213481343888;300.23471498908145;0.8480671454290066;0.8471956023369575;0.845237269214924;0.8480671454290066;0.8459009612334288;0.2048707894531438;6.077975654195881;-0.03501592577205381;-0.03514491200426573;-0.034572246403450024;-0.03501592577205381;-0.034382594879399875;0.2146982016736898;0.2131611698963568;0.20315611630469255;0.20609234969434387;0.20389040916558687;0.029782500145750297;11.740799263684671;11.426747170405044;11.29854172126511;5888.0;10.438244786855119;51.40588392070197;12.653177571505765;14.2;10;12.638207082998044
tf-idf;{'analyzer': 'word', 'binary': False, 'decode_error': 'strict', 'dtype': <class 'numpy.float64'>, 'encoding': 'utf-8', 'input': 'content', 'lowercase': True, 'max_df': 0.8, 'max_features': 5000, 'min_df': 1, 'ngram_range': (1, 2), 'norm': 'l1', 'preprocessor': None, 'smooth_idf': True, 'stop_words': None, 'strip_accents': None, 'sublinear_tf': False, 'token_pattern': '(?u)\\b\\w\\w+\\b', 'tokenizer': None, 'use_idf': True, 'vocabulary': None};svm;OrderedDict([('C', 7.502248498584717), ('degree', 2), ('gamma', 3.058686893840062), ('kernel', 'rbf')]);tf-idf;{'analyzer': 'word', 'binary': False, 'decode_error': 'strict', 'dtype': <class 'numpy.float64'>, 'encoding': 'utf-8', 'input': 'content', 'lowercase': True, 'max_df': 0.8, 'max_features': 5000, 'min_df': 1, 'ngram_range': (1, 2), 'norm': 'l1', 'preprocessor': None, 'smooth_idf': True, 'stop_words': None, 'strip_accents': None, 'sublinear_tf': False, 'token_pattern': '(?u)\\b\\w\\w+\\b', 'tokenizer': None, 'use_idf': True, 'vocabulary': None};svm;OrderedDict([('C', 8.19351343603463), ('degree', 2), ('gamma', 3.0763135485533373), ('kernel', 'rbf')]);4.994940476190476;165.33333333333334;12.939516129032258;0.30505096402060544;30.0;180.0;15.0;30.0;2.0;139.0;2.0;3.0;496.0;6720.0;0.011904761904761904;0.0684499747557935;0.4181547619047619;2810.0;12.548387096774194;7.234134030500138;11.548387096774194;13.548387096774194;0.7608540925266903;0.0;-0.8022075826738528;0.22678571428571428;12.0;0.005505952380952381;0.3636904761904762;0.4324054822640939;6.6029133827787465;22.854612955229264;6.609579627164891;43.686542847833174;1.5755016555227632;10.317480445602289;1.584962500721156;0.07649468745778329;0.0037502193152581416;0.9940308712704002;3.5088999747936014;1;3.921190897623698e-06;0.009681145350138346;52.0;0.2460992186378928;281000.0;6.0;117.0;233.0;0.9896431451612904;0.1627139131242209;0.5437668186783675;0.5271384531983354;160.18083625787867;0.623633929658026;0.6162695972338122;0.6157731252752859;0.623633929658026;0.6192034960323604;0.018020015088411064;8.672485278590083;-0.05640744797371289;-0.0501123671846011;-0.05539828590613549;-0.05640744797371289;-0.05934835010944406;0.08667396860167942;0.10391572054658649;0.13317742799561672;0.11684313009614211;0.12777304108986098;0.007731801871311088;6.917021331550238;8.42869326835212;10.304716303540285;1162.0;5.6725792730136995;71.56597232081077;7.670266486501234;2625;7;8.9375159509311
tf-idf;{'analyzer': 'word', 'binary': False, 'decode_error': 'strict', 'dtype': <class 'numpy.float64'>, 'encoding': 'utf-8', 'input': 'content', 'lowercase': True, 'max_df': 0.8, 'max_features': 5000, 'min_df': 1, 'ngram_range': (1, 2), 'norm': 'l1', 'preprocessor': None, 'smooth_idf': True, 'stop_words': None, 'strip_accents': None, 'sublinear_tf': False, 'token_pattern': '(?u)\\b\\w\\w+\\b', 'tokenizer': None, 'use_idf': True, 'vocabulary': None};svm;OrderedDict([('C', 6.6360850776123375), ('degree', 3), ('gamma', 3.0662510776734475), ('kernel', 'rbf')]);tf-idf;{'analyzer': 'word', 'binary': False, 'decode_error': 'strict', 'dtype': <class 'numpy.float64'>, 'encoding': 'utf-8', 'input': 'content', 'lowercase': True, 'max_df': 0.8, 'max_features': 5000, 'min_df': 1, 'ngram_range': (1, 2), 'norm': 'l1', 'preprocessor': None, 'smooth_idf': True, 'stop_words': None, 'strip_accents': None, 'sublinear_tf': False, 'token_pattern': '(?u)\\b\\w\\w+\\b', 'tokenizer': None, 'use_idf': True, 'vocabulary': None};rf;OrderedDict([('max_depth', 50), ('max_features', 'sqrt'), ('min_samples_leaf', 1), ('min_samples_split', 5), ('n_estimators', 200)]);6.146975692481628;249.5;26.919839679358716;0.026979386001433084;45.0;299.0;11.25;45.0;4.0;200.0;4.0;2.0;499.0;14152.0;0.009468626342566422;0.11834258289782218;0.4331543244771057;6130.0;27.360721442885772;3.56410387688977;26.360721442885772;28.360721442885772;0.6954323001631322;0.0;-0.6587729866603338;0.39407857546636516;29.0;0.0715799886941775;0.33684284906726963;-0.34858052889904884;9.1020786610788;70.0035713374682;9.111212711205708;83.01419706883647;0.9714175713890072;11.682482164092535;1.0;0.05484121011732719;0.006402723519452194;0.9714175713890072;4.646425946826978;0.0009999999999999998;3.697077433268229e-06;0.0054331620534261065;31.0;0.34876956109118773;613000.0;2.0;39.0;77.0;0.9827555110220441;0.15709538940032594;0.5470076156414787;0.5259552742429041;161.7737407071882;0.899806812078654;0.8875400773908236;0.8856928098457674;0.899806812078654;0.892612716639452;0.9366989421461958;7.155659286794167;-0.030132506072192866;-0.03469998492386539;-0.04002320940004622;-0.030132506072192866;-0.03599309232583581;0.11817329197027626;0.16569953263983117;0.21394840013360983;0.16631796647668518;0.16396798588613581;0.01821380028286523;15.393441952266436;17.073930519666956;20.03618402623883;3308.0;9.44629544956861;55.3762589672842;11.126119408069219;30.0;10;11.02345500955899
bow;{'analyzer': 'word', 'binary': True, 'decode_error': 'strict', 'dtype': <class 'numpy.int64'>, 'encoding': 'utf-8', 'input': 'content', 'lowercase': True, 'max_df': 0.8, 'max_features': 5000, 'min_df': 1, 'ngram_range': (1, 3), 'preprocessor': None, 'stop_words': None, 'strip_accents': None, 'token_pattern': '(?u)\\b\\w\\w+\\b', 'tokenizer': None, 'vocabulary': None};nb;OrderedDict([('alpha', 0.2757028869160738), ('fit_prior', True)]);bow;{'analyzer': 'word', 'binary': True, 'decode_error': 'strict', 'dtype': <class 'numpy.int64'>, 'encoding': 'utf-8', 'input': 'content', 'lowercase': True, 'max_df': 0.8, 'max_features': 5000, 'min_df': 1, 'ngram_range': (1, 3), 'preprocessor': None, 'stop_words': None, 'strip_accents': None, 'token_pattern': '(?u)\\b\\w\\w+\\b', 'tokenizer': None, 'vocabulary': None};nb;OrderedDict([('alpha', 0.008744510656965531), ('fit_prior', True)]);4.103006292239571;194.66666666666666;7.217465753424658;0.5289860829697651;21.0;259.0;5.25;21.0;4.0;147.0;4.0;3.0;584.0;4291.0;0.00023304591004427873;0.032951796615140874;0.20857608948962947;895.0;6.347602739726027;3.366175956401289;5.347602739726027;7.347602739726027;0.6044692737430167;0.0011173184357541898;0.4637491945436856;0.18130971801444884;7.0;0.0009321836401771149;0.12631088324399906;0.9402645884268781;3.1748251607117495;57.83021125098311;3.1775468287304034;10.096803848774643;1.5436161138221718;7.836418058817615;1.584962500721156;0.09545821603017472;0.003913328965131112;0.9739133343027537;2.733473007653634;0.0014619883040935672;3.4745534261067706e-06;0.007555246353149414;52.0;0.3279472041544533;89500.0;8.0;110.0;219.0;0.9912506008171112;0.18761398563059756;0.6728388612463445;0.6462421557331287;187.4370844538296;0.6558169589097425;0.6197782513759907;0.6141324972654871;0.6558169589097425;0.6357253553795719;0.0004137486020573703;5.251225813795551;-0.0907480835315887;-0.08347050562304215;-0.10239061659611992;-0.0907480835315887;-0.09181909532375987;0.1198431579874879;0.18598738256774683;0.29995317425688467;0.15248920609745353;0.16623186795253986;0.031489936790624506;30.41935318483548;7.876865856682365;10.731117208033721;259.0;26.362654751525728;21.913589799476895;29.411370707789764;63.0;29;17.926852401261222
bow;{'analyzer': 'word', 'binary': True, 'decode_error': 'strict', 'dtype': <class 'numpy.int64'>, 'encoding': 'utf-8', 'input': 'content', 'lowercase': True, 'max_df': 0.8, 'max_features': 5000, 'min_df': 1, 'ngram_range': (1, 3), 'preprocessor': None, 'stop_words': None, 'strip_accents': None, 'token_pattern': '(?u)\\b\\w\\w+\\b', 'tokenizer': None, 'vocabulary': None};nb;OrderedDict([('alpha', 1.291743789538635), ('fit_prior', True)]);bow;{'analyzer': 'word', 'binary': True, 'decode_error': 'strict', 'dtype': <class 'numpy.int64'>, 'encoding': 'utf-8', 'input': 'content', 'lowercase': True, 'max_df': 0.8, 'max_features': 5000, 'min_df': 1, 'ngram_range': (1, 3), 'preprocessor': None, 'stop_words': None, 'strip_accents': None, 'token_pattern': '(?u)\\b\\w\\w+\\b', 'tokenizer': None, 'vocabulary': None};nb;OrderedDict([('alpha', 0.10425131512297918), ('fit_prior', True)]);4.301069358384969;199.0;16.757788944723618;0.33861091152291484;105.0;554.0;105.0;105.0;1.0;46.0;1.0;5.0;995.0;20012.0;0.002498500899460324;0.05587691878983996;0.19808115130921447;3964.0;19.11256281407035;0.9394110938195044;18.20402010050251;20.11256281407035;0.6642280524722503;0.0;1.9126935990508915;0.16470117929242453;10.0;0.008944633220067959;0.152958225064961;1.647550577695082;23.675260988618906;211.83484132691675;23.687167079886247;561.0818842704468;1.7454260721361439;9.586595269065867;2.321928094887362;0.06882877793374508;0.0035392802242102247;0.7517140931191564;3.1384544425793433;1;3.685951232910156e-06;0.01997550328572591;130.0;0.24819578328828268;396400.0;9.0;295.0;589.0;0.986564824120603;0.2077890576811517;0.5873653562147385;0.5306695514178418;218.57270827014713;0.5959881823365971;0.26882298637211816;0.2521545206482513;0.5959881823365971;0.5210886639540934;-0.00874375016116788;5.1080267316944585;-0.017104672466300208;-0.011490083881388224;-0.009597444922191695;-0.017104672466300208;-0.015762433206315984;0.054289666217741006;0.04780848019978448;0.033331896117821475;0.04826860311335979;0.050432617213292785;0.04466750032193559;9.375377103525118;7.04805083463614;8.909601354538754;1460.0;8.609087516886401;70.91161894222196;10.892862506344137;14.75;8;10.2949068193568
bow;{'analyzer': 'word', 'binary': True, 'decode_error': 'strict', 'dtype': <class 'numpy.int64'>, 'encoding': 'utf-8', 'input': 'content', 'lowercase': True, 'max_df': 0.8, 'max_features': 5000, 'min_df': 10, 'ngram_range': (1, 3), 'preprocessor': None, 'stop_words': None, 'strip_accents': None, 'token_pattern': '(?u)\\b\\w\\w+\\b', 'tokenizer': None, 'vocabulary': None};lr;OrderedDict([('C', 0.09258465030584893), ('max_iter', 100)]);bow;{'analyzer': 'word', 'binary': True, 'decode_error': 'strict', 'dtype': <class 'numpy.int64'>, 'encoding': 'utf-8', 'input': 'content', 'lowercase': True, 'max_df': 0.8, 'max_features': 5000, 'min_df': 10, 'ngram_range': (1, 3), 'preprocessor': None, 'stop_words': None, 'strip_accents': None, 'token_pattern': '(?u)\\b\\w\\w+\\b', 'tokenizer': None, 'vocabulary': None};nb;OrderedDict([('alpha', 0.20960349544810838), ('fit_prior', True)]);4.68503476325499;44404.0;15.931411584541934;0.3070925703023449;515.0;112461.0;0.0;515.0;0.0;9017.0;0.0;5.0;222020.0;3961942.0;0.005878682726804178;0.03621558145254845;0.03205801599316699;127012.0;16.845000450409874;1.0165591332914279;15.873214124853616;17.844977929916222;0.6438682959090479;0.0;12.728435074696371;0.19905364591404923;13.0;0.0041179248485656164;0.0236825778873088;1.609768736941841;15.038825896509268;43680.685703180076;15.038859764801987;226.16730302538008;1.7888333631756743;10.650197178169519;2.321928094887362;0.011001129019283408;0.0007863972231889628;0.7704085958193514;3.4520770834815933;1;4.526774088541667e-06;44.26437489191691;880.0;0.8919570494278917;12701200.0;8.0;53317.0;106633.0;0.9871118953247455;0.19860690456185373;0.455316927222232;0.42961492237097054;2989.8963634213046;0.5637690692576426;0.38580040233889096;0.39215335991288813;0.5637690692576426;0.5302076789629458;0.0021778866638835566;6.676184016213318;-0.000990880398972216;-0.020383138850088578;-0.007430507716144397;-0.000990880398972216;-0.005609774011083868;0.053238461838999496;0.0979939137865819;0.09692098032272606;0.05200435000568149;0.07526268964991312;0.013851936789376549;6.084011081106436;7.873457800758089;8.634687523715776;57597.0;5.770330214515003;73.09738705942111;7.997158822405783;3.5384615384615383;7;9.176612489828791
bow;{'analyzer': 'word', 'binary': True, 'decode_error': 'strict', 'dtype': <class 'numpy.int64'>, 'encoding': 'utf-8', 'input': 'content', 'lowercase': True, 'max_df': 0.8, 'max_features': 5000, 'min_df': 1, 'ngram_range': (1, 3), 'preprocessor': None, 'stop_words': None, 'strip_accents': None, 'token_pattern': '(?u)\\b\\w\\w+\\b', 'tokenizer': None, 'vocabulary': None};lr;OrderedDict([('C', 0.05271430075177541), ('max_iter', 100)]);bow;{'analyzer': 'word', 'binary': True, 'decode_error': 'strict', 'dtype': <class 'numpy.int64'>, 'encoding': 'utf-8', 'input': 'content', 'lowercase': True, 'max_df': 0.8, 'max_features': 5000, 'min_df': 1, 'ngram_range': (1, 3), 'preprocessor': None, 'stop_words': None, 'strip_accents': None, 'token_pattern': '(?u)\\b\\w\\w+\\b', 'tokenizer': None, 'vocabulary': None};nb;OrderedDict([('alpha', 1.0057575755912405), ('fit_prior', True)]);4.5709633905343745;27952.8;50.698455968632835;0.4210077960306657;1377.0;73577.0;1377.0;1377.0;1.0;5120.0;1.0;5.0;139764.0;9339224.0;0.006515958927636814;0.029893069754240904;0.026521689596480394;247692.0;65.82138461978764;0.9540305449252783;64.82147047880713;66.82138461978764;0.6768486668927539;4.037272095990181e-06;27.152445951935697;0.19365945179171204;48.0;0.0044566871937111695;0.02014514267994857;3.7441378762877613;61.72399521949713;29299.69082089434;61.72421603575326;3809.8788452283393;1.7087704375014778;10.634368279261336;2.321928094887362;0.010030974839850238;0.00170315846810492;0.7359273705607026;5.285043926816823;1;4.660288492838542e-06;50.86302614212036;154.0;0.9875292042730298;24769200.0;2.0;28110.0;56219.0;0.9616462608397012;0.19921653415512736;0.3461041477343841;0.30811179332192296;2096.1002455448606;0.5828563387806112;0.3875458804173378;0.397736196165563;0.5828563387806112;0.5598596421905827;-0.005642856408276621;8.931796484259674;-0.027102830485675966;-0.13341317577979916;-0.12533017021194087;-0.027102830485675966;-0.056994600348638014;0.07003234023067462;0.1273544747753732;0.12039127408206823;0.06949572135886206;0.09062562375419769;0.002578785274125872;6.670066506036143;7.762882509525603;8.49283423115801;118086.0;6.464448329933337;72.12244871266891;8.649668513637328;8.0;7;9.594915255557144
tf-idf;{'analyzer': 'word', 'binary': False, 'decode_error': 'strict', 'dtype': <class 'numpy.float64'>, 'encoding': 'utf-8', 'input': 'content', 'lowercase': True, 'max_df': 1.0, 'max_features': None, 'min_df': 1, 'ngram_range': (1, 1), 'norm': 'l2', 'preprocessor': None, 'smooth_idf': True, 'stop_words': None, 'strip_accents': None, 'sublinear_tf': False, 'token_pattern': '(?u)\\b\\w\\w+\\b', 'tokenizer': None, 'use_idf': True, 'vocabulary': None};lr;OrderedDict([('C', 10.0), ('max_iter', 100)]);bow;{'analyzer': 'word', 'binary': True, 'decode_error': 'strict', 'dtype': <class 'numpy.int64'>, 'encoding': 'utf-8', 'input': 'content', 'lowercase': True, 'max_df': 0.8, 'max_features': 5000, 'min_df': 1, 'ngram_range': (1, 3), 'preprocessor': None, 'stop_words': None, 'strip_accents': None, 'token_pattern': '(?u)\\b\\w\\w+\\b', 'tokenizer': None, 'vocabulary': None};lr;OrderedDict([('C', 5.295116560683827), ('max_iter', 1000)]);5.294629546411019;15981.0;12.411457355609787;0.2821366060335322;34.0;29720.0;11.333333333333334;34.0;3.0;2242.0;3.0;2.0;31962.0;420579.0;0.011990612940731706;0.1018847022655808;0.15983204106719545;67222.0;12.158719729678994;0.8224960674097254;11.158719729678994;13.158719729678994;0.6824849007765315;0.0;-0.4865696493166962;0.2644497228820269;13.0;0.006438742780785536;0.1090853323632421;0.3171614095690573;5.478064679163745;19429.880133443952;5.478150377699933;30.01013156069392;0.3664675055580314;11.709212550059755;1.0;0.006564477576688924;0.0002671226238689293;0.3664675055580314;3.4674199111774824;1;4.051526387532553e-06;1.2150221665700276;518.0;1.043252609325654;6722200.0;6.0;1783.0;3565.0;0.9921228959389274;0.18201387869373833;0.41689250248257204;0.40254520865976323;1104.0585979404984;0.9402415368249796;0.6539068753690566;0.693352995545363;0.9402415368249796;0.929840258008863;0.015634603402535915;9.355618898832471;0.005005944559164033;0.04434348403426902;0.04631070418157446;0.005005944559164033;0.008669073864192689;0.010887929416181663;0.07716960452813082;0.1014200822105249;0.011920405481509189;0.02013302452492738;0.007031536880755209;11.403042900813816;10.166589608794268;10.959511817047936;30588.0;8.781661237913358;60.22738014565661;10.389762120460938;7.571428571428571;10;10.911482072970696
tf-idf;{'analyzer': 'word', 'binary': False, 'decode_error': 'strict', 'dtype': <class 'numpy.float64'>, 'encoding': 'utf-8', 'input': 'content', 'lowercase': True, 'max_df': 0.8, 'max_features': 5000, 'min_df': 1, 'ngram_range': (1, 3), 'norm': 'l1', 'preprocessor': None, 'smooth_idf': True, 'stop_words': None, 'strip_accents': None, 'sublinear_tf': False, 'token_pattern': '(?u)\\b\\w\\w+\\b', 'tokenizer': None, 'use_idf': True, 'vocabulary': None};svm;OrderedDict([('C', 10.0), ('degree', 2), ('gamma', 0.7243139598908742), ('kernel', 'rbf')]);tf-idf;{'analyzer': 'word', 'binary': False, 'decode_error': 'strict', 'dtype': <class 'numpy.float64'>, 'encoding': 'utf-8', 'input': 'content', 'lowercase': True, 'max_df': 0.8, 'max_features': 5000, 'min_df': 1, 'ngram_range': (1, 3), 'norm': 'l1', 'preprocessor': None, 'smooth_idf': True, 'stop_words': None, 'strip_accents': None, 'sublinear_tf': False, 'token_pattern': '(?u)\\b\\w\\w+\\b', 'tokenizer': None, 'use_idf': True, 'vocabulary': None};rf;OrderedDict([('max_depth', 50), ('max_features', 'log2'), ('min_samples_leaf', 1), ('min_samples_split', 5), ('n_estimators', 200)]);4.44483201762438;500.0;10338;0.44538357804604045;32.0;500.0;32.0;32.0;1.0;500.0;1.0;2.0;1000.0;10894.0;0.003855333210941803;0.040494969951177365;0.25041307141545804;2728.0;9894;0.0;8895;10894;0.6631231671554252;0.00036656891495601173;-0.006804803163301898;0.16963466128143934;10.0;0.00477326968973747;0.1821185973930604;0.7823256064853557;6.256897314164585;0.0;6.260028111115153;39.18795195195195;1.0;9.449088243116286;1.0;0.034204730979141694;0.0012460306768260069;1.0;3.130894769076296;1;3.450711568196615e-06;0.010822534561157227;73.0;0.4401922922801812;272800.0;7.0;148.0;295.0;0.991253;0.17221421641794346;0.4919844288891035;0.47538056161553227;214.89136409591626;0.7599945254635873;0.7600381566184898;0.7595011367847896;0.7599945254635873;0.7594935115661406;0.014208889987325495;8.067137862697871;-0.04199408989828157;-0.04207248154293819;-0.042739287746006105;-0.04199408989828157;-0.04272130764899296;0.10899821977666291;0.10500084169011392;0.12385272356902599;0.11301421181660709;0.10370401657858241;0.009433702221159012;4.949937919476692;6.325115249861703;7.666261586786016;989.0;5.068784616615087;78.11742939117713;7.158699929720727;3.5;6;8.538399102204318
tf-idf;{'analyzer': 'word', 'binary': False, 'decode_error': 'strict', 'dtype': <class 'numpy.float64'>, 'encoding': 'utf-8', 'input': 'content', 'lowercase': True, 'max_df': 0.8, 'max_features': 5000, 'min_df': 1, 'ngram_range': (1, 3), 'norm': 'l1', 'preprocessor': None, 'smooth_idf': True, 'stop_words': None, 'strip_accents': None, 'sublinear_tf': False, 'token_pattern': '(?u)\\b\\w\\w+\\b', 'tokenizer': None, 'use_idf': True, 'vocabulary': None};nb;OrderedDict([('alpha', 0.29397976202716886), ('fit_prior', False)]);tf-idf;{'analyzer': 'word', 'binary': False, 'decode_error': 'strict', 'dtype': <class 'numpy.float64'>, 'encoding': 'utf-8', 'input': 'content', 'lowercase': True, 'max_df': 0.8, 'max_features': 5000, 'min_df': 1, 'ngram_range': (1, 3), 'norm': 'l1', 'preprocessor': None, 'smooth_idf': True, 'stop_words': None, 'strip_accents': None, 'sublinear_tf': False, 'token_pattern': '(?u)\\b\\w\\w+\\b', 'tokenizer': None, 'use_idf': True, 'vocabulary': None};nb;OrderedDict([('alpha', 0.29397976202716886), ('fit_prior', False)]);4.758704617672909;249.5;14.134268537074147;0.2938000560123658;30.0;271.0;30.0;30.0;1.0;231.0;1.0;4.0;998.0;14791.0;0.014671083767155703;0.06753250354391338;0.32249340815360694;4770.0;13.82064128256513;12.759964566094457;12.823647294589179;14.82064128256513;0.729769392033543;0.0;-0.8103000921004435;0.2358190791697654;14.0;0.013927388276654722;0.26996146305185587;0.07995480742956809;6.065845675344316;19.55334583474995;6.068886961910602;36.83138895644849;1.9966822114279186;10.48851912476345;2.0;0.075774753096163;0.003978943088078623;0.9983411057139593;3.6665185400038673;1;3.573099772135416e-06;0.014264424641927084;47.0;0.32734458375905656;477000.0;7.0;280.0;559.0;0.9893416833667334;0.17292384785618328;0.47784774528923724;0.4600130240694363;211.60369826734137;0.6051915369184445;0.6030748799190527;0.6049982754529202;0.6051915369184445;0.6058634363139155;0.06861408818738439;8.162042979782361;-0.043082238865371436;-0.04414490039762842;-0.04527307740739139;-0.043082238865371436;-0.04408626758338596;0.115208582076052;0.15733347597162523;0.1591263648212886;0.1462999143722037;0.1193823886216584;0.010803020000244;6.6797162433292385;7.59727467662724;10.128958425548594;1688.0;5.657255220543981;74.79406902445355;6.878340807196887;4.35;6;8.207940700447306
bow;{'analyzer': 'word', 'binary': True, 'decode_error': 'strict', 'dtype': <class 'numpy.int64'>, 'encoding': 'utf-8', 'input': 'content', 'lowercase': True, 'max_df': 0.8, 'max_features': 5000, 'min_df': 1, 'ngram_range': (1, 3), 'preprocessor': None, 'stop_words': None, 'strip_accents': None, 'token_pattern': '(?u)\\b\\w\\w+\\b', 'tokenizer': None, 'vocabulary': None};lr;OrderedDict([('C', 0.40816918463482327), ('max_iter', 127)]);bow;{'analyzer': 'word', 'binary': True, 'decode_error': 'strict', 'dtype': <class 'numpy.int64'>, 'encoding': 'utf-8', 'input': 'content', 'lowercase': True, 'max_df': 0.8, 'max_features': 5000, 'min_df': 1, 'ngram_range': (1, 3), 'preprocessor': None, 'stop_words': None, 'strip_accents': None, 'token_pattern': '(?u)\\b\\w\\w+\\b', 'tokenizer': None, 'vocabulary': None};lr;OrderedDict([('C', 0.341282546484521), ('max_iter', 102)]);7.718451694115179;508.0;17.628937007874015;0.0026894238056049554;47.0;510.0;47.0;47.0;1.0;506.0;1.0;2.0;1015.0;19066.0;0.012273156404070073;0.73775838928137;0.533252910940942;10167.0;17.765748031496063;179.60512242138307;16.766732283464567;18.765748031496063;0.7718107603029409;0.0;-0.6770610111785849;0.5019930766810028;17.0;0.003828805202979125;0.41660547571593415;0.4603564923926841;9.234065229405807;2.8284271247461903;9.238612910168767;85.35196850393702;0.9999888190621871;12.349302155294353;1.0;0.030475273138806984;0.001345516242212835;0.9999888190621871;3.920583613598778;1;3.6605199178059896e-06;0.010440429051717123;28.0;0.3916005176857179;1016700.0;9.0;166.0;331.0;0.9862814960629921;0.17171815379075894;0.5419069992412069;0.5138869371935237;226.79140410275895;0.6030819267715115;0.6032439175538723;0.5914030058810481;0.6030819267715115;0.5913189360450343;0.0186246761150377;8.743037358243704;0.01078412548800567;0.010736592467361694;0.005638466686197052;0.01078412548800567;0.005656700932091918;0.04237140213995216;0.05032652114100078;0.046681067194224934;0.0472907321103373;0.023186566875502468;0.009401207912786324;20.868027037437137;10.751038478355923;19.805577298559847;994.0;3.321730264542957;92.42167297687612;6.646419389418338;2.7857142857142856;2;7.434181149491111
bow;{'analyzer': 'word', 'binary': True, 'decode_error': 'strict', 'dtype': <class 'numpy.int64'>, 'encoding': 'utf-8', 'input': 'content', 'lowercase': True, 'max_df': 0.8, 'max_features': 5000, 'min_df': 1, 'ngram_range': (1, 3), 'preprocessor': None, 'stop_words': None, 'strip_accents': None, 'token_pattern': '(?u)\\b\\w\\w+\\b', 'tokenizer': None, 'vocabulary': None};rf;OrderedDict([('max_depth', 50), ('max_features', 'log2'), ('min_samples_leaf', 1), ('min_samples_split', 2), ('n_estimators', 200)]);bow;{'analyzer': 'word', 'binary': True, 'decode_error': 'strict', 'dtype': <class 'numpy.int64'>, 'encoding': 'utf-8', 'input': 'content', 'lowercase': True, 'max_df': 0.8, 'max_features': 5000, 'min_df': 1, 'ngram_range': (1, 3), 'preprocessor': None, 'stop_words': None, 'strip_accents': None, 'token_pattern': '(?u)\\b\\w\\w+\\b', 'tokenizer': None, 'vocabulary': None};lr;OrderedDict([('C', 0.23034697757115585), ('max_iter', 103)]);6.067488202139148;264.25;120.67928098391674;0.2722846371710682;3337.0;543.0;175.6315789473684;3337.0;19.0;137.0;19.0;4.0;1057.0;217561.0;0.005368609263608827;0.09644957044351231;0.056701338934827476;12336.0;223.94841930116473;1.4054343409706858;203.82876064333018;205.82876064333018;0.506079766536965;0.0;58.750992613244705;0.3574215967016147;120.0;0.017916814134886307;0.03104416692329967;5.6031513291993775;227.02813250269193;188.020167358008;227.13560144717377;51590.58144476936;1.760395792613402;9.940327401819351;2.0;0.16642437960541923;0.07256499047755749;0.880197896306701;6.393938771531899;1;6.324450174967448e-06;0.0433957576751709;26.0;0.20174543903353687;1233600.0;8.0;134.0;267.0;0.9068789025543993;0.4035776028855482;0.9528301042365607;0.7393365040916646;194.27126160821558;0.7697987309354165;0.7173083724147871;0.7163491999591135;0.7697987309354165;0.7595738500547972;0.25895296889316516;1.6684721263759639;0.01985417203193407;0.01651520046078314;0.02868584630537252;0.01985417203193407;0.028212563435214277;0.10405936131856819;0.1752576009578487;0.12830954110056825;0.1087995750708215;0.09921688075148982;0.37841438596162624;13.56881226729503;14.337042859970346;16.82896613896553;10132.0;10.28345552918033;44.208184183641265;12.822046990906026;14.0;13;12.152903786459468
bow;{'analyzer': 'word', 'binary': True, 'decode_error': 'strict', 'dtype': <class 'numpy.int64'>, 'encoding': 'utf-8', 'input': 'content', 'lowercase': True, 'max_df': 0.8, 'max_features': 5000, 'min_df': 1, 'ngram_range': (1, 3), 'preprocessor': None, 'stop_words': None, 'strip_accents': None, 'token_pattern': '(?u)\\b\\w\\w+\\b', 'tokenizer': None, 'vocabulary': None};svm;OrderedDict([('C', 10.0), ('degree', 4), ('gamma', 0.02329739352205336)]);bow;{'analyzer': 'word', 'binary': True, 'decode_error': 'strict', 'dtype': <class 'numpy.int64'>, 'encoding': 'utf-8', 'input': 'content', 'lowercase': True, 'max_df': 0.8, 'max_features': 5000, 'min_df': 1, 'ngram_range': (1, 3), 'preprocessor': None, 'stop_words': None, 'strip_accents': None, 'token_pattern': '(?u)\\b\\w\\w+\\b', 'tokenizer': None, 'vocabulary': None};lr;OrderedDict([('C', 0.9725534287907025), ('max_iter', 100)]);3.2103213103526995;1722.0;12.466318234610917;0.018153609340810138;142.0;2097.0;142.0;142.0;1.0;1323.0;1.0;3.0;5166.0;70088.0;0.00831811437050565;0.2265384336393536;0.10717954571395959;7512.0;12.56716995741386;4.443208928074931;11.580720092915215;13.56716995741386;0.49986687965921195;0.0;12.417293284771294;0.010472548795799567;9.0;0.00679146216185367;0.06765780162081954;2.847774041255194;13.57386263415229;387.55773763402016;13.57517659404445;184.28541955949225;1.5602199967459045;10.792074752723938;1.584962500721156;0.016208105663773714;0.0010727102327637286;0.9843892180641537;3.161472788020375;1;3.7940343221028643e-06;0.16336544354756674;430.0;0.6109409464057896;751200.0;8.0;1234.0;2467.0;0.9902138985675571;0.16057217669226564;0.36098060786923986;0.3485422856372238;420.29186942624926;0.6706671828623049;0.6545922149256178;0.6580349166701204;0.6706671828623049;0.6672233514141784;0.0365144360771349;9.716890598472467;0.016453735965931027;0.022170661171042605;0.018203721819368357;0.016453735965931027;0.019483649183944407;0.10762679055361979;0.11949304267490768;0.11749115652091302;0.1097560975609756;0.11565632659195124;0.009149381810210033;9.309184150095305;1.5119135046919645;20.547221287481072;603.0;8.703011522890069;88.30298553050812;12.592775839313541;16.666666666666668;8;4.727531872656701
bow;{'analyzer': 'word', 'binary': True, 'decode_error': 'strict', 'dtype': <class 'numpy.int64'>, 'encoding': 'utf-8', 'input': 'content', 'lowercase': True, 'max_df': 0.8, 'max_features': 5000, 'min_df': 1, 'ngram_range': (1, 3), 'preprocessor': None, 'stop_words': None, 'strip_accents': None, 'token_pattern': '(?u)\\b\\w\\w+\\b', 'tokenizer': None, 'vocabulary': None};svm;OrderedDict([('C', 3.0316072703535872), ('degree', 2), ('gamma', 0.05327230705347909)]);bow;{'analyzer': 'word', 'binary': True, 'decode_error': 'strict', 'dtype': <class 'numpy.int64'>, 'encoding': 'utf-8', 'input': 'content', 'lowercase': True, 'max_df': 0.8, 'max_features': 5000, 'min_df': 1, 'ngram_range': (1, 3), 'preprocessor': None, 'stop_words': None, 'strip_accents': None, 'token_pattern': '(?u)\\b\\w\\w+\\b', 'tokenizer': None, 'vocabulary': None};lr;OrderedDict([('C', 1.996386660808448), ('max_iter', 100)]);3.1861709964150666;492.0;12.5420054200542;0.01744225503857151;260.0;600.0;260.0;260.0;1.0;380.0;1.0;3.0;1476.0;20363.0;0.01016549624318617;0.2280113552737442;0.18351912782988755;3737.0;12.796070460704607;4.470511039736606;11.808265582655826;13.796070460704607;0.530907144768531;0.0;53.519098994631264;0.01055836566321269;9.0;0.008053823110543633;0.12341010656583018;4.97158919712701;15.23665209993808;110.05453193758083;15.241816191630141;232.31296081943873;1.5605950850474024;10.462073733332854;1.584962500721156;0.03030835105852619;0.0016589357781951386;0.9846258724337853;3.1542953869344212;1;3.5333633422851563e-06;0.03172143300374349;230.0;0.37738803584426267;373700.0;8.0;431.0;861.0;0.99;0.15313617935767315;0.41114278384815406;0.398485774338097;240.70673456614585;0.6178861788617886;0.599044982060298;0.601115735130684;0.6178861788617886;0.611256009377182;0.03772280659856956;9.0089044812596;0.0060975609756097615;0.02055465699743597;0.01735514076332989;0.0060975609756097615;0.011587327258094415;0.10433604336043367;0.11718394319001468;0.11004300798083588;0.08062330623306235;0.10848797569703128;0.007444644658614909;10.151740601101654;1.5099934748782786;20.683170023884806;232.0;9.460010853767042;86.28223612405266;13.366309843646793;16.666666666666668;9;4.857280277502154
bow;{'analyzer': 'word', 'binary': True, 'decode_error': 'strict', 'dtype': <class 'numpy.int64'>, 'encoding': 'utf-8', 'input': 'content', 'lowercase': True, 'max_df': 0.8, 'max_features': 5000, 'min_df': 1, 'ngram_range': (1, 2), 'preprocessor': None, 'stop_words': None, 'strip_accents': None, 'token_pattern': '(?u)\\b\\w\\w+\\b', 'tokenizer': None, 'vocabulary': None};rf;OrderedDict([('max_depth', 50), ('max_features', 'sqrt'), ('min_samples_leaf', 1), ('min_samples_split', 5), ('n_estimators', 133)]);bow;{'analyzer': 'word', 'binary': True, 'decode_error': 'strict', 'dtype': <class 'numpy.int64'>, 'encoding': 'utf-8', 'input': 'content', 'lowercase': True, 'max_df': 0.8, 'max_features': 5000, 'min_df': 1, 'ngram_range': (1, 2), 'preprocessor': None, 'stop_words': None, 'strip_accents': None, 'token_pattern': '(?u)\\b\\w\\w+\\b', 'tokenizer': None, 'vocabulary': None};rf;OrderedDict([('max_depth', 50), ('max_features', 'sqrt'), ('min_samples_leaf', 1), ('min_samples_split', 5), ('n_estimators', 134)]);3.202242391884677;246.0;11.661246612466124;0.01970762150516663;139.0;290.0;139.0;139.0;1.0;195.0;1.0;3.0;738.0;9365.0;0.009503470368392953;0.2267576367229037;0.2660971703150027;2492.0;11.68970189701897;5.1372781402145105;10.703252032520325;12.68970189701897;0.5537720706260032;0.0;18.022408377931928;0.011425520555258943;9.0;0.008222103577148959;0.18654564869193807;3.2684866312438925;12.83974297406813;47.885279575251516;12.84845083737771;165.082688920512;1.5663653235628816;10.341672090721666;1.584962500721156;0.04817472996494203;0.002474167081833605;0.9882664875984052;3.0692061485238136;1;3.465016682942708e-06;0.01471869150797526;157.0;0.2880596941776532;249200.0;6.0;260.0;519.0;0.9904837398373983;0.14780255991832178;0.4558956174932793;0.44126021821655154;179.77118407624147;0.5776874435411021;0.5612443925348211;0.562177047991688;0.5776874435411021;0.5686306788333623;0.09900232444600712;7.303455467385912;-0.008130081300813163;-0.0035440026305701977;-0.013641207116779297;-0.008130081300813163;-0.01650258250817449;0.08130081300813008;0.1134283817500919;0.120873439274719;0.08672086720867211;0.0916117709107474;0.009565042252088513;9.249500441287033;1.4738850725111767;20.55705729261937;132.0;8.71786499814188;88.11943607177906;12.595313532675092;16.666666666666668;8;4.860323555754715
tf-idf;{'analyzer': 'word', 'binary': False, 'decode_error': 'strict', 'dtype': <class 'numpy.float64'>, 'encoding': 'utf-8', 'input': 'content', 'lowercase': True, 'max_df': 0.8, 'max_features': 5000, 'min_df': 1, 'ngram_range': (1, 1), 'norm': 'l1', 'preprocessor': None, 'smooth_idf': True, 'stop_words': None, 'strip_accents': None, 'sublinear_tf': False, 'token_pattern': '(?u)\\b\\w\\w+\\b', 'tokenizer': None, 'use_idf': True, 'vocabulary': None};svm;OrderedDict([('C', 10.0), ('degree', 2), ('gamma', 4.536463941567197)]);tf-idf;{'analyzer': 'word', 'binary': False, 'decode_error': 'strict', 'dtype': <class 'numpy.float64'>, 'encoding': 'utf-8', 'input': 'content', 'lowercase': True, 'max_df': 0.8, 'max_features': 5000, 'min_df': 1, 'ngram_range': (1, 1), 'norm': 'l1', 'preprocessor': None, 'smooth_idf': True, 'stop_words': None, 'strip_accents': None, 'sublinear_tf': False, 'token_pattern': '(?u)\\b\\w\\w+\\b', 'tokenizer': None, 'use_idf': True, 'vocabulary': None};svm;OrderedDict([('C', 10.0), ('degree', 4), ('gamma', 4.557887910371571)]);4.850502319579711;149.5;130.20735785953178;0.4307096190815491;2145.0;172.0;143.0;2145.0;15.0;106.0;15.0;4.0;598.0;130196.0;0.0002688254631478694;0.028233848091222716;0.16290054994009032;21209.0;216.7190635451505;4.802631932369185;215.7190635451505;217.7190635451505;0.5927672214625866;4.714979489839219e-05;16.078228718736092;0.24764201665181726;136.5;0.0013287658607023258;0.10305232111585609;3.3329520816800744;236.37587974709552;31.12876483254676;236.57376666308215;55967.14707315844;1.975182707786223;10.763941661683203;2.0;0.017646351180714868;0.004326383902848381;0.9875913538931115;6.357462493845022;1;4.819234212239584e-06;0.028230905532836914;24.0;0.23538278849493668;2120900.0;2.0;157.0;313.0;0.9267123745819398;0.2080287901549751;0.4792511023034912;0.3849278072956252;154.7272637027333;0.4135929648241206;0.3759393946460752;0.3380907575103613;0.4135929648241206;0.3660502094406326;0.08102300626401607;5.583895700224115;0.0017252931323282206;0.0007986544083250502;-0.002249529705038611;0.0017252931323282206;-0.0005409211286741544;0.07696817420435509;0.07448596861612167;0.045482427691745986;0.07350921273031824;0.10434463533821337;0.016924156167320452;12.48340590480533;10.115489970025362;10.33219829046948;10431.0;11.056658587811523;55.21683550618789;13.204504660633559;15.0;9;12.559296290313082
bow;{'analyzer': 'word', 'binary': True, 'decode_error': 'strict', 'dtype': <class 'numpy.int64'>, 'encoding': 'utf-8', 'input': 'content', 'lowercase': True, 'max_df': 0.8, 'max_features': 5000, 'min_df': 1, 'ngram_range': (1, 2), 'preprocessor': None, 'stop_words': None, 'strip_accents': None, 'token_pattern': '(?u)\\b\\w\\w+\\b', 'tokenizer': None, 'vocabulary': None};rf;OrderedDict([('max_depth', 31), ('max_features', 'sqrt'), ('min_samples_leaf', 1), ('min_samples_split', 2), ('n_estimators', 200)]);tf-idf;{'analyzer': 'word', 'binary': False, 'decode_error': 'strict', 'dtype': <class 'numpy.float64'>, 'encoding': 'utf-8', 'input': 'content', 'lowercase': True, 'max_df': 0.8, 'max_features': 5000, 'min_df': 1, 'ngram_range': (1, 2), 'norm': 'l1', 'preprocessor': None, 'smooth_idf': True, 'stop_words': None, 'strip_accents': None, 'sublinear_tf': False, 'token_pattern': '(?u)\\b\\w\\w+\\b', 'tokenizer': None, 'use_idf': True, 'vocabulary': None};nb;OrderedDict([('alpha', 0.01897099434079009), ('fit_prior', False)]);5.529747612187183;46.285714285714285;24.39814814814815;0.07413856449582039;62.0;200.0;5.166666666666667;62.0;12.0;12.0;12.0;14.0;648.0;18741.0;5.335894562723441e-05;0.041910142392668555;0.13131636518862388;2461.0;27.921296296296298;0.8847542337684128;26.921296296296298;28.921296296296298;0.5627793579845591;0.0008126777732629012;0.5195703284618349;0.4168400832399552;28.0;0.006242996638386425;0.07870444480017075;0.5972837381376137;7.98947862441513;52.31477004475089;7.995650489858077;63.93042675596771;3.178403684609786;7.862065487615409;3.807354922057604;0.19185961989043337;0.01993384789080625;0.834806249923263;4.455727552401026;1;3.7860870361328127e-06;0.03319255510965983;25.0;0.19453905698647797;246100.0;9.0;104.0;207.0;0.9791388888888889;0.22687817220007414;0.6235123535399733;0.5553011996537218;182.6207219568241;0.6378600823045267;0.37172749596345894;0.357783252083363;0.6378600823045267;0.5650823298726215;0.3408305526831803;2.9102495582759067;0.0756172839506174;0.1661398096099589;0.1570483775493557;0.0756172839506174;0.11510193519252787;0.13888888888888884;0.07698651147478439;0.09678340742605754;0.12808641975308632;0.12568196688117067;0.09814066784679275;11.817263444024228;13.21838847385272;19.51659970862246;1823.0;11.820528228429492;35.970981106397915;16.487442136702988;10.714285714285714;11;14.384267862480137
tf-idf;{'analyzer': 'word', 'binary': False, 'decode_error': 'strict', 'dtype': <class 'numpy.float64'>, 'encoding': 'utf-8', 'input': 'content', 'lowercase': True, 'max_df': 0.8, 'max_features': 5000, 'min_df': 1, 'ngram_range': (1, 3), 'norm': 'l1', 'preprocessor': None, 'smooth_idf': True, 'stop_words': None, 'strip_accents': None, 'sublinear_tf': False, 'token_pattern': '(?u)\\b\\w\\w+\\b', 'tokenizer': None, 'use_idf': True, 'vocabulary': None};svm;OrderedDict([('C', 10.0), ('degree', 4), ('gamma', 3.1143121196234604)]);tf-idf;{'analyzer': 'word', 'binary': False, 'decode_error': 'strict', 'dtype': <class 'numpy.float64'>, 'encoding': 'utf-8', 'input': 'content', 'lowercase': True, 'max_df': 0.8, 'max_features': 5000, 'min_df': 1, 'ngram_range': (1, 3), 'norm': 'l1', 'preprocessor': None, 'smooth_idf': True, 'stop_words': None, 'strip_accents': None, 'sublinear_tf': False, 'token_pattern': '(?u)\\b\\w\\w+\\b', 'tokenizer': None, 'use_idf': True, 'vocabulary': None};svm;OrderedDict([('C', 10.0), ('degree', 2), ('gamma', 2.0394404471110446)]);5.228124079296267;505.6666666666667;13.38892551087673;0.004726729498462488;272.0;869.0;272.0;272.0;1.0;144.0;1.0;3.0;1515.0;23759.0;0.0;0.0;0.16212803569173787;3852.0;14.661832564271588;1.394931471058722;13.665787738958471;15.661832564271588;0.5254413291796469;0.0;45.72565778085879;0.19036996506586978;10.0;0.0;0.08518877057115198;5.478589562521738;20.162613805138356;362.502873551829;20.16926264746422;406.7991557423954;1.3110727213258966;9.968170938299364;1.584962500721156;0.02219786282925239;0.0013011845361484103;0.8271947889804081;3.2215326548502627;1;3.625551859537761e-06;0.025937557220458984;191.0;0.36409437244043397;385200.0;8.0;392.0;783.0;0.9891173368490441;0.16166777365803328;0.42330617059690434;0.4113626815026104;247.45081772577385;0.6499615178909195;0.4713514990550349;0.45570201409142186;0.6499615178909195;0.6139306722837871;0.030027069794877306;9.750963364821152;-0.06329198137205028;0.053083442076402254;0.06561062711897442;-0.06329198137205028;-0.02002193245967654;0.07778995290833424;0.06376340033421529;0.07033966351467141;0.07581105936680621;0.09148671498714911;0.008967520416908934;11882.694464413486;14.52187381623806;1197.3731281240794;2072.0;9269.830724357085;-24047.71502378046;9507.12371732817;61.0;60;264.9200223025122
tf-idf;{'analyzer': 'word', 'binary': False, 'decode_error': 'strict', 'dtype': <class 'numpy.float64'>, 'encoding': 'utf-8', 'input': 'content', 'lowercase': True, 'max_df': 0.8, 'max_features': 5000, 'min_df': 1, 'ngram_range': (1, 2), 'norm': 'l1', 'preprocessor': None, 'smooth_idf': True, 'stop_words': None, 'strip_accents': None, 'sublinear_tf': False, 'token_pattern': '(?u)\\b\\w\\w+\\b', 'tokenizer': None, 'use_idf': True, 'vocabulary': None};nb;OrderedDict([('alpha', 0.017679068407079432), ('fit_prior', True)]);bow;{'analyzer': 'word', 'binary': True, 'decode_error': 'strict', 'dtype': <class 'numpy.int64'>, 'encoding': 'utf-8', 'input': 'content', 'lowercase': True, 'max_df': 0.8, 'max_features': 5000, 'min_df': 1, 'ngram_range': (1, 3), 'preprocessor': None, 'stop_words': None, 'strip_accents': None, 'token_pattern': '(?u)\\b\\w\\w+\\b', 'tokenizer': None, 'vocabulary': None};lr;OrderedDict([('C', 4.42597020990147), ('max_iter', 100)]);5.614162582389724;543.3333333333334;14.075460122699386;0.27654099916717745;29.0;801.0;14.5;29.0;2.0;143.0;2.0;3.0;1630.0;23668.0;0.006929187088051378;0.07983276714612272;0.28261788068277843;6689.0;13.520245398773007;1.5460435932912848;12.520245398773007;14.520245398773007;0.6853042308267304;0.0;-0.4768117619904877;0.25490113233057293;14.0;0.012759844515801927;0.22515632922088896;0.2038340249777715;5.700222356110733;351.4346786151494;5.701971695527735;32.51248121659944;1.3371774545704425;10.856715512026891;1.584962500721156;0.04398390789955286;0.0027614951037002095;0.843665041893438;3.683564550247902;1;3.6017100016276043e-06;0.020891507466634113;48.0;0.36246188535989154;668900.0;2.0;271.0;541.0;0.9889846625766872;0.17229386072307887;0.4425630451672451;0.4235378664029014;260.7655608660762;0.7705617544746567;0.6043198023401645;0.6033907244690958;0.7705617544746567;0.7517104785505894;0.23143537515235021;7.741024143226999;-0.03252739862058995;-0.04220344182060953;-0.0568920588366284;-0.03252739862058995;-0.03705916381175367;0.11718552522298042;0.11617659965509064;0.1489867490123793;0.1313012313581048;0.12901919367574166;0.01264786964995553;11.357860067332808;11.679645036051024;10.997185520559963;3523.0;7.780893636912996;61.88030630026685;9.400540014094576;8.0;7;10.182975875911529
bow;{'analyzer': 'word', 'binary': True, 'decode_error': 'strict', 'dtype': <class 'numpy.int64'>, 'encoding': 'utf-8', 'input': 'content', 'lowercase': True, 'max_df': 0.8, 'max_features': 5000, 'min_df': 10, 'ngram_range': (1, 3), 'preprocessor': None, 'stop_words': None, 'strip_accents': None, 'token_pattern': '(?u)\\b\\w\\w+\\b', 'tokenizer': None, 'vocabulary': None};rf;OrderedDict([('max_depth', 50), ('max_features', 'sqrt'), ('min_samples_leaf', 1), ('min_samples_split', 3), ('n_estimators', 50)]);tf-idf;{'analyzer': 'word', 'binary': False, 'decode_error': 'strict', 'dtype': <class 'numpy.float64'>, 'encoding': 'utf-8', 'input': 'content', 'lowercase': True, 'max_df': 0.8, 'max_features': 5000, 'min_df': 1, 'ngram_range': (1, 3), 'norm': 'l1', 'preprocessor': None, 'smooth_idf': True, 'stop_words': None, 'strip_accents': None, 'sublinear_tf': False, 'token_pattern': '(?u)\\b\\w\\w+\\b', 'tokenizer': None, 'use_idf': True, 'vocabulary': None};nb;OrderedDict([('alpha', 0.0036816512295415396), ('fit_prior', False)]);4.467636289991632;875.0;108.20171428571429;0.4666637337910782;2618.0;1295.0;1309.0;2618.0;2.0;455.0;2.0;2.0;1750.0;375266.0;0.014712230790958946;0.025774568359778035;0.04287625311112651;16090.0;213.4377142857143;1.473139127471974;212.4377142857143;214.4377142857143;0.48154133001864513;0.0;30.426263659995655;0.21244663785155063;155.0;0.005494769043824913;0.025771053066358265;4.059329197113086;218.31609417913435;593.9696961966999;218.3784969513618;47689.16793073594;0.8267463724926178;9.653297152981647;1.0;0.0060391976941014495;0.002005701867681274;0.8267463724926178;6.07241633411571;1;4.6888987223307294e-06;0.08338809013366699;31.0;0.37884081435620337;1609000.0;2.0;212.0;423.0;0.9219245714285714;0.23601460449606956;0.47874518687175827;0.38470221523344994;256.848901789709;0.7045741728476286;0.5235657076226999;0.4906470065620665;0.7045741728476286;0.6464629763228652;-0.002426676312277582;5.509931518955427;0.0022840840558596698;0.00010263270015742343;-0.0018102354256041564;0.0022840840558596698;-7.499847991077058e-05;0.0005707762557077833;0.013354060602881912;0.0231684996487444;0.002858776443682043;0.012203880669300449;0.016658318699218362;9.057971582748472;8.183567043952078;9.481363533709334;8336.0;8.72698300754665;66.1410488906084;11.08573868425688;8.285714285714286;8;11.075813393009785
word2vec;{'hs': 1, 'min_count': 10, 'sg': 0, 'vector_size': 5000, 'window': 7, 'workers': 1};svm;OrderedDict([('C', 5.768192789442869), ('degree', 4), ('gamma', 0.029029270474130165)]);word2vec;{'hs': 1, 'min_count': 10, 'sg': 0, 'vector_size': 5000, 'window': 7, 'workers': 1};svm;OrderedDict([('C', 10.0), ('degree', 4), ('gamma', 0.01942831552155212)]);4.945394169601663;502.5;520.4144278606965;0.4562971603737763;5895.0;589.0;85.43478260869566;5895.0;69.0;313.0;69.0;4.0;2010.0;2582911.0;0.0005892576244400213;0.02459541277414818;0.025901008590694764;66900.0;1284.0303482587065;3.877679601883187;1283.0303482587065;1285.0303482587065;0.459118086696562;1.4947683109118087e-05;1.750741217523009;0.2659592219786125;952.0;0.003093408948275802;0.013216096102420874;1.3567613835963657;1022.5998106350421;129.5878080685062;1022.8542836539458;1046230.8855892265;1.9605199668660325;10.556641198374447;2.0;0.008428363289372702;0.005672157431462127;0.9802599834330162;7.844871350827824;1;7.468859354654947e-06;0.31151072184244794;29.0;0.3202240840059488;6690000.0;3.0;409.0;817.0;0.7457970149253732;0.3257883533542702;0.6125606016848939;0.25714994417258963;231.08132237433705;0.306301824212272;0.2965036077528321;0.2685305355845133;0.306301824212272;0.2690275365633398;0.02935884859556646;4.231503831431933;-0.011940298507462699;-0.019233507533420457;-0.016562422446993352;-0.011940298507462699;-0.010927561416686382;0.02736318407960192;0.05093276548876191;0.04981981843594255;0.032835820895522394;0.023415947895133626;0.06175195923155257;11.417068516321784;10.653094045555662;9.56518980322499;29812.0;10.90078005893723;50.94380126915763;13.265843103603476;13.4;10;13.12249981226056
bow;{'analyzer': 'word', 'binary': True, 'decode_error': 'strict', 'dtype': <class 'numpy.int64'>, 'encoding': 'utf-8', 'input': 'content', 'lowercase': True, 'max_df': 0.8, 'max_features': 5000, 'min_df': 1, 'ngram_range': (1, 3), 'preprocessor': None, 'stop_words': None, 'strip_accents': None, 'token_pattern': '(?u)\\b\\w\\w+\\b', 'tokenizer': None, 'vocabulary': None};lr;OrderedDict([('C', 0.5232331343860759), ('max_iter', 100)]);bow;{'analyzer': 'word', 'binary': True, 'decode_error': 'strict', 'dtype': <class 'numpy.int64'>, 'encoding': 'utf-8', 'input': 'content', 'lowercase': True, 'max_df': 0.8, 'max_features': 5000, 'min_df': 1, 'ngram_range': (1, 3), 'preprocessor': None, 'stop_words': None, 'strip_accents': None, 'token_pattern': '(?u)\\b\\w\\w+\\b', 'tokenizer': None, 'vocabulary': None};nb;OrderedDict([('alpha', 1.7765766649807682), ('fit_prior', True)]);4.663057137094897;9210.0;9.93485342019544;0.0;204.0;14634.0;102.0;204.0;2.0;3786.0;2.0;2.0;18420.0;193377.0;0.0032423711196264294;0.8194210258851992;0.190772428985867;36891.0;9.498208469055374;1.2006735720368922;8.498208469055374;10.498208469055374;0.6864275839635684;0.0;41.612668392631115;0.15813152546579998;8.0;0.004204222839324222;0.1309514575156301;4.4627740844839785;9.54155134148233;7670.694362311668;9.541810351793371;91.04614478959112;0.7328657124354306;12.110544210242624;1.0;0.006140125302549975;0.00015664543840501047;0.7328657124354306;2.958914451554468;1;3.730456034342448e-06;0.44168734550476074;691.0;0.675027275995653;3689100.0;8.0;3009.0;6017.0;0.994898588490771;0.1691446535505961;0.5317287776017527;0.5015730408980537;937.310899094767;0.7886174448063699;0.5634797204636951;0.5615764897810421;0.7886174448063699;0.7468034708253307;-0.008372329359350348;7.020504071388399;-0.010260586319218223;-0.007926042017947887;-0.010133371656995904;-0.010260586319218223;-0.007987262010911711;0.009174809989142108;0.039057763794753564;0.06778673936731394;0.010586319218241047;0.031204962575704376;0.014497818209908397;27.590243433898785;0.307226366657396;22.110578636363634;0.0;17.314650568181822;67.30879403409094;21.645795454545457;25.0;21;3.1291
tf-idf;{'analyzer': 'word', 'binary': False, 'decode_error': 'strict', 'dtype': <class 'numpy.float64'>, 'encoding': 'utf-8', 'input': 'content', 'lowercase': True, 'max_df': 0.8, 'max_features': 5000, 'min_df': 1, 'ngram_range': (1, 3), 'norm': 'l1', 'preprocessor': None, 'smooth_idf': True, 'stop_words': None, 'strip_accents': None, 'sublinear_tf': False, 'token_pattern': '(?u)\\b\\w\\w+\\b', 'tokenizer': None, 'use_idf': True, 'vocabulary': None};nb;OrderedDict([('alpha', 0.7092812478449494), ('fit_prior', False)]);tf-idf;{'analyzer': 'word', 'binary': False, 'decode_error': 'strict', 'dtype': <class 'numpy.float64'>, 'encoding': 'utf-8', 'input': 'content', 'lowercase': True, 'max_df': 0.8, 'max_features': 5000, 'min_df': 1, 'ngram_range': (1, 3), 'norm': 'l1', 'preprocessor': None, 'smooth_idf': True, 'stop_words': None, 'strip_accents': None, 'sublinear_tf': False, 'token_pattern': '(?u)\\b\\w\\w+\\b', 'tokenizer': None, 'use_idf': True, 'vocabulary': None};nb;OrderedDict([('alpha', 0.45409448403630226), ('fit_prior', False)]);4.663057137094897;9210.0;9.93485342019544;0.0;204.0;10106.0;102.0;204.0;2.0;8314.0;2.0;2.0;18420.0;193377.0;0.0032423711196264294;0.8194210258851992;0.190772428985867;36891.0;9.498208469055374;7.268363230723329;8.498208469055374;10.498208469055374;0.6864275839635684;0.0;41.612668392631115;0.15813152546579998;8.0;0.004204222839324222;0.1309514575156301;4.4627740844839785;9.54155134148233;1267.1353518862932;9.541810351793371;91.04614478959112;0.9931620105406923;12.110544210242624;1.0;0.009231800258357072;0.000257312230026302;0.9931620105406923;2.958914451554468;1;3.7972132364908856e-06;0.3360818227132161;731.0;0.7624121604188995;3689100.0;8.0;3867.0;7733.0;0.994898588490771;0.1691446535505961;0.5317287776017527;0.5015730408980537;937.310899094767;0.6653818313427434;0.6558031374835636;0.656015753406504;0.6653818313427434;0.6613537023016639;-0.004216838951735552;7.020504071388399;-0.00846905537459286;-0.007547038365608438;-0.007657580241724582;-0.00846905537459286;-0.007853531000783565;0.05325732899022806;0.045820827195157454;0.05137715374350127;0.04728555917481003;0.05353856419094305;0.014497818209908397;27.590243433898785;0.307226366657396;22.110578636363634;0.0;17.314650568181822;67.30879403409094;21.645795454545457;25.0;21;3.1291
bow;{'analyzer': 'word', 'binary': True, 'decode_error': 'strict', 'dtype': <class 'numpy.int64'>, 'encoding': 'utf-8', 'input': 'content', 'lowercase': True, 'max_df': 0.8, 'max_features': 5000, 'min_df': 1, 'ngram_range': (1, 3), 'preprocessor': None, 'stop_words': None, 'strip_accents': None, 'token_pattern': '(?u)\\b\\w\\w+\\b', 'tokenizer': None, 'vocabulary': None};lr;OrderedDict([('C', 0.9000982952817828), ('max_iter', 100)]);bow;{'analyzer': 'word', 'binary': True, 'decode_error': 'strict', 'dtype': <class 'numpy.int64'>, 'encoding': 'utf-8', 'input': 'content', 'lowercase': True, 'max_df': 0.8, 'max_features': 5000, 'min_df': 1, 'ngram_range': (1, 3), 'preprocessor': None, 'stop_words': None, 'strip_accents': None, 'token_pattern': '(?u)\\b\\w\\w+\\b', 'tokenizer': None, 'vocabulary': None};nb;OrderedDict([('alpha', 0.19100791906210327), ('fit_prior', True)]);4.663057137094897;9210.0;9.93485342019544;0.0;204.0;14878.0;102.0;204.0;2.0;3542.0;2.0;2.0;18420.0;193377.0;0.0032423711196264294;0.8194210258851992;0.190772428985867;36891.0;9.498208469055374;1.1489861423302934;8.498208469055374;10.498208469055374;0.6864275839635684;0.0;41.612668392631115;0.15813152546579998;8.0;0.004204222839324222;0.1309514575156301;4.4627740844839785;9.54155134148233;8015.762471530703;9.541810351793371;91.04614478959112;0.7062395035882374;12.110544210242624;1.0;0.007270464666868284;0.0001658732442449509;0.7062395035882374;2.958914451554468;1;4.008611043294271e-06;0.45236961046854657;668.0;0.7161078959488953;3689100.0;6.0;2910.0;5819.0;0.994898588490771;0.1691446535505961;0.5317287776017527;0.5015730408980537;937.310899094767;0.7954397394136808;0.5487290026905947;0.5415014798680619;0.7954397394136808;0.7508256908528947;0.029713160578145832;7.020504071388399;-0.008089033659066214;-0.011352901259296444;-0.016942635670951334;-0.008089033659066214;-0.009389851807397265;0.00798045602605868;0.03353764911529744;0.05630973520654592;0.007600434310532034;0.022229478581290985;0.014497818209908397;27.590243433898785;0.307226366657396;22.110578636363634;0.0;17.314650568181822;67.30879403409094;21.645795454545457;25.0;21;3.1291
bow;{'analyzer': 'word', 'binary': True, 'decode_error': 'strict', 'dtype': <class 'numpy.int64'>, 'encoding': 'utf-8', 'input': 'content', 'lowercase': True, 'max_df': 0.8, 'max_features': 5000, 'min_df': 1, 'ngram_range': (1, 3), 'preprocessor': None, 'stop_words': None, 'strip_accents': None, 'token_pattern': '(?u)\\b\\w\\w+\\b', 'tokenizer': None, 'vocabulary': None};lr;OrderedDict([('C', 1.659718575717966), ('max_iter', 1000)]);bow;{'analyzer': 'word', 'binary': True, 'decode_error': 'strict', 'dtype': <class 'numpy.int64'>, 'encoding': 'utf-8', 'input': 'content', 'lowercase': True, 'max_df': 0.8, 'max_features': 5000, 'min_df': 1, 'ngram_range': (1, 3), 'preprocessor': None, 'stop_words': None, 'strip_accents': None, 'token_pattern': '(?u)\\b\\w\\w+\\b', 'tokenizer': None, 'vocabulary': None};nb;OrderedDict([('alpha', 0.7335843649951039), ('fit_prior', True)]);4.663057137094897;9210.0;9.93485342019544;0.0;204.0;13851.0;102.0;204.0;2.0;4569.0;2.0;2.0;18420.0;193377.0;0.0032423711196264294;0.8194210258851992;0.190772428985867;36891.0;9.498208469055374;1.4032435799888177;8.498208469055374;10.498208469055374;0.6864275839635684;0.0;41.612668392631115;0.15813152546579998;8.0;0.004204222839324222;0.1309514575156301;4.4627740844839785;9.54155134148233;6563.365142973534;9.541810351793371;91.04614478959112;0.8081657572515041;12.110544210242624;1.0;0.009838600956360107;0.0002518459503388234;0.8081657572515041;2.958914451554468;1;3.7384033203125e-06;0.3882911205291748;676.0;0.8543829039649554;3689100.0;8.0;2952.0;5903.0;0.994898588490771;0.1691446535505961;0.5317287776017527;0.5015730408980537;937.310899094767;0.77880926529135;0.6254631037936362;0.6386103232403849;0.77880926529135;0.7515699985787746;0.034291596823404456;7.020504071388399;-0.011563517915309518;-0.017735823905420833;-0.021659360562648278;-0.011563517915309518;-0.014184722050735843;0.03072747014115107;0.07538070619618142;0.09542438688687893;0.02909880564603695;0.049305091444401206;0.014497818209908397;27.590243433898785;0.307226366657396;22.110578636363634;0.0;17.314650568181822;67.30879403409094;21.645795454545457;25.0;21;3.1291
tf-idf;{'analyzer': 'word', 'binary': False, 'decode_error': 'strict', 'dtype': <class 'numpy.float64'>, 'encoding': 'utf-8', 'input': 'content', 'lowercase': True, 'max_df': 1.0, 'max_features': None, 'min_df': 1, 'ngram_range': (1, 1), 'norm': 'l2', 'preprocessor': None, 'smooth_idf': True, 'stop_words': None, 'strip_accents': None, 'sublinear_tf': False, 'token_pattern': '(?u)\\b\\w\\w+\\b', 'tokenizer': None, 'use_idf': True, 'vocabulary': None};lr;OrderedDict([('C', 1.7765766649807682), ('max_iter', 255)]);bow;{'analyzer': 'word', 'binary': True, 'decode_error': 'strict', 'dtype': <class 'numpy.int64'>, 'encoding': 'utf-8', 'input': 'content', 'lowercase': True, 'max_df': 0.8, 'max_features': 5000, 'min_df': 1, 'ngram_range': (1, 3), 'preprocessor': None, 'stop_words': None, 'strip_accents': None, 'token_pattern': '(?u)\\b\\w\\w+\\b', 'tokenizer': None, 'vocabulary': None};nb;OrderedDict([('alpha', 1.079878844201014), ('fit_prior', True)]);3.9985308985731067;4232.666666666667;20.70664671601827;0.06244845524213801;230.0;7140.0;230.0;230.0;1.0;1629.0;1.0;3.0;12698.0;305629.0;0.004498918623559937;0.08847968780474327;0.12307078189569708;37614.0;23.069065994644827;1.5291309731493896;22.069144747204284;24.069065994644827;0.6523634816823524;0.0;14.808790967404295;0.09654842963200481;16.0;0.004332049641886077;0.09086834037345932;3.2756983909891297;24.565970001550543;2768.021013889406;24.566937375194875;603.5344119967469;1.370752466194428;11.72223325453696;1.584962500721156;0.007953506963629493;0.0005805858003279437;0.8648485157035181;3.9798646353061646;0.0010000000000000002;3.938674926757812e-06;0.5916870435078939;450.0;0.6165981348652277;3761400.0;9.0;3079.0;6157.0;0.9868009135296897;0.1650916560033948;0.35644747712774594;0.34432208266465475;656.3938594853414;0.6053716825615719;0.4622129015339828;0.46500491791086046;0.6053716825615719;0.5745789468068138;-0.010920258641316967;9.22124082589256;-0.017089708773937007;-0.06263559584009021;-0.08942702673168385;-0.017089708773937007;-0.04415564801842242;0.05780468327961752;0.08175076833951966;0.10372834709953521;0.05709620795350123;0.0642730621461921;0.005714612205054761;10.13984039375412;4.858075939797267;18.30390234218242;14746.0;9.762054423558094;70.44458981222175;11.652364773068403;6.571428571428571;9;8.903280581354968
tf-idf;{'analyzer': 'word', 'binary': False, 'decode_error': 'strict', 'dtype': <class 'numpy.float64'>, 'encoding': 'utf-8', 'input': 'content', 'lowercase': True, 'max_df': 1.0, 'max_features': None, 'min_df': 1, 'ngram_range': (1, 1), 'norm': 'l2', 'preprocessor': None, 'smooth_idf': True, 'stop_words': None, 'strip_accents': None, 'sublinear_tf': False, 'token_pattern': '(?u)\\b\\w\\w+\\b', 'tokenizer': None, 'use_idf': True, 'vocabulary': None};lr;OrderedDict([('C', 3.9174943464671896), ('max_iter', 100)]);tf-idf;{'analyzer': 'word', 'binary': False, 'decode_error': 'strict', 'dtype': <class 'numpy.float64'>, 'encoding': 'utf-8', 'input': 'content', 'lowercase': True, 'max_df': 1.0, 'max_features': None, 'min_df': 1, 'ngram_range': (1, 1), 'norm': 'l2', 'preprocessor': None, 'smooth_idf': True, 'stop_words': None, 'strip_accents': None, 'sublinear_tf': False, 'token_pattern': '(?u)\\b\\w\\w+\\b', 'tokenizer': None, 'use_idf': True, 'vocabulary': None};lr;OrderedDict([('C', 10.0), ('max_iter', 100)]);3.9985308985731067;1243.25;25.044842147597024;0.06431251608690289;230.0;2436.0;38.333333333333336;230.0;6.0;405.0;6.0;4.0;4973.0;147811.0;0.004248668908267991;0.09113805023651488;0.15345948542395357;22683.0;23.069065994644827;1.347751908152086;27.722702594007643;29.722702594007643;0.6484591985187145;0.0;9.434625680432069;0.09960016507567096;20.0;0.004120126377603832;0.11258296067275102;2.6546388683630875;28.332391944827567;922.4620588403623;28.33524099626469;802.8858823163991;1.7005306681547665;11.535310097386699;2.0;0.015227797617466603;0.001177572611579111;0.8502653340773833;4.243319311633957;1;3.911654154459635e-06;0.2009256680806478;243.0;0.5514162696911932;2268300.0;8.0;1229.0;2457.0;0.9841345264427911;0.1697556299006971;0.3696808922519349;0.35519347796221934;417.3877598742292;0.5950136444777376;0.4312232443457034;0.4439217590039808;0.5950136444777376;0.564683942577635;0.002337282357705541;9.136771467417862;-0.003819256634195911;-0.03217959490312139;-0.040150991422395255;-0.003819256634195911;-0.015601445498309996;0.08083518909069454;0.09308531024272088;0.10501441973954156;0.07681500835121136;0.09109186528227797;0.009418308330991963;10.13984039375412;4.858075939797267;18.30390234218242;14746.0;9.762054423558094;70.44458981222175;11.652364773068403;6.571428571428571;9;8.903280581354968
bow;{'analyzer': 'word', 'binary': True, 'decode_error': 'strict', 'dtype': <class 'numpy.int64'>, 'encoding': 'utf-8', 'input': 'content', 'lowercase': True, 'max_df': 0.8, 'max_features': 5000, 'min_df': 10, 'ngram_range': (1, 3), 'preprocessor': None, 'stop_words': None, 'strip_accents': None, 'token_pattern': '(?u)\\b\\w\\w+\\b', 'tokenizer': None, 'vocabulary': None};svm;OrderedDict([('C', 6.419865543464457), ('degree', 2), ('gamma', 0.00333408186042621)]);bow;{'analyzer': 'word', 'binary': True, 'decode_error': 'strict', 'dtype': <class 'numpy.int64'>, 'encoding': 'utf-8', 'input': 'content', 'lowercase': True, 'max_df': 0.8, 'max_features': 5000, 'min_df': 10, 'ngram_range': (1, 3), 'preprocessor': None, 'stop_words': None, 'strip_accents': None, 'token_pattern': '(?u)\\b\\w\\w+\\b', 'tokenizer': None, 'vocabulary': None};svm;OrderedDict([('C', 10.0), ('degree', 4), ('gamma', 0.002978101485501032)]);4.246764746548524;334.5;499.1136023916293;0.39260501311974144;6996.0;413.0;179.3846153846154;6996.0;39.0;256.0;39.0;2.0;669.0;1019781.0;0.11753013637241722;0.029506319004160453;0.044053576209009584;44925.0;1523.3363228699552;3.01308558352739;1522.3363228699552;1524.3363228699552;0.48601001669449084;4.4518642181413464e-05;1.6122493021339794;0.20537939028085442;620.0;0.004239145463584828;0.025406435303266094;1.7436501102800603;1900.5777177418745;111.01576464628796;1901.999773846361;3617603.1397116086;0.9598995274034474;10.107807247049744;1.0;0.012439181370725692;0.00761064626166521;0.9598995274034474;7.4457831633920595;1;6.076494852701822e-06;0.040857553482055664;15.0;0.33101073260865954;4492500.0;5.0;52.0;103.0;0.7955156950672646;0.2810502694129591;0.6130068928590338;0.2855513540111845;145.04710838350016;0.7299451918285998;0.6795803695138195;0.6788473219062702;0.7299451918285998;0.7077280872008501;0.0018207112780245663;4.99140711247804;0.08071748878923768;0.09613215192025215;0.09821602343544855;0.08071748878923768;0.08880256755967186;0.06875934230194314;0.09882106636577559;0.14576886153318858;0.11659192825112108;0.1129086196733089;0.0993075727650298;9.24797202808331;9.850561348350162;9.641464432091965;35413.0;10.963265932851225;54.490635528855904;13.585294324251823;20.666666666666668;9;13.07020596477777
bow;{'analyzer': 'word', 'binary': True, 'decode_error': 'strict', 'dtype': <class 'numpy.int64'>, 'encoding': 'utf-8', 'input': 'content', 'lowercase': True, 'max_df': 0.8, 'max_features': 5000, 'min_df': 1, 'ngram_range': (1, 3), 'preprocessor': None, 'stop_words': None, 'strip_accents': None, 'token_pattern': '(?u)\\b\\w\\w+\\b', 'tokenizer': None, 'vocabulary': None};nb;OrderedDict([('alpha', 1.688103867786638), ('fit_prior', False)]);tf-idf;{'analyzer': 'word', 'binary': False, 'decode_error': 'strict', 'dtype': <class 'numpy.float64'>, 'encoding': 'utf-8', 'input': 'content', 'lowercase': True, 'max_df': 0.8, 'max_features': 5000, 'min_df': 1, 'ngram_range': (1, 3), 'norm': 'l1', 'preprocessor': None, 'smooth_idf': True, 'stop_words': None, 'strip_accents': None, 'sublinear_tf': False, 'token_pattern': '(?u)\\b\\w\\w+\\b', 'tokenizer': None, 'use_idf': True, 'vocabulary': None};svm;OrderedDict([('C', 10.0), ('degree', 2), ('gamma', 1.6071042034023761)]);4.99276473406804;1058.5;9.129428436466698;0.4386847587733128;32.0;1099.0;32.0;32.0;1.0;1018.0;1.0;2.0;2117.0;19936.0;0.002106741573033708;0.030729904407011188;0.15625;3115.0;8.4009009009009;18.48080315767804;7.417572035899858;9.417099669343411;0.6032102728731942;0.0006420545746388443;3.5827276982064804;0.2576243980738363;8.0;0.002608346709470305;0.10323033707865169;1.7363417201230626;4.601898367394784;57.27564927611035;4.602985644047261;21.187476839305184;0.998943720432595;8.803618137073565;1.0;0.0357849091296666;0.0014631179729990417;0.998943720432595;3.0618219040504555;1;3.515879313151041e-06;0.01906267801920573;89.0;0.6672562840876202;311500.0;9.0;214.0;427.0;0.9918658478979688;0.20684398961892994;0.5418424727608216;0.5202865778713887;316.52256214962404;0.8052681395758969;0.806261446009111;0.8017928612541686;0.8052681395758969;0.8014301197292828;0.005298214836874823;6.4203104161802695;-0.0429617128429739;-0.04038816969154457;-0.05065512433024655;-0.0429617128429739;-0.051605767480632725;0.10016206912717074;0.09551631497836566;0.11398697880052222;0.09450572264748647;0.1051809307984255;0.015217141445410719;6.780015675639007;9.137674686644576;9.099325499808229;1211.0;6.404659246964858;65.86579369311272;9.525817211468539;3.5;8;9.971591278628448
word2vec;{'hs': 1, 'min_count': 10, 'sg': 1, 'vector_size': 100, 'window': 7, 'workers': 1};rf;OrderedDict([('max_depth', 34), ('max_features', 'log2'), ('min_samples_leaf', 3), ('min_samples_split', 5), ('n_estimators', 108)]);bow;{'analyzer': 'word', 'binary': True, 'decode_error': 'strict', 'dtype': <class 'numpy.int64'>, 'encoding': 'utf-8', 'input': 'content', 'lowercase': True, 'max_df': 0.8, 'max_features': 5000, 'min_df': 1, 'ngram_range': (1, 3), 'preprocessor': None, 'stop_words': None, 'strip_accents': None, 'token_pattern': '(?u)\\b\\w\\w+\\b', 'tokenizer': None, 'vocabulary': None};nb;OrderedDict([('alpha', 0.2252584287025691), ('fit_prior', True)]);4.785820658675325;458.4;27.3891797556719;0.357192536495266;559.0;1134.0;559.0;559.0;1.0;139.0;1.0;5.0;2292.0;81922.0;0.0023314860477039135;0.11808961717889115;0.12896413661775835;10565.0;34.74258289703316;1.1455837275447895;33.8477312390925;35.74258289703316;0.5942262186464742;0.0;20.536176896473368;0.24219379409682382;17.0;0.0031249237079172872;0.08475134884402236;4.047063524890736;59.20170701422765;400.1453485922334;59.21462609938181;3506.3719440895898;1.9361181049506302;10.1437825935551;2.321928094887362;0.030055086302628715;0.0026196675223974708;0.8338406814637178;3.6799628549154257;1;4.774729410807292e-06;0.061100165049235024;163.0;0.35505160456601853;1056500.0;4.0;628.0;1255.0;0.9792648342059337;0.18181080516180942;0.49010730981249856;0.4155182052822852;302.8458111781242;0.5495927865037812;0.3079627384717695;0.28982215237834175;0.5495927865037812;0.48331056794333255;-0.022407177311357582;1.8482425282864647;-0.029668411867364686;-0.03435567773867382;-0.04520452833786248;-0.029668411867364686;-0.04017364543668095;0.05104712041884807;0.05395750856860598;0.06313412405779245;0.03970331588132636;0.04662802437249841;0.024041656958931495;8.915771198226022;9.199533982487555;10.040868796553626;4627.0;8.695213700317652;60.523781650841244;11.343347937118475;10.166666666666666;8;11.594800907366512
tf-idf;{'analyzer': 'word', 'binary': False, 'decode_error': 'strict', 'dtype': <class 'numpy.float64'>, 'encoding': 'utf-8', 'input': 'content', 'lowercase': True, 'max_df': 0.8, 'max_features': 5000, 'min_df': 1, 'ngram_range': (1, 3), 'norm': 'l1', 'preprocessor': None, 'smooth_idf': True, 'stop_words': None, 'strip_accents': None, 'sublinear_tf': False, 'token_pattern': '(?u)\\b\\w\\w+\\b', 'tokenizer': None, 'use_idf': True, 'vocabulary': None};knn;OrderedDict([('leaf_size', 28), ('n_neighbors', 46)]);word2vec;{'hs': 1, 'min_count': 10, 'sg': 0, 'vector_size': 100, 'window': 7, 'workers': 1};svm;OrderedDict([('C', 6.942068743358478), ('degree', 2), ('gamma', 0.9204504248082295)]);4.49833117537045;341.1;108.96306068601584;0.4373610601012696;658.0;742.0;43.86666666666667;658.0;15.0;180.0;15.0;10.0;3411.0;556080.0;0.007831606963026903;0.023475371063816235;0.04836174651129334;26893.0;162.0255057167986;2.204554069855388;161.0255057167986;163.0255057167986;0.5325549399471982;0.0;3.186040053520589;0.20661595453891526;136.0;0.008462811106315637;0.028379010214357646;1.6122522483624322;105.45787809306478;154.7251685336868;105.47333999155606;11124.625448974379;3.2087580004663456;10.10182510239435;3.321928094887362;0.006494628704874982;0.001474619001679529;0.965932406967149;6.369040899153855;1;4.965464274088542e-06;0.496426264444987;67.0;0.3404636756694627;2689300.0;2.0;1396.0;2791.0;0.9194746408677807;0.22563001056424564;0.37215162201697394;0.2966012325276596;325.74338351950416;0.1868464770839441;0.10279164375583318;0.06301230337094926;0.1868464770839441;0.09789138378660268;0.0014975429301043227;7.663267495045966;-0.011433597185576044;-0.0024098820353901235;-0.007811153182364999;-0.011433597185576044;-0.011859875767185002;0.004397537379067701;0.0077954849040140495;0.009061386749118223;-0.0023453532688361423;0.004937733619830659;-0.005265110376030374;7.912672318937567;8.039410307613409;8.83207069039462;10229.0;7.705602755354384;68.86903892246058;9.758640657371174;5.3;7;10.166663691165326
bow;{'analyzer': 'word', 'binary': True, 'decode_error': 'strict', 'dtype': <class 'numpy.int64'>, 'encoding': 'utf-8', 'input': 'content', 'lowercase': True, 'max_df': 0.8, 'max_features': 5000, 'min_df': 1, 'ngram_range': (1, 3), 'preprocessor': None, 'stop_words': None, 'strip_accents': None, 'token_pattern': '(?u)\\b\\w\\w+\\b', 'tokenizer': None, 'vocabulary': None};svm;OrderedDict([('C', 6.845393198260128), ('degree', 4), ('gamma', 0.03087785105749296)]);bow;{'analyzer': 'word', 'binary': True, 'decode_error': 'strict', 'dtype': <class 'numpy.int64'>, 'encoding': 'utf-8', 'input': 'content', 'lowercase': True, 'max_df': 0.8, 'max_features': 5000, 'min_df': 1, 'ngram_range': (1, 3), 'preprocessor': None, 'stop_words': None, 'strip_accents': None, 'token_pattern': '(?u)\\b\\w\\w+\\b', 'tokenizer': None, 'vocabulary': None};svm;OrderedDict([('C', 7.071691087968496), ('degree', 2), ('gamma', 0.03710103139648257)]);4.7321453464058365;942.3333333333334;14.374602051644853;0.3835688958560266;32.0;1147.0;32.0;32.0;1.0;823.0;1.0;3.0;2827.0;43042.0;0.0059012127689233775;0.049606871426787956;0.22426931834022582;9653.0;14.225327201980898;5.292226121083639;13.22780332507959;15.225327201980898;0.5598259608411893;0.0;-0.9518069315922215;0.22064495144277682;16.0;0.005180986013661075;0.1371683471957623;-0.04439035753845858;6.634728351215634;178.05991500990146;6.635902120061831;44.03519694704111;1.568298107077174;10.863356594248373;1.584962500721156;0.03434349751139369;0.001654535722108898;0.9894859382247846;3.661992889113815;1;3.801981608072917e-06;0.09115250905354817;268.0;0.5824201625529005;965300.0;9.0;406.0;811.0;0.9900516448532013;0.1653454852855157;0.39576605728804987;0.3837321170661087;326.6091680603139;0.7763200718871399;0.7656279660057104;0.7730324094407056;0.7763200718871399;0.7744143238583224;-0.0009642263532142165;10.604467983971563;0.023337678682796237;0.022608750974629888;0.025294802891049573;0.023337678682796237;0.023391973629566465;0.18463682559838612;0.18172601415928324;0.2054863524485704;0.1948975540710821;0.21399785190986853;0.004877916033818036;8.32478965724907;8.455181029605882;9.374627449290358;4234.0;7.481517488954971;68.02073311063062;9.361755995673121;7.0;8;10.094079774768595
tf-idf;{'analyzer': 'word', 'binary': False, 'decode_error': 'strict', 'dtype': <class 'numpy.float64'>, 'encoding': 'utf-8', 'input': 'content', 'lowercase': True, 'max_df': 0.8, 'max_features': 5000, 'min_df': 1, 'ngram_range': (1, 2), 'norm': 'l1', 'preprocessor': None, 'smooth_idf': True, 'stop_words': None, 'strip_accents': None, 'sublinear_tf': False, 'token_pattern': '(?u)\\b\\w\\w+\\b', 'tokenizer': None, 'use_idf': True, 'vocabulary': None};nb;OrderedDict([('alpha', 0.02168355381016389), ('fit_prior', False)]);tf-idf;{'analyzer': 'word', 'binary': False, 'decode_error': 'strict', 'dtype': <class 'numpy.float64'>, 'encoding': 'utf-8', 'input': 'content', 'lowercase': True, 'max_df': 0.8, 'max_features': 5000, 'min_df': 1, 'ngram_range': (1, 2), 'norm': 'l1', 'preprocessor': None, 'smooth_idf': True, 'stop_words': None, 'strip_accents': None, 'sublinear_tf': False, 'token_pattern': '(?u)\\b\\w\\w+\\b', 'tokenizer': None, 'use_idf': True, 'vocabulary': None};svm;OrderedDict([('C', 10.0), ('degree', 2), ('gamma', 0.9561869580604743)]);5.1513487475915225;250.0;13.569333333333333;0.2565777171150164;27.0;250.0;4.5;27.0;6.0;250.0;6.0;3.0;750.0;10380.0;0.002023121387283237;0.028600465856560977;0.42947976878612715;4458.0;12.84;0.0;11.84;13.84;0.7240915208613729;0.0;-0.013474390863308372;0.271868978805395;14.0;0.00838150289017341;0.329383429672447;0.3226514879544123;3.6607467362092483;0.0;3.6631896772460437;13.418958611481974;1.584962500721156;10.892569493788574;1.584962500721156;0.08216242858865658;0.0049679879855041775;1.0;3.707270678811428;0.0010000000000000002;3.617604573567708e-06;0.008667310078938803;59.0;0.3157308646015416;445800.0;9.0;122.0;243.0;0.9906426666666667;0.15639390808726436;0.4499513950011673;0.43890209945525127;180.74464349882754;0.8364444444444445;0.8363719427976456;0.8368339038902279;0.8364444444444445;0.8368518383283924;0.12864007610403508;9.827819874869773;-0.06133333333333346;-0.06142028431185054;-0.05943571541060677;-0.06133333333333346;-0.0594393443078316;0.21200000000000008;0.21656467138394864;0.18402220943846925;0.18533333333333335;0.20199120489840028;0.006231475616206286;91.94492156667332;12.999690432427201;20.784612075470434;2157.0;72.63394663628813;-108.25052360452739;76.2040403905622;56.0;12;30.75146017032778
bow;{'analyzer': 'word', 'binary': True, 'decode_error': 'strict', 'dtype': <class 'numpy.int64'>, 'encoding': 'utf-8', 'input': 'content', 'lowercase': True, 'max_df': 0.8, 'max_features': 5000, 'min_df': 1, 'ngram_range': (1, 3), 'preprocessor': None, 'stop_words': None, 'strip_accents': None, 'token_pattern': '(?u)\\b\\w\\w+\\b', 'tokenizer': None, 'vocabulary': None};nb;OrderedDict([('alpha', 0.6315712308093084), ('fit_prior', True)]);bow;{'analyzer': 'word', 'binary': True, 'decode_error': 'strict', 'dtype': <class 'numpy.int64'>, 'encoding': 'utf-8', 'input': 'content', 'lowercase': True, 'max_df': 0.8, 'max_features': 5000, 'min_df': 1, 'ngram_range': (1, 3), 'preprocessor': None, 'stop_words': None, 'strip_accents': None, 'token_pattern': '(?u)\\b\\w\\w+\\b', 'tokenizer': None, 'vocabulary': None};nb;OrderedDict([('alpha', 0.1637190647534379), ('fit_prior', True)]);5.366071008800236;38.19047619047619;183.23192019950125;0.055836961730799176;4326.0;97.0;4326.0;4326.0;1.0;4.0;1.0;21.0;786.0;233971.0;0.005376734723534113;0.0631551681582596;0.2524372678665305;59063.0;290.7344139650873;1.0949340639450145;289.7556109725686;291.7344139650873;0.6632240150347933;0.0;23.234865914777107;0.3548431215834441;148.5;0.008159130832453594;0.18289018724542785;4.021793467819733;426.71303647647187;34.87924747986838;426.9793160883313;182311.33636725915;3.8338682203536045;12.649251422632048;4.392317422778761;0.09126065268746177;0.02296086073119061;0.8728577311992497;6.503275230101277;0.0010000000000000002;5.288124084472655e-06;0.10108192761739095;50.0;0.17194767705922095;5906300.0;2.0;339.0;677.0;0.9398640897755611;0.2055508467207515;0.4767974632206451;0.39551062436451323;177.8600101792634;0.25394873323768175;0.12109250169948604;0.10580333352201932;0.25394873323768175;0.20714606780411762;0.0504652119441575;4.783863871367566;-0.02869547394115568;0.026054382366318574;0.04299146001042664;-0.02869547394115568;-0.0033131510661471575;0.08482400730430245;0.022474777176084343;0.02237035893720303;0.08977583990161556;0.0694672133014711;0.0010641321216581614;12.474400844415364;12.459104173501633;19.254451986070777;34829.0;10.510101728661382;50.453092311626364;12.956346835230148;18.0;11;12.369013644088476
tf-idf;{'analyzer': 'word', 'binary': False, 'decode_error': 'strict', 'dtype': <class 'numpy.float64'>, 'encoding': 'utf-8', 'input': 'content', 'lowercase': True, 'max_df': 1.0, 'max_features': None, 'min_df': 1, 'ngram_range': (1, 1), 'norm': 'l2', 'preprocessor': None, 'smooth_idf': True, 'stop_words': None, 'strip_accents': None, 'sublinear_tf': False, 'token_pattern': '(?u)\\b\\w\\w+\\b', 'tokenizer': None, 'use_idf': True, 'vocabulary': None};lr;OrderedDict([('C', 7.608156459410014), ('max_iter', 100)]);tf-idf;{'analyzer': 'word', 'binary': False, 'decode_error': 'strict', 'dtype': <class 'numpy.float64'>, 'encoding': 'utf-8', 'input': 'content', 'lowercase': True, 'max_df': 1.0, 'max_features': None, 'min_df': 1, 'ngram_range': (1, 1), 'norm': 'l2', 'preprocessor': None, 'smooth_idf': True, 'stop_words': None, 'strip_accents': None, 'sublinear_tf': False, 'token_pattern': '(?u)\\b\\w\\w+\\b', 'tokenizer': None, 'use_idf': True, 'vocabulary': None};svm;OrderedDict([('C', 5.166138653086858), ('degree', 2), ('gamma', 0.6275652133375508)]);5.495037926357563;1517.0;125.14502307185234;0.00036146294064231746;905.0;1922.0;13.712121212121213;905.0;66.0;1112.0;66.0;2.0;3034.0;497675.0;0.010235595519164113;0.7941499233263504;0.12823629878937057;63820.0;163.0326301911668;2.6485950297777596;162.0326301911668;164.0326301911668;0.6412566593544343;0.0;7.745854020957319;0.37945044456723764;132.0;0.014027226603707239;0.09077610890641483;2.3154898741223304;94.67849662067088;572.7564927611035;94.69410339513125;8966.973217807807;0.94795688969473;11.95820345654921;1.0;0.006893680010458459;0.002016350782151872;0.94795688969473;6.694284941411742;1;4.510879516601562e-06;0.17618401845296225;41.0;0.6770239190191684;6382000.0;7.0;303.0;605.0;0.9303193803559657;0.2000176616253312;0.34537910731214067;0.30257443848688775;310.2017344697513;0.7942219468151605;0.7603951177743693;0.7706821286399957;0.7942219468151605;0.7899845618117219;0.14766245792171573;11.195639561039762;-0.02966381659453532;-0.03231685141549667;-0.03405970289003013;-0.02966381659453532;-0.030799774026230686;0.07911067845269881;0.10514866176802662;0.11601992360219948;0.09393932877999445;0.1071297296551722;0.00804149306574139;11.357172289082342;12.988561458641556;20.081950565508727;1010.0;1.6855623868867404;107.57695289009233;5.579368655326341;12.5;12;3.928051884077769
bow;{'analyzer': 'word', 'binary': True, 'decode_error': 'strict', 'dtype': <class 'numpy.int64'>, 'encoding': 'utf-8', 'input': 'content', 'lowercase': True, 'max_df': 0.8, 'max_features': 5000, 'min_df': 1, 'ngram_range': (1, 3), 'preprocessor': None, 'stop_words': None, 'strip_accents': None, 'token_pattern': '(?u)\\b\\w\\w+\\b', 'tokenizer': None, 'vocabulary': None};nb;OrderedDict([('alpha', 3.35981742810865), ('fit_prior', True)]);bow;{'analyzer': 'word', 'binary': True, 'decode_error': 'strict', 'dtype': <class 'numpy.int64'>, 'encoding': 'utf-8', 'input': 'content', 'lowercase': True, 'max_df': 0.8, 'max_features': 5000, 'min_df': 1, 'ngram_range': (1, 3), 'preprocessor': None, 'stop_words': None, 'strip_accents': None, 'token_pattern': '(?u)\\b\\w\\w+\\b', 'tokenizer': None, 'vocabulary': None};nb;OrderedDict([('alpha', 0.6571706588053845), ('fit_prior', False)]);4.2801036259876275;776.4;44.45749613601237;0.4569613603663909;167.0;1192.0;16.7;167.0;10.0;428.0;10.0;5.0;3882.0;216934.0;0.0033420302949284113;0.02763212465693842;0.07169922649285036;15554.0;54.88201957753735;2.5537428914813174;53.88201957753735;55.88201957753735;0.6093609360936093;0.0;-0.8032105013548998;0.1572183244673495;51.0;0.008398867858426987;0.05098324836125273;0.4364220163194983;22.727990610223124;304.024341130772;22.730918531730953;516.6946572961897;2.23307753402945;9.865317943679628;2.321928094887362;0.012317918472910852;0.0015607586094664029;0.961734146266824;5.296889646068268;1;4.431406656901042e-06;0.19259953498840332;59.0;0.46298323115422885;1555400.0;2.0;1157.0;2313.0;0.9639786192684183;0.18065422739567555;0.3621338709914517;0.3264243630029946;364.6519452591259;0.41473467284904686;0.3211330680884155;0.28289445550641407;0.41473467284904686;0.3559841516181776;0.0395897020539274;9.576836781952773;-0.006697578567748663;-0.0244516671656671;-0.06586148140483478;-0.006697578567748663;-0.057855490911019214;0.06980937660999487;0.05900243297638874;0.031563501597393184;0.0723853683668213;0.06576160620905314;0.005861049194548401;7.522324040238146;6.6571868421296685;8.53867577880814;6416.0;7.178197185251744;74.9211857413165;9.240514330867274;7.428571428571429;6;9.310810598953818
bow;{'analyzer': 'word', 'binary': True, 'decode_error': 'strict', 'dtype': <class 'numpy.int64'>, 'encoding': 'utf-8', 'input': 'content', 'lowercase': True, 'max_df': 0.8, 'max_features': 5000, 'min_df': 1, 'ngram_range': (1, 3), 'preprocessor': None, 'stop_words': None, 'strip_accents': None, 'token_pattern': '(?u)\\b\\w\\w+\\b', 'tokenizer': None, 'vocabulary': None};svm;OrderedDict([('C', 7.438429830734353), ('degree', 4), ('gamma', 0.0234914702662133)]);bow;{'analyzer': 'word', 'binary': True, 'decode_error': 'strict', 'dtype': <class 'numpy.int64'>, 'encoding': 'utf-8', 'input': 'content', 'lowercase': True, 'max_df': 0.8, 'max_features': 5000, 'min_df': 1, 'ngram_range': (1, 3), 'preprocessor': None, 'stop_words': None, 'strip_accents': None, 'token_pattern': '(?u)\\b\\w\\w+\\b', 'tokenizer': None, 'vocabulary': None};svm;OrderedDict([('C', 6.960868914759454), ('degree', 4), ('gamma', 0.025212990386128946)]);4.982236569534595;903.25;15.164129532244672;0.36924090875387167;32.0;1147.0;32.0;32.0;1.0;786.0;1.0;4.0;3613.0;57928.0;0.004678221240160199;0.052820681281553684;0.2391762187543157;13855.0;15.033213396069748;5.472040316675243;14.03349017437033;16.033213396069748;0.6009382894262;0.0;-0.9813880979434035;0.24350918381439027;17.0;0.004764535285181604;0.15534801822952632;-0.11852497616816242;6.650044157281387;165.06640078061517;6.650964642323831;44.23533067344176;1.982782800842123;11.238730176126358;2.0;0.039259574536922824;0.0018062874036372893;0.9913914004210616;3.7574104094511096;1;3.801981608072917e-06;0.09601529439290364;279.0;0.6325210739079594;1385500.0;9.0;603.0;1205.0;0.9899665098256296;0.1648619964814629;0.3811619404763133;0.3691483879574616;362.86674935872645;0.7088273451488737;0.6963972688949593;0.7050414385293441;0.7088273451488737;0.7068566164020743;0.0018274869474000591;9.715983686834962;0.028501583012825016;0.027559972785658138;0.03180656663668824;0.028501583012825016;0.029282016718255033;0.18321845576984053;0.18466756181754918;0.17958194371749325;0.19124587015159245;0.1971142191633387;0.008252760405416929;10.288140078971391;9.940993364729774;9.806689111140553;6715.0;8.482263521891241;63.643721404907296;10.566500079804701;5.666666666666667;9;10.938102585363534
bow;{'analyzer': 'word', 'binary': True, 'decode_error': 'strict', 'dtype': <class 'numpy.int64'>, 'encoding': 'utf-8', 'input': 'content', 'lowercase': True, 'max_df': 0.8, 'max_features': 5000, 'min_df': 1, 'ngram_range': (1, 3), 'preprocessor': None, 'stop_words': None, 'strip_accents': None, 'token_pattern': '(?u)\\b\\w\\w+\\b', 'tokenizer': None, 'vocabulary': None};svm;OrderedDict([('C', 10.0), ('degree', 4), ('gamma', 0.016731267625533418)]);bow;{'analyzer': 'word', 'binary': True, 'decode_error': 'strict', 'dtype': <class 'numpy.int64'>, 'encoding': 'utf-8', 'input': 'content', 'lowercase': True, 'max_df': 0.8, 'max_features': 5000, 'min_df': 1, 'ngram_range': (1, 3), 'preprocessor': None, 'stop_words': None, 'strip_accents': None, 'token_pattern': '(?u)\\b\\w\\w+\\b', 'tokenizer': None, 'vocabulary': None};svm;OrderedDict([('C', 8.965876437956208), ('degree', 4), ('gamma', 0.01598979197116829)]);4.959852859742109;785.5;15.226925525143221;0.3672456697762828;33.0;995.0;33.0;33.0;1.0;673.0;1.0;4.0;3142.0;50564.0;0.005319990507080136;0.0541387968684099;0.24477889407483586;12377.0;15.092934436664544;5.450438279611667;14.093889242520687;16.092934436664546;0.6026500767552718;0.0;-0.9184344444357624;0.23779764259156713;16.0;0.005735305751127284;0.15969859979432008;-0.08256103111895859;6.589173438476289;144.1168507380961;6.590222252400715;43.431029336037554;1.9825576256459159;11.197660971693486;2.0;0.040155033252399594;0.001789039173159503;0.9912788128229579;3.766512787823991;1;3.9927164713541665e-06;0.07694888114929199;246.0;0.5993193145377657;1237700.0;9.0;539.0;1077.0;0.9898901973265436;0.15987994586499124;0.3782867495694652;0.36591174809788574;338.2272364653278;0.7271384253082234;0.7178224186932206;0.7251416061638345;0.7271384253082234;0.725722271186397;0.0014273707360250353;9.923764860704399;0.03468834984725533;0.03435524298378212;0.03889691813348328;0.03468834984725533;0.03627123482746242;0.17790591560523084;0.19367267681524125;0.19045912786290042;0.1817266587438725;0.2010438587190827;0.0070675164509506;10.161727075205441;9.826745680996385;9.833587350479675;5934.0;8.420999907529637;64.00819492805381;10.47376817786621;14.25;9;10.876045307488766
tf-idf;{'analyzer': 'word', 'binary': False, 'decode_error': 'strict', 'dtype': <class 'numpy.float64'>, 'encoding': 'utf-8', 'input': 'content', 'lowercase': True, 'max_df': 0.8, 'max_features': 5000, 'min_df': 1, 'ngram_range': (1, 3), 'norm': 'l1', 'preprocessor': None, 'smooth_idf': True, 'stop_words': None, 'strip_accents': None, 'sublinear_tf': False, 'token_pattern': '(?u)\\b\\w\\w+\\b', 'tokenizer': None, 'use_idf': True, 'vocabulary': None};nb;OrderedDict([('alpha', 1.55975525602616), ('fit_prior', False)]);tf-idf;{'analyzer': 'word', 'binary': False, 'decode_error': 'strict', 'dtype': <class 'numpy.float64'>, 'encoding': 'utf-8', 'input': 'content', 'lowercase': True, 'max_df': 0.8, 'max_features': 5000, 'min_df': 1, 'ngram_range': (1, 3), 'norm': 'l1', 'preprocessor': None, 'smooth_idf': True, 'stop_words': None, 'strip_accents': None, 'sublinear_tf': False, 'token_pattern': '(?u)\\b\\w\\w+\\b', 'tokenizer': None, 'use_idf': True, 'vocabulary': None};nb;OrderedDict([('alpha', 0.016195917163447086), ('fit_prior', False)]);4.637663060904197;1003.0;11.031904287138584;0.0;158.0;1742.0;158.0;158.0;1.0;493.0;1.0;5.0;5015.0;59257.0;0.0023963413605143694;0.8358309869933414;0.12931805525085643;7663.0;10.815952143569293;2.0238213065651385;9.826919242273181;11.815952143569293;0.6025055461307582;0.0;26.331508895628073;0.16521254872842028;9.0;0.0023963413605143694;0.07791484550348482;3.6334704148288077;10.986415284490798;495.59711460015586;10.987510803791968;120.72539366344525;2.1836638146615117;9.957237730419742;2.321928094887362;0.06153023851538302;0.001090096919934775;0.9404528156878356;3.034727375107288;1;3.8083394368489586e-06;0.08045252164204915;307.0;0.39980414676513326;766300.0;9.0;1746.0;3491.0;0.9943898305084746;0.18691669347434903;0.6591308291317737;0.6037186354383217;525.3901828915238;0.4155542479505439;0.30453280871711;0.27432957612781905;0.4155542479505439;0.3582515446536827;0.022142172350684216;4.969068015351436;-0.0061804618995397465;0.0027414125547630674;0.00721587547652186;-0.0061804618995397465;0.00222326128944772;0.04127617476856832;0.04512920345767202;0.04810886370735579;0.029714369433730736;0.03763464765623353;0.032130902876281314;7387.413393016858;1.0339549208068242;752.2168999999999;0.0;5758.070000000001;-14873375;5909.6;50.0;49;3.1291
bow;{'analyzer': 'word', 'binary': True, 'decode_error': 'strict', 'dtype': <class 'numpy.int64'>, 'encoding': 'utf-8', 'input': 'content', 'lowercase': True, 'max_df': 0.8, 'max_features': 5000, 'min_df': 1, 'ngram_range': (1, 3), 'preprocessor': None, 'stop_words': None, 'strip_accents': None, 'token_pattern': '(?u)\\b\\w\\w+\\b', 'tokenizer': None, 'vocabulary': None};nb;OrderedDict([('alpha', 0.3095275321432814), ('fit_prior', True)]);bow;{'analyzer': 'word', 'binary': True, 'decode_error': 'strict', 'dtype': <class 'numpy.int64'>, 'encoding': 'utf-8', 'input': 'content', 'lowercase': True, 'max_df': 0.8, 'max_features': 5000, 'min_df': 1, 'ngram_range': (1, 3), 'preprocessor': None, 'stop_words': None, 'strip_accents': None, 'token_pattern': '(?u)\\b\\w\\w+\\b', 'tokenizer': None, 'vocabulary': None};nb;OrderedDict([('alpha', 0.29959763172534265), ('fit_prior', True)]);4.637663060904197;2507.5;11.031904287138584;0.0;158.0;2652.0;158.0;158.0;1.0;2363.0;1.0;2.0;5015.0;59257.0;0.0023963413605143694;0.8358309869933414;0.12931805525085643;7663.0;10.815952143569293;12.270382379413618;9.826919242273181;11.815952143569293;0.6025055461307582;0.0;26.331508895628073;0.16521254872842028;9.0;0.0023963413605143694;0.07791484550348482;3.6334704148288077;10.986415284490798;204.35385976291224;10.987510803791968;120.72539366344525;0.9976031603472433;9.957237730419742;1.0;0.029754498493879605;0.0009176035034689434;0.9976031603472433;3.034727375107288;1;3.7097930908203118e-06;0.03699167569478353;270.0;0.6880881904457775;766300.0;9.0;690.0;1379.0;0.9943898305084746;0.18691669347434903;0.6591308291317737;0.6037186354383217;525.3901828915238;0.7992013826252701;0.7986566353853827;0.798201252402459;0.7992013826252701;0.7988739194110962;0.0862333232539722;4.754006206404703;0.008373563662706585;0.0054822288328622015;0.00791264735641084;0.008373563662706585;0.008440243907173794;0.08434553414710266;0.09586907982487192;0.08741136588728216;0.08733942467288403;0.08515750693873647;0.030959728362127743;7387.413393016858;1.0339549208068242;752.2168999999999;0.0;5758.070000000001;-14873375;5909.6;50.0;49;3.1291
bow;{'analyzer': 'word', 'binary': True, 'decode_error': 'strict', 'dtype': <class 'numpy.int64'>, 'encoding': 'utf-8', 'input': 'content', 'lowercase': True, 'max_df': 0.8, 'max_features': 5000, 'min_df': 1, 'ngram_range': (1, 2), 'preprocessor': None, 'stop_words': None, 'strip_accents': None, 'token_pattern': '(?u)\\b\\w\\w+\\b', 'tokenizer': None, 'vocabulary': None};nb;OrderedDict([('alpha', 3.754951705122142), ('fit_prior', False)]);bow;{'analyzer': 'word', 'binary': True, 'decode_error': 'strict', 'dtype': <class 'numpy.int64'>, 'encoding': 'utf-8', 'input': 'content', 'lowercase': True, 'max_df': 0.8, 'max_features': 5000, 'min_df': 1, 'ngram_range': (1, 2), 'preprocessor': None, 'stop_words': None, 'strip_accents': None, 'token_pattern': '(?u)\\b\\w\\w+\\b', 'tokenizer': None, 'vocabulary': None};svm;OrderedDict([('C', 10.0), ('degree', 2), ('gamma', 0.004576349239753028)]);4.7506793826590785;210.25;38.274673008323425;0.4245221229464807;69.0;239.0;69.0;69.0;1.0;141.0;1.0;4.0;837.0;39006.0;0.001794595703225145;0.029684989265565197;0.29239091421832536;11405.0;45.38049940546968;4.528491907148148;44.38525564803805;46.38049940546968;0.7186321788689172;8.768084173608067e-05;1.8280570505544178;0.21635133056452854;50.0;0.00046146746654360867;0.22242731887401937;-1.5005429633813427;12.93881330121038;46.42826007221608;12.94651268499275;167.61219070267822;1.9712821343773996;10.826939612844143;2.0;0.03084116763705952;0.002768705645274743;0.9856410671886998;5.067607214778407;1;3.952980041503906e-06;0.022020657857259113;29.0;0.2753218803609267;1140500.0;8.0;271.0;541.0;0.9746789536266349;0.17414409525678057;0.46379729654512647;0.4234126374744812;191.2021292288851;0.39436959837315716;0.3658170846438597;0.3481160163604857;0.39436959837315716;0.37267280825781096;0.034874416003354704;8.47712737193722;-0.044047619047619;-0.039595785857861165;-0.04049623833938509;-0.044047619047619;-0.04363763718382996;0.08202423318081681;0.04927364761311459;0.0906476913501898;0.06183697678359601;0.07318565650184017;0.009540173885931473;12.653882804478293;9.548147386813302;9.36154494083614;5650.0;9.849474505592895;66.15383197934948;11.94427385940101;8.333333333333334;8;10.579718566378274
bow;{'analyzer': 'word', 'binary': True, 'decode_error': 'strict', 'dtype': <class 'numpy.int64'>, 'encoding': 'utf-8', 'input': 'content', 'lowercase': True, 'max_df': 0.8, 'max_features': 5000, 'min_df': 1, 'ngram_range': (1, 3), 'preprocessor': None, 'stop_words': None, 'strip_accents': None, 'token_pattern': '(?u)\\b\\w\\w+\\b', 'tokenizer': None, 'vocabulary': None};svm;OrderedDict([('C', 5.766061408724094), ('degree', 4), ('gamma', 0.01214133380151698)]);bow;{'analyzer': 'word', 'binary': True, 'decode_error': 'strict', 'dtype': <class 'numpy.int64'>, 'encoding': 'utf-8', 'input': 'content', 'lowercase': True, 'max_df': 0.8, 'max_features': 5000, 'min_df': 1, 'ngram_range': (1, 3), 'preprocessor': None, 'stop_words': None, 'strip_accents': None, 'token_pattern': '(?u)\\b\\w\\w+\\b', 'tokenizer': None, 'vocabulary': None};svm;OrderedDict([('C', 10.0), ('degree', 4), ('gamma', 0.008155518761210566)]);4.732548371402929;1903.75;62.90715692711753;0.08008612430980167;1416.0;2670.0;118.0;1416.0;12.0;994.0;12.0;4.0;7615.0;661858.0;0.00370472216094691;0.040635419541907115;0.05868328251679363;38840.0;85.915036112935;2.6041453032108035;84.915036112935;86.915036112935;0.42422760041194646;0.0;42.52669486013408;0.2629385759483152;68.0;0.0070241653043402056;0.027255090971175087;4.234432728838766;64.67569689352035;731.0459971848557;64.67994391042701;4183.495144255985;1.9150035407605615;10.332258044629317;2.0;0.02617684436674795;0.004973812339662117;0.9575017703802807;5.660242736348619;1;4.399617513020833e-06;0.3955140908559163;55.0;0.675069557450442;3884000.0;2.0;1076.0;2151.0;0.9555259356533158;0.20393751317713874;0.36950965049116347;0.31738532547088905;499.524859549711;0.6958209483928829;0.6035670924177373;0.5837291372547759;0.6958209483928829;0.6672895084347003;0.22395321571128313;8.961435391555948;-0.0162796337213027;-0.03686097960380308;-0.05909399716149755;-0.0162796337213027;-0.04292829698678147;0.13065549634785867;0.12767754267387232;0.1237784700214416;0.13288558741060008;0.13418252872832115;0.005030968930183872;9.624043916888944;9.24603634056492;19.14705369363048;21030.0;10.28113302320033;52.57035924683379;12.64249025251817;14.25;9;12.131174288959041
bow;{'analyzer': 'word', 'binary': True, 'decode_error': 'strict', 'dtype': <class 'numpy.int64'>, 'encoding': 'utf-8', 'input': 'content', 'lowercase': True, 'max_df': 0.8, 'max_features': 5000, 'min_df': 1, 'ngram_range': (1, 3), 'preprocessor': None, 'stop_words': None, 'strip_accents': None, 'token_pattern': '(?u)\\b\\w\\w+\\b', 'tokenizer': None, 'vocabulary': None};svm;OrderedDict([('C', 10.0), ('degree', 2), ('gamma', 0.011647493237110968)]);bow;{'analyzer': 'word', 'binary': True, 'decode_error': 'strict', 'dtype': <class 'numpy.int64'>, 'encoding': 'utf-8', 'input': 'content', 'lowercase': True, 'max_df': 0.8, 'max_features': 5000, 'min_df': 1, 'ngram_range': (1, 3), 'preprocessor': None, 'stop_words': None, 'strip_accents': None, 'token_pattern': '(?u)\\b\\w\\w+\\b', 'tokenizer': None, 'vocabulary': None};svm;OrderedDict([('C', 3.3748331004644685), ('degree', 2), ('gamma', 0.010274661364648736)]);4.732548371402929;2538.3333333333335;62.90715692711753;0.08008612430980167;1416.0;2671.0;118.0;1416.0;12.0;2274.0;12.0;3.0;7615.0;661858.0;0.00370472216094691;0.040635419541907115;0.05868328251679363;38840.0;85.915036112935;11.088302176157818;84.915036112935;86.915036112935;0.42422760041194646;0.0;42.52669486013408;0.2629385759483152;68.0;0.0070241653043402056;0.027255090971175087;4.234432728838766;64.67569689352035;228.91992777679565;64.67994391042701;4183.495144255985;1.5809776975332392;10.332258044629317;1.584962500721156;0.02461118378384202;0.004710913631115702;0.9974858691066169;5.660242736348619;1;4.566510518391927e-06;0.36786532402038574;66.0;0.6877061508862478;3884000.0;2.0;846.0;1691.0;0.9555259356533158;0.20393751317713874;0.36950965049116347;0.31738532547088905;499.524859549711;0.7746572952355649;0.7649067071291049;0.7606241882768087;0.7746572952355649;0.7676528680353526;0.2880731157496679;9.254706658923602;-0.02350477287697783;-0.028296433647594155;-0.03436580817157642;-0.02350477287697783;-0.03275575086257487;0.14050572042773135;0.14178416178861963;0.1381035757335879;0.12605978725576827;0.14377673355055953;0.006930557343758819;9.624043916888944;9.24603634056492;19.14705369363048;21030.0;10.28113302320033;52.57035924683379;12.64249025251817;14.25;9;12.131174288959041
word2vec;{'hs': 1, 'min_count': 10, 'sg': 0, 'vector_size': 5000, 'window': 7, 'workers': 1};rf;OrderedDict([('max_depth', 35), ('max_features', 'sqrt'), ('min_samples_leaf', 1), ('min_samples_split', 2), ('n_estimators', 196)]);word2vec;{'hs': 1, 'min_count': 10, 'sg': 0, 'vector_size': 5000, 'window': 7, 'workers': 1};rf;OrderedDict([('max_depth', 30), ('max_features', 'sqrt'), ('min_samples_leaf', 1), ('min_samples_split', 2), ('n_estimators', 200)]);4.813443791873102;3634.4;58.56075280651552;0.07875324801093322;1416.0;9005.0;202.28571428571428;1416.0;7.0;994.0;7.0;5.0;18172.0;1432453.0;0.003755795129054845;0.040828825531095236;0.04372848533250306;62639.0;77.8274818401937;1.1237100207748978;76.8274818401937;78.8274818401937;0.4618209102955028;0.0;42.85746412445377;0.2748502045093277;61.0;0.006484680474682241;0.022314170168235885;4.187977629667122;55.50532481430026;3234.2863664184097;55.50685209846686;3081.0106298810747;1.9129635203660262;10.44065153751121;2.321928094887362;0.018102668243674336;0.0030271811936469425;0.8238685446712014;5.587551500013474;1;4.536310831705729e-06;1.7780578136444092;205.0;0.7632946550476357;6263900.0;4.0;3237.0;6473.0;0.9581417015188202;0.202432467820692;0.355548459277893;0.30899241914021464;761.3824847159282;0.5830949777173101;0.4326031354661766;0.4307865004126296;0.5830949777173101;0.559763818033584;0.07810348648874148;7.887957389116346;-0.03527359095598159;-0.08824219927177751;-0.09597152125176889;-0.03527359095598159;-0.07576274870319011;0.07819726936933225;0.11667448888843457;0.12455441343988372;0.08397510797564356;0.09348286404570283;0.005985398602703036;9.506328607354824;9.595601603931133;19.160151936126056;32895.0;10.192070359016977;51.43230580606351;12.6417440719073;7.25;9;12.176143492713528
word2vec;{'hs': 1, 'min_count': 10, 'sg': 0, 'vector_size': 5000, 'window': 7, 'workers': 1};rf;OrderedDict([('max_depth', 30), ('max_features', 'sqrt'), ('min_samples_leaf', 1), ('min_samples_split', 4), ('n_estimators', 197)]);word2vec;{'hs': 1, 'min_count': 10, 'sg': 0, 'vector_size': 5000, 'window': 7, 'workers': 1};rf;OrderedDict([('max_depth', 29), ('max_features', 'sqrt'), ('min_samples_leaf', 1), ('min_samples_split', 2), ('n_estimators', 200)]);4.813443791873102;6057.333333333333;58.56075280651552;0.07875324801093322;1416.0;13227.0;202.28571428571428;1416.0;7.0;2274.0;7.0;3.0;18172.0;1432453.0;0.003755795129054845;0.040828825531095236;0.04372848533250306;62639.0;77.8274818401937;0.9750571249781517;76.8274818401937;78.8274818401937;0.4618209102955028;0.0;42.85746412445377;0.2748502045093277;61.0;0.006484680474682241;0.022314170168235885;4.187977629667122;55.50532481430026;6212.285596568571;55.50685209846686;3081.0106298810747;1.1153484341285247;10.44065153751121;1.584962500721156;0.014409388192302036;0.0024118657760849736;0.703706512691021;5.587551500013474;1;4.49975331624349e-06;1.705459197362264;123.0;0.7737729628259464;6263900.0;2.0;1719.0;3437.0;0.9581417015188202;0.202432467820692;0.355548459277893;0.30899241914021464;761.3824847159282;0.8001505657613833;0.5963112806169951;0.6042937051800952;0.8001505657613833;0.7802607048953409;0.0768835831467276;9.394553378583456;-0.03224740774243684;-0.11487153018779395;-0.1270801422544543;-0.03224740774243684;-0.06574740057988104;0.07126374312887851;0.15239974724555216;0.14921753054084852;0.06878712427819955;0.08957245065629249;0.009070309769142627;9.506328607354824;9.595601603931133;19.160151936126056;32895.0;10.192070359016977;51.43230580606351;12.6417440719073;7.25;9;12.176143492713528
tf-idf;{'analyzer': 'word', 'binary': False, 'decode_error': 'strict', 'dtype': <class 'numpy.float64'>, 'encoding': 'utf-8', 'input': 'content', 'lowercase': True, 'max_df': 0.8, 'max_features': 5000, 'min_df': 1, 'ngram_range': (1, 3), 'norm': 'l1', 'preprocessor': None, 'smooth_idf': True, 'stop_words': None, 'strip_accents': None, 'sublinear_tf': False, 'token_pattern': '(?u)\\b\\w\\w+\\b', 'tokenizer': None, 'use_idf': True, 'vocabulary': None};lr;OrderedDict([('C', 8.887731542547257), ('max_iter', 988)]);tf-idf;{'analyzer': 'word', 'binary': False, 'decode_error': 'strict', 'dtype': <class 'numpy.float64'>, 'encoding': 'utf-8', 'input': 'content', 'lowercase': True, 'max_df': 0.8, 'max_features': 5000, 'min_df': 1, 'ngram_range': (1, 3), 'norm': 'l1', 'preprocessor': None, 'smooth_idf': True, 'stop_words': None, 'strip_accents': None, 'sublinear_tf': False, 'token_pattern': '(?u)\\b\\w\\w+\\b', 'tokenizer': None, 'use_idf': True, 'vocabulary': None};nb;OrderedDict([('alpha', 0.08409262753436206), ('fit_prior', False)]);5.511695603649627;1080.0;14.68925925925926;0.0050229505482521355;184.0;2150.0;184.0;184.0;1.0;395.0;1.0;5.0;5400.0;86913.0;0.006017511764638201;0.04249302946897541;0.16091954022988506;13986.0;15095;1.2837794310512383;14.106851851851852;16095;0.6407836407836408;0.0;15.862295904979721;0.27204215709962837;12.0;0.010113561837699769;0.11903857880869376;3.1940512193543857;15.645732260362983;841.2660102488392;15.64718114051244;244.83427764400818;1.9769258816668995;11.165437773763763;2.321928094887362;0.03666134774590626;0.0025881374420024922;0.8514156342825083;3.423768934323989;1;3.843307495117188e-06;0.11869772275288899;184.0;0.5256445313355848;1398600.0;9.0;1352.0;2703.0;0.9886496296296297;0.17311624523115848;0.4520504122572936;0.43385577154601174;475.5874602159334;0.6495061728395061;0.3929904597515302;0.37454096453368124;0.6495061728395061;0.5952929147961501;0.05108898810254715;6.120693967408638;-0.028888888888888964;-0.044422488211431355;-0.0665351491371734;-0.028888888888888964;-0.04899765042008486;0.11537037037037046;0.08146687337034336;0.09647325718761873;0.10407407407407421;0.11138770619226346;0.011784765286008006;10.400777132360187;12.664349799389399;19.454581452861355;7201.0;8.276546591220825;56.63659128105161;9.120981545226563;4.2727272727272725;9;9.65387444116152
tf-idf;{'analyzer': 'word', 'binary': False, 'decode_error': 'strict', 'dtype': <class 'numpy.float64'>, 'encoding': 'utf-8', 'input': 'content', 'lowercase': True, 'max_df': 0.8, 'max_features': 5000, 'min_df': 1, 'ngram_range': (1, 3), 'norm': 'l1', 'preprocessor': None, 'smooth_idf': True, 'stop_words': None, 'strip_accents': None, 'sublinear_tf': False, 'token_pattern': '(?u)\\b\\w\\w+\\b', 'tokenizer': None, 'use_idf': True, 'vocabulary': None};svm;OrderedDict([('C', 10.0), ('degree', 4), ('gamma', 1.2086377726631796)]);tf-idf;{'analyzer': 'word', 'binary': False, 'decode_error': 'strict', 'dtype': <class 'numpy.float64'>, 'encoding': 'utf-8', 'input': 'content', 'lowercase': True, 'max_df': 0.8, 'max_features': 5000, 'min_df': 1, 'ngram_range': (1, 3), 'norm': 'l1', 'preprocessor': None, 'smooth_idf': True, 'stop_words': None, 'strip_accents': None, 'sublinear_tf': False, 'token_pattern': '(?u)\\b\\w\\w+\\b', 'tokenizer': None, 'use_idf': True, 'vocabulary': None};svm;OrderedDict([('C', 10.0), ('degree', 2), ('gamma', 1.7432896381432352)]);5.511695603649627;2700.0;14.68925925925926;0.0050229505482521355;184.0;2821.0;184.0;184.0;1.0;2579.0;1.0;2.0;5400.0;86913.0;0.006017511764638201;0.04249302946897541;0.16091954022988506;13986.0;15095;15.778415778542797;14.106851851851852;16095;0.6407836407836408;0.0;15.862295904979721;0.27204215709962837;12.0;0.010113561837699769;0.11903857880869376;3.1940512193543857;15.645732260362983;171.1198410471445;15.64718114051244;244.83427764400818;0.9985507836714747;11.165437773763763;1.0;0.024279352255612893;0.001969492192103544;0.9985507836714747;3.423768934323989;1;3.824234008789063e-06;0.07305653889973958;202.0;0.9075292834466508;1398600.0;8.0;468.0;935.0;0.9886496296296297;0.17311624523115848;0.4520504122572936;0.43385577154601174;475.5874602159334;0.895493827160494;0.894959841991423;0.8951860975906354;0.895493827160494;0.8953808844628667;0.23244503379388823;7.4171646769562445;-0.020370370370370483;-0.019517131428714474;-0.020261372450003257;-0.020370370370370483;-0.020268684517760427;125;0.1202428438741383;0.12269751274607255;0.11981481481481493;0.11640272787006456;0.011900728209731131;10.400777132360187;12.664349799389399;19.454581452861355;7201.0;8.276546591220825;56.63659128105161;9.120981545226563;4.2727272727272725;9;9.65387444116152
bow;{'analyzer': 'word', 'binary': True, 'decode_error': 'strict', 'dtype': <class 'numpy.int64'>, 'encoding': 'utf-8', 'input': 'content', 'lowercase': True, 'max_df': 0.8, 'max_features': 5000, 'min_df': 1, 'ngram_range': (1, 3), 'preprocessor': None, 'stop_words': None, 'strip_accents': None, 'token_pattern': '(?u)\\b\\w\\w+\\b', 'tokenizer': None, 'vocabulary': None};lr;OrderedDict([('C', 0.0012572939988144986), ('max_iter', 886)]);tf-idf;{'analyzer': 'word', 'binary': False, 'decode_error': 'strict', 'dtype': <class 'numpy.float64'>, 'encoding': 'utf-8', 'input': 'content', 'lowercase': True, 'max_df': 0.8, 'max_features': 5000, 'min_df': 1, 'ngram_range': (1, 3), 'norm': 'l1', 'preprocessor': None, 'smooth_idf': True, 'stop_words': None, 'strip_accents': None, 'sublinear_tf': False, 'token_pattern': '(?u)\\b\\w\\w+\\b', 'tokenizer': None, 'use_idf': True, 'vocabulary': None};nb;OrderedDict([('alpha', 0.01612374388052322), ('fit_prior', False)]);5.152659578742657;402.0;169.85572139303483;0.34857255199018533;1386.0;426.0;92.4;1386.0;15.0;378.0;15.0;2.0;804.0;248874.0;0.0017277819298118727;0.01334244377618394;0.05572297628518849;13868.0;308.54477611940297;11.844038584874673;307.54477611940297;309.54477611940297;0.45933083357369486;7.210845111047014e-05;3.2711354134643402;0.28673545649605825;264.5;0.022159807774215064;0.028894139202970178;1.5709052918821444;198.26839750155708;33.94112549695428;198.39181388294605;39359.311815765504;0.9974273944478682;9.958632772607597;1.0;0.0021313081724654522;0.0007227634151866138;0.9974273944478682;6.795027300979329;0.0010000000000000002;6.113052368164063e-06;0.041959921518961586;26.0;0.26070390812432204;1386800.0;2.0;116.0;231.0;0.8780323383084577;0.25020737428238776;0.6036449715230096;0.4208730034761491;183.9553606990143;0.5095356550580431;0.5006520605112155;0.4791643917908386;0.5095356550580431;0.4848019231991964;0.0017936003455901895;2.5699914627417106;-0.029850746268656636;-0.02176019077427538;-0.0057873697057966855;-0.029850746268656636;-0.00988361972632773;0.013681592039800905;0.014513003949623793;0.04384965784888073;0.008706467661691475;-0.03488812938984309;0.07764450382852287;15.245520122371424;12.472355039496254;11.819381029641352;7805.0;13.674757081712382;41.2160253338204;16.262954188070903;13.4;12;14.900759448642965
bow;{'analyzer': 'word', 'binary': True, 'decode_error': 'strict', 'dtype': <class 'numpy.int64'>, 'encoding': 'utf-8', 'input': 'content', 'lowercase': True, 'max_df': 0.8, 'max_features': 5000, 'min_df': 1, 'ngram_range': (1, 3), 'preprocessor': None, 'stop_words': None, 'strip_accents': None, 'token_pattern': '(?u)\\b\\w\\w+\\b', 'tokenizer': None, 'vocabulary': None};lr;OrderedDict([('C', 5.116374169599801), ('max_iter', 100)]);bow;{'analyzer': 'word', 'binary': True, 'decode_error': 'strict', 'dtype': <class 'numpy.int64'>, 'encoding': 'utf-8', 'input': 'content', 'lowercase': True, 'max_df': 0.8, 'max_features': 5000, 'min_df': 1, 'ngram_range': (1, 3), 'preprocessor': None, 'stop_words': None, 'strip_accents': None, 'token_pattern': '(?u)\\b\\w\\w+\\b', 'tokenizer': None, 'vocabulary': None};lr;OrderedDict([('C', 5.130730730218633), ('max_iter', 100)]);4.577991950857869;700.5;10.810611467999049;0.46970760883862456;69.0;702.0;69.0;69.0;1.0;700.0;1.0;6.0;4203.0;47210.0;0.0;0.006532357198316222;0.07038762973946198;3323.0;10.232453009754938;837.2576408387428;9.232690935046396;11.232453009754938;0.3472765573277159;0.0;15.439760427594418;0.22291887312010167;10.0;0.0;0.025354797712349077;2.1738295467904636;4.795804073784238;0.8366600265340756;4.796374697151571;23.00521023547583;2.5849616435488887;9.004723236500142;2.584962500721156;0.1269035405461637;0.007334370626605935;0.999999668400502;3.3240623539960183;1;3.835360209147136e-06;0.04722166061401367;83.0;0.5557369449553488;332300.0;9.0;336.0;671.0;0.9908967404235071;0.17254969598693504;0.4433074279776472;0.42905494495737795;418.55902883124986;0.9255293837734951;0.9255458550880582;0.925160186777951;0.9255293837734951;0.9251459015312314;0.18691758827247204;6.987767974723325;-0.013085891030216512;-0.013085441554683386;-0.012841669754619311;-0.013085891030216512;-0.012842332296260306;0.20794670473471333;0.2131626784702606;0.21546795960868792;0.21674994051867724;0.20689770643015937;0.016304980699181224;1815.9015728577713;10.53375132387206;187.94293351310836;1715.0;1418.2770281719975;-3605.1231980675534;1456.3713685171006;57.0;56;118.629645313398
tf-idf;{'analyzer': 'word', 'binary': False, 'decode_error': 'strict', 'dtype': <class 'numpy.float64'>, 'encoding': 'utf-8', 'input': 'content', 'lowercase': True, 'max_df': 0.8, 'max_features': 5000, 'min_df': 1, 'ngram_range': (1, 3), 'norm': 'l1', 'preprocessor': None, 'smooth_idf': True, 'stop_words': None, 'strip_accents': None, 'sublinear_tf': False, 'token_pattern': '(?u)\\b\\w\\w+\\b', 'tokenizer': None, 'use_idf': True, 'vocabulary': None};svm;OrderedDict([('C', 10.0), ('degree', 4), ('gamma', 1.3317283144953935)]);tf-idf;{'analyzer': 'word', 'binary': False, 'decode_error': 'strict', 'dtype': <class 'numpy.float64'>, 'encoding': 'utf-8', 'input': 'content', 'lowercase': True, 'max_df': 0.8, 'max_features': 5000, 'min_df': 1, 'ngram_range': (1, 3), 'norm': 'l1', 'preprocessor': None, 'smooth_idf': True, 'stop_words': None, 'strip_accents': None, 'sublinear_tf': False, 'token_pattern': '(?u)\\b\\w\\w+\\b', 'tokenizer': None, 'use_idf': True, 'vocabulary': None};lr;OrderedDict([('C', 10.0), ('max_iter', 1000)]);4.53740157480315;200.0;9.509166666666667;0.460220358821461;18.0;200.0;6.0;18.0;3.0;200.0;3.0;6.0;1200.0;11684.0;0.0;0.0007602224346035938;0.19633687093461144;2294.0;8.736666666666666;0.0;7.736666666666666;9.736666666666666;0.52615518744551;0.00043591979075850045;-0.0074828284893131425;0.21927422115713796;10.0;0.0002567613830879836;0.11143444026018487;-0.008163151506498708;2.495126360638987;0.0;2.4961666468466364;6.23084792882958;2.584962500721156;9.181876572974295;2.584962500721156;0.1360027489091305;0.006548200778494213;1.0;3.1973585319199236;1;3.6223729451497396e-06;0.014879862467447916;47.0;0.3631534729062926;229400.0;8.0;252.0;503.0;0.9922791666666667;0.1677922189643148;0.44221059153750886;0.42951585321416197;224.37183091055525;0.8202777777777778;0.8202296597818987;0.8194277913366553;0.8202777777777778;0.8194495987416296;0.2836106253556553;7.118157888066815;-0.03916666666666668;-0.039084878637117404;-0.03898531480631895;-0.03916666666666668;-0.03900145719596759;0.21583333333333332;0.20066334991708135;0.2014735991879152;0.2024999999999999;0.20531178610167422;0.013745369217880322;5841.941161417322;10.490568298527904;587.8185444710715;1294.0;4559.128541595344;-11781.178611776788;4677.636288942143;58.0;57;223.27376368731265
tf-idf;{'analyzer': 'word', 'binary': False, 'decode_error': 'strict', 'dtype': <class 'numpy.float64'>, 'encoding': 'utf-8', 'input': 'content', 'lowercase': True, 'max_df': 0.8, 'max_features': 5000, 'min_df': 1, 'ngram_range': (1, 3), 'norm': 'l1', 'preprocessor': None, 'smooth_idf': True, 'stop_words': None, 'strip_accents': None, 'sublinear_tf': False, 'token_pattern': '(?u)\\b\\w\\w+\\b', 'tokenizer': None, 'use_idf': True, 'vocabulary': None};nb;OrderedDict([('alpha', 0.029176601883532088), ('fit_prior', True)]);tf-idf;{'analyzer': 'word', 'binary': False, 'decode_error': 'strict', 'dtype': <class 'numpy.float64'>, 'encoding': 'utf-8', 'input': 'content', 'lowercase': True, 'max_df': 0.8, 'max_features': 5000, 'min_df': 1, 'ngram_range': (1, 3), 'norm': 'l1', 'preprocessor': None, 'smooth_idf': True, 'stop_words': None, 'strip_accents': None, 'sublinear_tf': False, 'token_pattern': '(?u)\\b\\w\\w+\\b', 'tokenizer': None, 'use_idf': True, 'vocabulary': None};nb;OrderedDict([('alpha', 0.03375901638533021), ('fit_prior', True)]);4.653653480739333;100.0;9.386666666666667;0.4241881322653381;18.0;100.0;9.0;18.0;2.0;100.0;2.0;6.0;600.0;5789.0;0.0;0.0111079658196781;0.2625669372948696;1520.0;8.648333333333333;0.0;7.648333333333333;9.648333333333333;0.5296052631578947;0.0;-0.42861971382163455;0.23682846778372776;10.0;0.0;0.15045776472620487;-0.02781122094288001;3.199166123990577;0.0;3.201835432860465;10.251750139120759;2.584962500721156;8.951993228186792;2.584962500721156;0.15826397833208464;0.007720266370780196;1.0;3.137609046183147;1;3.5619735717773436e-06;0.009573141733805338;41.0;0.2658909564770332;152000.0;6.0;177.0;353.0;0.99197;0.15885109039050563;0.5104918716737686;0.49696100888683004;171.32612597104435;0.7133333333333334;0.7129794678814286;0.7099470553754691;0.7133333333333334;0.7102847827715051;0.05663145673995807;7.193295560651383;-0.050000000000000044;-0.04926718162012278;-0.04751391306432662;-0.050000000000000044;-0.04775018357790228;0.18500000000000005;0.22346009110714982;0.22534820205836126;0.20333333333333337;0.22728006800586376;0.00868353648673262;2894.9887078942825;10.8103644843669;295.43234584556916;671.0;2259.470423216445;-5793.393712212816;2319.3519433408187;65.0;64;148.10234815289198
tf-idf;{'analyzer': 'word', 'binary': False, 'decode_error': 'strict', 'dtype': <class 'numpy.float64'>, 'encoding': 'utf-8', 'input': 'content', 'lowercase': True, 'max_df': 0.8, 'max_features': 5000, 'min_df': 1, 'ngram_range': (1, 1), 'norm': 'l1', 'preprocessor': None, 'smooth_idf': True, 'stop_words': None, 'strip_accents': None, 'sublinear_tf': False, 'token_pattern': '(?u)\\b\\w\\w+\\b', 'tokenizer': None, 'use_idf': True, 'vocabulary': None};svm;OrderedDict([('C', 0.04369339947510315), ('degree', 3), ('gamma', 5.388550972627239)]);tf-idf;{'analyzer': 'word', 'binary': False, 'decode_error': 'strict', 'dtype': <class 'numpy.float64'>, 'encoding': 'utf-8', 'input': 'content', 'lowercase': True, 'max_df': 0.8, 'max_features': 5000, 'min_df': 1, 'ngram_range': (1, 1), 'norm': 'l1', 'preprocessor': None, 'smooth_idf': True, 'stop_words': None, 'strip_accents': None, 'sublinear_tf': False, 'token_pattern': '(?u)\\b\\w\\w+\\b', 'tokenizer': None, 'use_idf': True, 'vocabulary': None};nb;OrderedDict([('alpha', 0.001), ('fit_prior', False)]);4.246674902989877;78.18181818181819;989.6558139534884;0.5087917465254727;15293.0;152.0;137.77477477477478;15293.0;111.0;19.0;111.0;11.0;860.0;4814446.0;0.0009907682005364689;0.03842771924875852;0.013187810186260267;63492.0;5597.193023255814;1.9729026267394842;5596.193023255814;5598.193023255814;0.4215019215019215;0.0;-0.8794292836570183;0.16080271748815958;5718.0;0.0059842814728839;0.006409252487202058;0.32957421674731696;3722.965261342177;39.62781392360215;3725.1316655181504;13876605.925446028;3.280606690253933;9.891387811570883;3.4594316186372973;0.008745939900791424;0.0056605846589346046;0.948308003135554;8.119748492048394;1;1.0663668314615885e-05;0.29860830307006836;39.0;0.11868942090713612;6349200.0;2.0;331.0;661.0;0.6069616279069767;0.32632810849491517;0.7844512828568856;0.2814692481433442;159.0306666639309;0.13565431858114785;0.08029264024751095;0.04800607936823716;0.13565431858114785;0.0727921025423963;0.0049436871940166955;2.912075635788961;0.0023188193919901345;0.0068725534327731125;0.017072245036583757;0.0023188193919901345;0.021862610765490467;0.0058072009291521565;0.00040222580911557226;-0.005737033818135527;-0.00581126190882289;0.0048902584104701385;0.04845489604359994;5.464910252006646;5.557037946322108;8.308132637674506;21151.0;6.081769468298599;76.01395497342065;8.750733883569122;10.571428571428571;5;9.561244961617895
tf-idf;{'analyzer': 'word', 'binary': False, 'decode_error': 'strict', 'dtype': <class 'numpy.float64'>, 'encoding': 'utf-8', 'input': 'content', 'lowercase': True, 'max_df': 0.8, 'max_features': 5000, 'min_df': 1, 'ngram_range': (1, 1), 'norm': 'l1', 'preprocessor': None, 'smooth_idf': True, 'stop_words': None, 'strip_accents': None, 'sublinear_tf': False, 'token_pattern': '(?u)\\b\\w\\w+\\b', 'tokenizer': None, 'use_idf': True, 'vocabulary': None};rf;OrderedDict([('max_depth', 32), ('max_features', 'log2'), ('min_samples_leaf', 1), ('min_samples_split', 5), ('n_estimators', 141)]);bow;{'analyzer': 'word', 'binary': True, 'decode_error': 'strict', 'dtype': <class 'numpy.int64'>, 'encoding': 'utf-8', 'input': 'content', 'lowercase': True, 'max_df': 0.8, 'max_features': 5000, 'min_df': 10, 'ngram_range': (1, 3), 'preprocessor': None, 'stop_words': None, 'strip_accents': None, 'token_pattern': '(?u)\\b\\w\\w+\\b', 'tokenizer': None, 'vocabulary': None};nb;OrderedDict([('alpha', 2.18493676544431), ('fit_prior', True)]);4.816227534987421;250.0;179879;0.4257300088058028;2557.0;250.0;47.351851851851855;2557.0;54.0;250.0;54.0;4.0;1000.0;331905.0;0.0012443319624591373;0.025290855852378877;0.11844955634895528;39314.0;330905;0.0;329905;331905;0.5578419901307422;2.543623136796052e-05;10.86641920771119;0.2363959566743496;230.0;0.0008978472755758425;0.07153552974495714;2.9010395698807048;328.3570769375924;0.0;328.52137871266655;107926.29627127126;2.0;11.067027724546943;2.0;0.021692842525965286;0.007277772951780942;1.0;6.758478553250483;1;5.240440368652344e-06;0.050817012786865234;23.0;0.32659893521615546;3931400.0;2.0;202.0;403.0;0.906944;0.22607227546577346;0.434115615406379;0.32973119534512807;185.90880291944717;0.6083328837819856;0.6084217823675655;0.6065001753676391;0.6083328837819856;0.6064688467416858;0.05384627916292297;6.023535047363782;-0.004984025942109782;-0.005151558615414054;-0.006992132934795725;-0.004984025942109782;-0.006883248822412091;0.15600630570690444;0.1370362401988907;0.13867968562079203;0.16502130873388365;0.1373394684243382;0.01777225210129463;11.66028338816458;9.902593915551424;10.134152291005623;20273.0;10.366006442824435;57.81139196834735;12.411953734916377;11.8;11;12.042484645422718
tf-idf;{'analyzer': 'word', 'binary': False, 'decode_error': 'strict', 'dtype': <class 'numpy.float64'>, 'encoding': 'utf-8', 'input': 'content', 'lowercase': True, 'max_df': 0.8, 'max_features': 5000, 'min_df': 1, 'ngram_range': (1, 2), 'norm': 'l1', 'preprocessor': None, 'smooth_idf': True, 'stop_words': None, 'strip_accents': None, 'sublinear_tf': False, 'token_pattern': '(?u)\\b\\w\\w+\\b', 'tokenizer': None, 'use_idf': True, 'vocabulary': None};svm;OrderedDict([('C', 4.866373592009518), ('degree', 4), ('gamma', 2.4668383061206534)]);bow;{'analyzer': 'word', 'binary': True, 'decode_error': 'strict', 'dtype': <class 'numpy.int64'>, 'encoding': 'utf-8', 'input': 'content', 'lowercase': True, 'max_df': 0.8, 'max_features': 5000, 'min_df': 1, 'ngram_range': (1, 2), 'preprocessor': None, 'stop_words': None, 'strip_accents': None, 'token_pattern': '(?u)\\b\\w\\w+\\b', 'tokenizer': None, 'vocabulary': None};nb;OrderedDict([('alpha', 0.14314306219820852), ('fit_prior', True)]);4.4981297796623005;944.0;12.858686440677966;0.07863008192508228;2090.0;1871.0;2090.0;2090.0;1.0;269.0;1.0;5.0;4719.0;66035.0;0.00742030741273567;0.06097653563106949;0.1971833118800636;13021.0;12.990466101694915;1.5817211205996466;11.995762711864407;13.990466101694915;0.5853621073650257;0.0;3990.8300025592625;0.20966154312107216;12.0;0.004240175664420383;0.11542363897932914;60.6374959723709;31.50628996581267;596.818230284565;31.50962802695101;992.8566583968166;2.090766821974935;10.509856849227996;2.321928094887362;0.03964719291363961;0.0015845059446494344;0.9004442586222117;3.3537085184183533;1;3.980000813802083e-06;0.08642252286275227;242.0;0.5269090611840931;1302100.0;9.0;1549.0;3097.0;0.9917699152542373;0.16351761780446794;0.4183498207128881;0.39989964632873726;429.7877450637592;0.5798811458970867;0.4040643492262708;0.3942673656548425;0.5798811458970867;0.5330630394995503;-0.0003896433770208219;1.8570541523612403;0.0025426423716823354;-0.011044521702945176;-0.01443651748690239;0.0025426423716823354;-0.012023639820017196;0.10571675831003552;0.08850508932825196;0.08806156474299931;0.10127083651399238;0.10294322846479087;-0.01157218582752451;7.374581528938492;7.61204815576917;19.078530055069457;7085.0;8.89473561225001;58.430151158927;10.62282867172298;5.0;7;10.650144593862823
tf-idf;{'analyzer': 'word', 'binary': False, 'decode_error': 'strict', 'dtype': <class 'numpy.float64'>, 'encoding': 'utf-8', 'input': 'content', 'lowercase': True, 'max_df': 1.0, 'max_features': None, 'min_df': 1, 'ngram_range': (1, 1), 'norm': 'l2', 'preprocessor': None, 'smooth_idf': True, 'stop_words': None, 'strip_accents': None, 'sublinear_tf': False, 'token_pattern': '(?u)\\b\\w\\w+\\b', 'tokenizer': None, 'use_idf': True, 'vocabulary': None};nb;OrderedDict([('alpha', 0.1569760003778966), ('fit_prior', True)]);bow;{'analyzer': 'word', 'binary': False, 'decode_error': 'strict', 'dtype': <class 'numpy.int64'>, 'encoding': 'utf-8', 'input': 'content', 'lowercase': True, 'max_df': 1.0, 'max_features': None, 'min_df': 1, 'ngram_range': (1, 1), 'preprocessor': None, 'stop_words': None, 'strip_accents': None, 'token_pattern': '(?u)\\b\\w\\w+\\b', 'tokenizer': None, 'vocabulary': None};nb;OrderedDict([('alpha', 0.3244298862741136), ('fit_prior', True)]);6.0941520094487185;2101.0;14.35197524988101;0.022499382693455534;45.0;2260.0;22.5;45.0;2.0;1942.0;2.0;2.0;4202.0;62654.0;0.05640501803556038;0.09630294609801056;0.24121364956746577;15113.0;13.910518800571156;9.343593379075072;12.910518800571156;14.910518800571156;0.5886984715145901;6.616819956328988e-05;-0.06269945959742218;0.41982954001340694;12.0;0.0;0.14201806748172502;0.8956427437088765;8.59903743477259;224.8599564173221;8.600060825128462;73.96104619590926;0.995864747913447;11.513463730499383;1.0;0.011001713129394358;0.00047690489646909514;0.995864747913447;3.6125295737427585;1;4.162788391113281e-06;0.06277068456013997;327.0;0.6799675961665571;1511300.0;9.0;948.0;1895.0;0.9925811518324608;0.16281977483899526;0.36155409637344976;0.3512078373912009;380.2111135819803;0.6749988103735426;0.6709591464753702;0.6710261176181773;0.6749988103735426;0.6735440439267775;0.006740254520065838;7.3263430622538905;0.008805275143604963;0.011518917293729003;0.011433231406890343;0.008805275143604963;0.010534931106896406;0.05997229869820875;0.0678007053217673;0.062394232414528794;0.06568233574657567;0.06439823469038342;0.007134395346638649;9860.606789297837;21.24501691474966;996.6095486017141;10209.0;7690.336058863329;-19941.159173432567;7888.768831754624;54.0;53;316.6195761870765
bow;{'analyzer': 'word', 'binary': True, 'decode_error': 'strict', 'dtype': <class 'numpy.int64'>, 'encoding': 'utf-8', 'input': 'content', 'lowercase': True, 'max_df': 0.8, 'max_features': 5000, 'min_df': 1, 'ngram_range': (1, 1), 'preprocessor': None, 'stop_words': None, 'strip_accents': None, 'token_pattern': '(?u)\\b\\w\\w+\\b', 'tokenizer': None, 'vocabulary': None};rf;OrderedDict([('max_depth', 50), ('max_features', 'sqrt'), ('min_samples_leaf', 1), ('min_samples_split', 5), ('n_estimators', 200)]);tf-idf;{'analyzer': 'word', 'binary': False, 'decode_error': 'strict', 'dtype': <class 'numpy.float64'>, 'encoding': 'utf-8', 'input': 'content', 'lowercase': True, 'max_df': 0.8, 'max_features': 5000, 'min_df': 1, 'ngram_range': (1, 1), 'norm': 'l1', 'preprocessor': None, 'smooth_idf': True, 'stop_words': None, 'strip_accents': None, 'sublinear_tf': False, 'token_pattern': '(?u)\\b\\w\\w+\\b', 'tokenizer': None, 'use_idf': True, 'vocabulary': None};nb;OrderedDict([('alpha', 0.009407714048863668), ('fit_prior', False)]);4.980503146453908;156.14285714285714;182.25068618481245;0.05305474308148633;1051.0;344.0;65.6875;1051.0;16.0;83.0;16.0;7.0;1093.0;349441.0;0.00029189476907403537;0.04087948840827315;0.1075832543977381;37594.0;318.708142726441;1.6749762908000225;317.708142726441;319.708142726441;0.5612065755173697;5.319997872000851e-05;2.1694108976065554;0.30747966037185104;300.0;0.009137450957386226;0.06497806496661811;1.0749074508714094;152.90373909314312;93.22093572338167;152.97373394189648;23400.96327612613;2.613796411467095;10.65340432965749;2.807354922057604;0.05764519434295384;0.018643202732884362;0.9310530674017363;6.841491944706574;1;4.857381184895834e-06;0.0862126350402832;50.0;0.3073823642654028;3759400.0;2.0;193.0;385.0;0.9064464775846295;0.2628764797429251;0.48231083840275946;0.2916552722992579;186.50675455150446;0.630699817686119;0.5448305889995874;0.5670621436451558;0.630699817686119;0.607022908665155;0.2064069562086755;5.031511284747983;0.01827738471574092;0.05650394320569807;0.043999368790544224;0.01827738471574092;0.02469743263426527;0.1574012745245622;0.1910774096361611;0.19724898109547306;0.15281750213257062;0.19151588012527676;0.013730132517262473;14.145502598038263;11.101725885418155;19.958186618633256;20729.0;14.128484951973224;36.93297788674755;17.36758569463397;21.666666666666668;13;15.507601147632872
bow;{'analyzer': 'word', 'binary': True, 'decode_error': 'strict', 'dtype': <class 'numpy.int64'>, 'encoding': 'utf-8', 'input': 'content', 'lowercase': True, 'max_df': 0.8, 'max_features': 5000, 'min_df': 1, 'ngram_range': (1, 3), 'preprocessor': None, 'stop_words': None, 'strip_accents': None, 'token_pattern': '(?u)\\b\\w\\w+\\b', 'tokenizer': None, 'vocabulary': None};lr;OrderedDict([('C', 4.593066201491258), ('max_iter', 1000)]);tf-idf;{'analyzer': 'word', 'binary': False, 'decode_error': 'strict', 'dtype': <class 'numpy.float64'>, 'encoding': 'utf-8', 'input': 'content', 'lowercase': True, 'max_df': 0.8, 'max_features': 5000, 'min_df': 1, 'ngram_range': (1, 3), 'norm': 'l1', 'preprocessor': None, 'smooth_idf': True, 'stop_words': None, 'strip_accents': None, 'sublinear_tf': False, 'token_pattern': '(?u)\\b\\w\\w+\\b', 'tokenizer': None, 'use_idf': True, 'vocabulary': None};nb;OrderedDict([('alpha', 0.0014516646075353962), ('fit_prior', False)]);4.625766205587198;50.0;25.714166666666667;0.4825619842024267;55.0;50.0;4.583333333333333;55.0;12.0;50.0;12.0;24.0;1200.0;36870.0;0.00032546786004882016;0.03174156943883711;0.06512069433143478;2401.0;29725;0.0;28725;30725;0.34110787172011664;0.0008329862557267805;0.05387670880524986;0.2155682126390019;30.0;0.0;0.023704909140222403;0.2606983446463437;6.704429505931135;0.0;6.7072247653838035;44.986864053377815;4.584962500721156;8.40600610611882;4.584962500721156;0.27895902417693025;0.031175041241814697;1.0;4.5903837362646;1;4.359881083170573e-06;0.058549960454305015;43.0;0.2564372903754651;240100.0;8.0;165.0;329.0;0.9766075;0.20429400833030983;0.57446383050195;0.5240754853587826;245.98773966242663;0.8844444444444445;0.8842762799564271;0.882707681809295;0.8844444444444445;0.8828273566429187;0.5589058308972651;3.82350405205286;-0.026666666666666727;-0.026552287581699363;-0.02878487305232802;-0.026666666666666727;-0.028924150517641745;0.2583333333333333;0.2538807189542486;0.2689088293618219;0.24166666666666659;0.2780300530556057;0.07212644699241719;6.321436498218617;7.515242281187266;8.541276664385542;876.0;6.371080370901286;70.63047808461444;8.743262787069979;6.0;5;9.574989761354438
tf-idf;{'analyzer': 'word', 'binary': False, 'decode_error': 'strict', 'dtype': <class 'numpy.float64'>, 'encoding': 'utf-8', 'input': 'content', 'lowercase': True, 'max_df': 1.0, 'max_features': None, 'min_df': 1, 'ngram_range': (1, 1), 'norm': 'l2', 'preprocessor': None, 'smooth_idf': True, 'stop_words': None, 'strip_accents': None, 'sublinear_tf': False, 'token_pattern': '(?u)\\b\\w\\w+\\b', 'tokenizer': None, 'use_idf': True, 'vocabulary': None};knn;OrderedDict([('leaf_size', 10), ('n_neighbors', 11)]);tf-idf;{'analyzer': 'word', 'binary': False, 'decode_error': 'strict', 'dtype': <class 'numpy.float64'>, 'encoding': 'utf-8', 'input': 'content', 'lowercase': True, 'max_df': 1.0, 'max_features': None, 'min_df': 1, 'ngram_range': (1, 1), 'norm': 'l2', 'preprocessor': None, 'smooth_idf': True, 'stop_words': None, 'strip_accents': None, 'sublinear_tf': False, 'token_pattern': '(?u)\\b\\w\\w+\\b', 'tokenizer': None, 'use_idf': True, 'vocabulary': None};knn;OrderedDict([('leaf_size', 42), ('n_neighbors', 9)]);6.062410984744045;88.0;296.04048295454544;0.0022747350986704793;8711.0;114.0;8711.0;8711.0;1.0;16.0;1.0;16.0;1408.0;1051786.0;0.0;0.0015183558470321492;0.0571485073959912;60108.0;746.0071022727273;2.998219561442476;745.0085227272727;747.0071022727273;0.39204432022359753;0.0;18.855145721861636;0.38763303561751156;445.0;0.00014261456227787782;0.022404747733854605;3.673367422048688;981.5756494694517;29.35075240375733;981.9244061510799;964175.5393951508;3.894420286617838;12.877434491479795;4.0;0.07366810256245437;0.03447202595839471;0.9736050716544595;6.991785779909677;1;6.513595581054687e-06;0.19720085461934408;67.0;0.29234547140839606;6010800.0;9.0;279.0;557.0;0.8826654829545455;0.19493282061447542;0.4844994153408556;0.45804754163772843;248.3418599674101;0.7672750734675154;0.6971260820581789;0.6969191409650279;0.7672750734675154;0.7620628820495186;0.5020623966293573;4.570089211998646;-0.05752090610775906;-0.055492939018145226;-0.0633382543742892;-0.05752090610775906;-0.060549051083229166;0.21301698195950336;0.22161328945675962;0.2611783270853597;0.25848417487032915;0.25242326545733496;0.05726065300044258;12237.193723180006;19.360128391136595;1226.8262292163288;41512.0;9546.891070984508;-24785.29601700324;9792.944694391144;70.0;69;446.90562627011724
tf-idf;{'analyzer': 'word', 'binary': False, 'decode_error': 'strict', 'dtype': <class 'numpy.float64'>, 'encoding': 'utf-8', 'input': 'content', 'lowercase': True, 'max_df': 0.8, 'max_features': 5000, 'min_df': 1, 'ngram_range': (1, 1), 'norm': 'l1', 'preprocessor': None, 'smooth_idf': True, 'stop_words': None, 'strip_accents': None, 'sublinear_tf': False, 'token_pattern': '(?u)\\b\\w\\w+\\b', 'tokenizer': None, 'use_idf': True, 'vocabulary': None};nb;OrderedDict([('alpha', 0.02468912724157943), ('fit_prior', False)]);tf-idf;{'analyzer': 'word', 'binary': False, 'decode_error': 'strict', 'dtype': <class 'numpy.float64'>, 'encoding': 'utf-8', 'input': 'content', 'lowercase': True, 'max_df': 0.8, 'max_features': 5000, 'min_df': 1, 'ngram_range': (1, 1), 'norm': 'l1', 'preprocessor': None, 'smooth_idf': True, 'stop_words': None, 'strip_accents': None, 'sublinear_tf': False, 'token_pattern': '(?u)\\b\\w\\w+\\b', 'tokenizer': None, 'use_idf': True, 'vocabulary': None};nb;OrderedDict([('alpha', 0.023025901066457206), ('fit_prior', False)]);4.96539982723156;153.9;117.07212475633528;0.420345249291732;640.0;481.0;30.476190476190474;640.0;21.0;45.0;21.0;10.0;1539.0;258149.0;0.0036374341949804182;0.031643420575363936;0.14361086039457832;37073.0;166.73814165042236;1.0832928564017041;165.73814165042236;167.73814165042236;0.596876432983573;2.6973808432012517e-05;2.217739219060607;0.26043099140418907;157.0;0.0009180744453784443;0.09532866677771365;1.063439497884337;75.98970327586458;142.0668465508012;76.0144033263384;5778.189513059246;2.890341770365278;11.274160008652961;3.321928094887362;0.045065333525053576;0.011196464975895527;0.8700795706004835;6.489282937233303;1;7.727940877278646e-06;0.12227249145507812;37.0;0.325273728187956;3707300.0;2.0;336.0;671.0;0.931478882391163;0.23258115794799136;0.40838634598872425;0.31898710370697314;224.92529581339883;0.5410439679445528;0.3464464640165454;0.3512441467979372;0.5410439679445528;0.4830289253974498;0.07782735857135066;6.227001164553633;0.00649772579597141;0.037682218137119305;0.01792598738852408;0.00649772579597141;0.007106200788073225;0.15269655620532813;0.16286174966796052;0.20320710726767108;0.1546458739441195;0.18003242790951407;0.007133416776243453;11.69064440263049;10.560703079378673;10.010581064913664;19650.0;10.298808799222012;55.89850758090748;12.51784237364868;7.857142857142858;9;12.354980301747638
bow;{'analyzer': 'word', 'binary': True, 'decode_error': 'strict', 'dtype': <class 'numpy.int64'>, 'encoding': 'utf-8', 'input': 'content', 'lowercase': True, 'max_df': 0.8, 'max_features': 5000, 'min_df': 1, 'ngram_range': (1, 3), 'preprocessor': None, 'stop_words': None, 'strip_accents': None, 'token_pattern': '(?u)\\b\\w\\w+\\b', 'tokenizer': None, 'vocabulary': None};lr;OrderedDict([('C', 5.388763456836092), ('max_iter', 123)]);bow;{'analyzer': 'word', 'binary': True, 'decode_error': 'strict', 'dtype': <class 'numpy.int64'>, 'encoding': 'utf-8', 'input': 'content', 'lowercase': True, 'max_df': 0.8, 'max_features': 5000, 'min_df': 1, 'ngram_range': (1, 3), 'preprocessor': None, 'stop_words': None, 'strip_accents': None, 'token_pattern': '(?u)\\b\\w\\w+\\b', 'tokenizer': None, 'vocabulary': None};lr;OrderedDict([('C', 5.255936493565088), ('max_iter', 1000)]);4.735972461273666;300.0;6.417777777777777;0.4741467282717281;20.0;300.0;20.0;20.0;1.0;300.0;1.0;6.0;1800.0;11620.0;0.0;8.660736007658867e-05;0.08287435456110155;963.0;5.455555555555556;0.0;4.456111111111111;6.455555555555556;0.3821391484942887;0.003115264797507788;2.0931591226831125;0.23373493975903614;6.0;0.001376936316695353;0.03166953528399311;0.6371590058418048;1.9178176898125705;0.0;1.9183506390210832;3.680069174232598;2.584962500721156;7.457214827956525;2.584962500721156;0.13909076471161352;0.004296491017332801;1.0;2.616603854145845;0.0010460251046025104;3.5794576009114584e-06;0.02113962173461914;109.0;0.44965237059047725;96300.0;7.0;261.0;521.0;0.9934205020920502;0.17722738595168666;0.5391380745210586;0.517429083111063;300.03449200832614;0.8874074074074073;0.8874074074074073;0.8881106853033498;0.8874074074074073;0.8881106853033497;0.026935178508346442;6.037155630437272;-0.04444444444444429;-0.0444444444444444;-0.04407124842522403;-0.04444444444444429;-0.04407124842522403;0.22277777777777763;0.21611111111111114;0.22245563322697848;0.2155555555555555;0.25186226810607404;0.021736009925489932;5810.876430292598;11.662598967297761;584.7798545611015;495.0;4534.283700516351;-11717.044242685026;4653.834767641997;61.0;60;249.9038698205795
tf-idf;{'analyzer': 'word', 'binary': False, 'decode_error': 'strict', 'dtype': <class 'numpy.float64'>, 'encoding': 'utf-8', 'input': 'content', 'lowercase': True, 'max_df': 0.8, 'max_features': 5000, 'min_df': 1, 'ngram_range': (1, 2), 'norm': 'l2', 'preprocessor': None, 'smooth_idf': True, 'stop_words': None, 'strip_accents': None, 'sublinear_tf': False, 'token_pattern': '(?u)\\b\\w\\w+\\b', 'tokenizer': None, 'use_idf': True, 'vocabulary': None};knn;OrderedDict([('leaf_size', 50), ('n_neighbors', 42)]);word2vec;{'hs': 1, 'min_count': 10, 'sg': 0, 'vector_size': 100, 'window': 7, 'workers': 1};svm;OrderedDict([('C', 10.0), ('degree', 2), ('gamma', 0.06993883144821439)]);3.7578298458013633;1021.5;129.6079295154185;0.28156086215728376;6129.0;1368.0;3064.5;6129.0;2.0;675.0;2.0;2.0;2043.0;603002.0;0.24158128828760103;0.05144901926623194;0.041150775619318014;24814.0;104.95267202235418;2.0845875237577443;293.15516397454724;295.15516397454724;0.46687353913113566;4.029983074071089e-05;38.95242496809544;0.1821138238347468;171.0;0.044333186291256085;0.01921220825138225;5.107638068686322;431.8415810880678;490.0249993622774;431.94730800386134;186578.47689178263;0.9153309373763068;9.715393183998739;1.0;0.02688530326837511;0.008638535958267735;0.9153309373763068;5.998725572253465;1;4.596710205078125e-06;0.06805300712585449;29.0;0.5785494869291781;2481400.0;9.0;40.0;79.0;0.9290910425844346;0.23614571804128584;0.5605884232302026;0.4874336941656779;302.097802377968;0.9724261706640561;0.9635250162443145;0.9684969875949759;0.9724261706640561;0.9722683461099906;-0.04029576688475402;2.9626286904641868;0.003915810083210958;0.00817738791422995;0.004770576994666875;0.003915810083210958;0.004077474545763127;0.12530592266275076;0.14873781676413256;0.1411823967461857;0.13069016152716595;0.14604861188153917;0.0541612205141971;4.760854628048939;8.65012679325649;11.781791314166272;15682.0;9.257702782757864;58.937970258149335;11.713390531095747;24.0;11;11.79600456501624
tf-idf;{'analyzer': 'word', 'binary': False, 'decode_error': 'strict', 'dtype': <class 'numpy.float64'>, 'encoding': 'utf-8', 'input': 'content', 'lowercase': True, 'max_df': 1.0, 'max_features': None, 'min_df': 1, 'ngram_range': (1, 1), 'norm': 'l2', 'preprocessor': None, 'smooth_idf': True, 'stop_words': None, 'strip_accents': None, 'sublinear_tf': False, 'token_pattern': '(?u)\\b\\w\\w+\\b', 'tokenizer': None, 'use_idf': True, 'vocabulary': None};svm;OrderedDict([('C', 10.0), ('degree', 2), ('gamma', 0.25913233884196)]);tf-idf;{'analyzer': 'word', 'binary': False, 'decode_error': 'strict', 'dtype': <class 'numpy.float64'>, 'encoding': 'utf-8', 'input': 'content', 'lowercase': True, 'max_df': 1.0, 'max_features': None, 'min_df': 1, 'ngram_range': (1, 1), 'norm': 'l2', 'preprocessor': None, 'smooth_idf': True, 'stop_words': None, 'strip_accents': None, 'sublinear_tf': False, 'token_pattern': '(?u)\\b\\w\\w+\\b', 'tokenizer': None, 'use_idf': True, 'vocabulary': None};svm;OrderedDict([('C', 7.571841551436234), ('degree', 2), ('gamma', 0.310919857390186)]);6.2674953882970765;1699.0;16.66715715126545;0.024245022720545014;658.0;2248.0;131.6;658.0;5.0;1150.0;5.0;2.0;3398.0;60173.0;0.0045369185515098135;0.062433409138026426;0.270985325644392;16306.0;16.70835785756327;2.1882958492458;15.708357857563273;17.70835785756327;0.7184471973506684;0.0;562.7312491818383;0.3602778654878434;15.0;0.0036228873414986787;0.2078008409087132;21.0532056972205;21.544238284238354;776.4032457428292;21.547409119237383;464.2908397517943;0.9233126223039556;11.561898840228437;1.0;0.013310215092439922;0.0006315199358830364;0.9233126223039556;3.853786589256774;1;3.8941701253255206e-06;0.08864116668701172;152.0;0.6426998386308058;1630600.0;9.0;555.0;1109.0;0.9887889935256033;0.1603209137887362;0.41727239835092894;0.40292745654124135;369.3014980477722;0.7133556394851808;0.6355522281570284;0.6403297229678683;0.7133556394851808;0.6917589440672626;0.014599859454650746;11.208358702047807;-0.005003550202356433;-0.006332313757575814;-0.007610850699110494;-0.005003550202356433;-0.006160397434240572;0.03678669781280508;0.05732892799382838;0.08522850349181466;0.03384465603581188;0.05240890696125977;0.006358536590081644;14.069681950911423;16.571732364272616;18.71481879400903;8693.0;7.4856340163831625;62.69562533171069;10.192393068348009;6.222222222222222;9;10.397348471610641
tf-idf;{'analyzer': 'word', 'binary': False, 'decode_error': 'strict', 'dtype': <class 'numpy.float64'>, 'encoding': 'utf-8', 'input': 'content', 'lowercase': True, 'max_df': 1.0, 'max_features': None, 'min_df': 1, 'ngram_range': (1, 1), 'norm': 'l2', 'preprocessor': None, 'smooth_idf': True, 'stop_words': None, 'strip_accents': None, 'sublinear_tf': False, 'token_pattern': '(?u)\\b\\w\\w+\\b', 'tokenizer': None, 'use_idf': True, 'vocabulary': None};svm;OrderedDict([('C', 9.894212162935204), ('degree', 2), ('gamma', 0.11331275739081928)]);bow;{'analyzer': 'word', 'binary': True, 'decode_error': 'strict', 'dtype': <class 'numpy.int64'>, 'encoding': 'utf-8', 'input': 'content', 'lowercase': True, 'max_df': 0.8, 'max_features': 5000, 'min_df': 1, 'ngram_range': (1, 3), 'preprocessor': None, 'stop_words': None, 'strip_accents': None, 'token_pattern': '(?u)\\b\\w\\w+\\b', 'tokenizer': None, 'vocabulary': None};nb;OrderedDict([('alpha', 0.2594667390784153), ('fit_prior', True)]);6.2674953882970765;849.5;16.66715715126545;0.024245022720545014;658.0;2248.0;131.6;658.0;5.0;45.0;5.0;4.0;3398.0;60173.0;0.0045369185515098135;0.062433409138026426;0.270985325644392;16306.0;16.70835785756327;0.8719479134518185;15.708357857563273;17.70835785756327;0.7184471973506684;0.0;562.7312491818383;0.3602778654878434;15.0;0.0036228873414986787;0.2078008409087132;21.0532056972205;21.544238284238354;974.2554422053113;21.547409119237383;464.2908397517943;1.3024820873538723;11.561898840228437;2.0;0.02233934508542837;0.0010560595095545431;0.6512410436769361;3.853786589256774;1;3.881454467773437e-06;0.10745875040690105;156.0;0.4121933633481813;1630600.0;9.0;699.0;1397.0;0.9887889935256033;0.1603209137887362;0.41727239835092894;0.40292745654124135;369.3014980477722;0.6710783432111779;0.33427880888814004;0.3375414069821699;0.6710783432111779;0.6211572284535591;0.0014762426101386727;9.013366223523494;-2.5989768348555486e-07;0.0012258351538906864;0.0013362171636913667;-2.5989768348555486e-07;-0.00253616546023816;0.03207553250436368;0.04840878483200983;0.04892501028955193;0.03943661459356684;0.05314884694520894;0.006460190133375361;14.069681950911423;16.571732364272616;18.71481879400903;8693.0;7.4856340163831625;62.69562533171069;10.192393068348009;6.222222222222222;9;10.397348471610641
tf-idf;{'analyzer': 'word', 'binary': False, 'decode_error': 'strict', 'dtype': <class 'numpy.float64'>, 'encoding': 'utf-8', 'input': 'content', 'lowercase': True, 'max_df': 1.0, 'max_features': None, 'min_df': 1, 'ngram_range': (1, 1), 'norm': 'l2', 'preprocessor': None, 'smooth_idf': True, 'stop_words': None, 'strip_accents': None, 'sublinear_tf': False, 'token_pattern': '(?u)\\b\\w\\w+\\b', 'tokenizer': None, 'use_idf': True, 'vocabulary': None};lr;OrderedDict([('C', 9.998185889995945), ('max_iter', 963)]);bow;{'analyzer': 'word', 'binary': True, 'decode_error': 'strict', 'dtype': <class 'numpy.int64'>, 'encoding': 'utf-8', 'input': 'content', 'lowercase': True, 'max_df': 0.8, 'max_features': 5000, 'min_df': 1, 'ngram_range': (1, 3), 'preprocessor': None, 'stop_words': None, 'strip_accents': None, 'token_pattern': '(?u)\\b\\w\\w+\\b', 'tokenizer': None, 'vocabulary': None};nb;OrderedDict([('alpha', 1.301291297017945), ('fit_prior', True)]);6.180681772689058;2504.5;18.939908165302455;0.026798763054230856;74.0;3321.0;14.8;74.0;5.0;1688.0;5.0;2.0;5009.0;99916.0;0.0068257336162376395;0.06555354128824203;0.2534629088434285;25325.0;18.947294869235375;2.168951541312564;17.947294869235375;19.947294869235375;0.7250542941757157;0.0;1.2892531927435806;0.34925337283317986;19.0;0.004834060610913167;0.19790624124264383;1.099258951563949;9.853144936103309;1154.705373677632;9.854128627508556;97.10385100748366;0.9219125066683183;11.821967240237788;1.0;0.008059251561350905;0.00037615373346553814;0.9219125066683183;4.080680711884552;1;4.180272420247395e-06;0.19567147890726724;280.0;0.6796560596943712;2532500.0;9.0;918.0;1835.0;0.9874364144539828;0.16529685385900456;0.4025750986623367;0.38662851054934644;439.3948356617582;0.6890276168254664;0.6027832150337321;0.6006240445690175;0.6890276168254664;0.6603924166159468;0.014890302840633675;11.935274842429328;-0.0029937727899504996;-0.0021134065716925665;-0.0023670422308761374;-0.0029937727899504996;-0.0023893012820052073;0.027949254277544355;0.05805444370512991;0.0764886658303141;0.03254378002532998;0.052508764690390786;0.005223888856837954;13.724743465763545;16.0839780579896;18.686301122469743;13498.0;7.276673313060666;64.42158321208004;10.024943007170512;4.818181818181818;9;10.289245088252896
bow;{'analyzer': 'word', 'binary': True, 'decode_error': 'strict', 'dtype': <class 'numpy.int64'>, 'encoding': 'utf-8', 'input': 'content', 'lowercase': True, 'max_df': 0.8, 'max_features': 5000, 'min_df': 1, 'ngram_range': (1, 3), 'preprocessor': None, 'stop_words': None, 'strip_accents': None, 'token_pattern': '(?u)\\b\\w\\w+\\b', 'tokenizer': None, 'vocabulary': None};svm;OrderedDict([('C', 2.4538781971671497), ('degree', 3), ('gamma', 0.04604739007840996)]);bow;{'analyzer': 'word', 'binary': True, 'decode_error': 'strict', 'dtype': <class 'numpy.int64'>, 'encoding': 'utf-8', 'input': 'content', 'lowercase': True, 'max_df': 0.8, 'max_features': 5000, 'min_df': 1, 'ngram_range': (1, 3), 'preprocessor': None, 'stop_words': None, 'strip_accents': None, 'token_pattern': '(?u)\\b\\w\\w+\\b', 'tokenizer': None, 'vocabulary': None};svm;OrderedDict([('C', 8.969227482755372), ('degree', 4), ('gamma', 0.015008083880899904)]);6.180681772689058;1252.25;18.939908165302455;0.026798763054230856;74.0;3321.0;14.8;74.0;5.0;71.0;5.0;4.0;5009.0;99916.0;0.0068257336162376395;0.06555354128824203;0.2534629088434285;25325.0;18.947294869235375;0.8738941208607954;17.947294869235375;19.947294869235375;0.7250542941757157;0.0;1.2892531927435806;0.34925337283317986;19.0;0.004834060610913167;0.19790624124264383;1.099258951563949;9.853144936103309;1432.9539129597529;9.854128627508556;97.10385100748366;1.3131087873447886;11.821967240237788;2.0;0.014972069619264937;0.0007226006329356092;0.6565543936723943;4.080680711884552;1;4.105567932128906e-06;0.2554609775543213;305.0;0.44775019694246887;2532500.0;9.0;1130.0;2259.0;0.9874364144539828;0.16529685385900456;0.4025750986623367;0.38662851054934644;439.3948356617582;0.6568174216775157;0.31834570189453215;0.311522459792064;0.6568174216775157;0.597070593285054;-0.0011585756587725756;9.005231846423642;0.001996964728422146;0.003876469452769704;0.00929347188482349;0.001996964728422146;-0.0037769693886868794;0.019764664798623266;0.030663062172943345;0.03815958923273177;0.02115911974732365;0.044813705587022135;0.00653347031465565;13.724743465763545;16.0839780579896;18.686301122469743;13498.0;7.276673313060666;64.42158321208004;10.024943007170512;4.818181818181818;9;10.289245088252896
tf-idf;{'analyzer': 'word', 'binary': False, 'decode_error': 'strict', 'dtype': <class 'numpy.float64'>, 'encoding': 'utf-8', 'input': 'content', 'lowercase': True, 'max_df': 0.8, 'max_features': 5000, 'min_df': 1, 'ngram_range': (1, 1), 'norm': 'l1', 'preprocessor': None, 'smooth_idf': True, 'stop_words': None, 'strip_accents': None, 'sublinear_tf': False, 'token_pattern': '(?u)\\b\\w\\w+\\b', 'tokenizer': None, 'use_idf': True, 'vocabulary': None};svm;OrderedDict([('C', 10.0), ('degree', 4), ('gamma', 2.5657654616515004)]);tf-idf;{'analyzer': 'word', 'binary': False, 'decode_error': 'strict', 'dtype': <class 'numpy.float64'>, 'encoding': 'utf-8', 'input': 'content', 'lowercase': True, 'max_df': 0.8, 'max_features': 5000, 'min_df': 1, 'ngram_range': (1, 1), 'norm': 'l1', 'preprocessor': None, 'smooth_idf': True, 'stop_words': None, 'strip_accents': None, 'sublinear_tf': False, 'token_pattern': '(?u)\\b\\w\\w+\\b', 'tokenizer': None, 'use_idf': True, 'vocabulary': None};svm;OrderedDict([('C', 10.0), ('degree', 4), ('gamma', 2.5557182969059684)]);4.725086278668873;445.0;212.48494382022471;0.4157912358721444;4492.0;511.0;49.91111111111111;4492.0;90.0;386.0;90.0;5.0;2225.0;868407.0;0.005211841912835802;0.014116209137485396;0.05040378532185945;43771.0;389.2952808988764;7.320207767098142;388.2952808988764;390.2952808988764;0.4322496630188938;2.2846176692330537e-05;73.14746742958309;0.23731384016941365;337.0;0.009267543905104404;0.021787019220250413;6.035650205335797;241.6987957466287;60.79062427710378;241.7531283978144;58444.57509013014;2.311263327223159;10.731525810848481;2.321928094887362;0.05521859986125899;0.02190182128404713;0.9954069345697286;7.085005376095577;1;5.280176798502604e-06;0.14308619499206543;28.0;0.42787501370045716;4377100.0;7.0;193.0;385.0;0.8832593258426966;0.2455480608029303;0.4657894876381203;0.3332326528999377;278.57639600424824;0.9096570243541445;0.9078504956463961;0.9083028858381489;0.9096570243541445;0.9096200826561313;0.48438712892101077;5.734883026243693;-0.014831466668606574;-0.01573573277576268;-0.014299736127440843;-0.014831466668606574;-0.014760624350128149;0.19461146819637376;0.20400961622293778;0.19610667143619298;0.20089228877709497;0.19907733651072412;0.020236391146315327;10.927850920281422;9.823250111999776;10.589871162834042;22816.0;10.453357485280936;56.10522198011867;12.818119779750027;23.0;9;12.474816659856735
bow;{'analyzer': 'word', 'binary': True, 'decode_error': 'strict', 'dtype': <class 'numpy.int64'>, 'encoding': 'utf-8', 'input': 'content', 'lowercase': True, 'max_df': 0.8, 'max_features': 5000, 'min_df': 1, 'ngram_range': (1, 3), 'preprocessor': None, 'stop_words': None, 'strip_accents': None, 'token_pattern': '(?u)\\b\\w\\w+\\b', 'tokenizer': None, 'vocabulary': None};lr;OrderedDict([('C', 0.3857909639393573), ('max_iter', 1000)]);bow;{'analyzer': 'word', 'binary': True, 'decode_error': 'strict', 'dtype': <class 'numpy.int64'>, 'encoding': 'utf-8', 'input': 'content', 'lowercase': True, 'max_df': 0.8, 'max_features': 5000, 'min_df': 1, 'ngram_range': (1, 3), 'preprocessor': None, 'stop_words': None, 'strip_accents': None, 'token_pattern': '(?u)\\b\\w\\w+\\b', 'tokenizer': None, 'vocabulary': None};lr;OrderedDict([('C', 1.4131046532082052), ('max_iter', 1000)]);5.119887269837822;8261.0;13.374813380139612;0.32147800561884166;52.0;19190.0;52.0;52.0;1.0;1430.0;1.0;3.0;24783.0;349862.0;0.00608811474238414;0.06804232458051145;0.15344049939690507;53683.0;13.117015696243392;0.8638567079189153;12.117338498164065;14.117015696243392;0.7250898794776744;0.0;-0.8047097042504197;0.2018853147812566;13.0;0.004007294304611533;0.12284557911405068;0.3327049671004333;6.825387307287393;9562.92857863113;6.825525014463053;46.58779172306085;0.9554932892548991;11.430906480372897;1.584962500721156;0.010420453077930752;0.0006683056630045412;0.6028491455287748;3.5439921474405134;1;4.1198730468749994e-06;0.6773255666097006;319.0;0.8116886341507887;5368300.0;9.0;2022.0;4043.0;0.9903496751805674;0.1764879687859619;0.4242529015272442;0.4094167775811782;991.599773946856;0.8618811281927128;0.5932398804268612;0.6057728036379542;0.8618811281927128;0.8434007002966141;-0.08117593266992325;7.209130681687262;-0.0010894564822661046;-0.012117910517209118;-0.02180656213776133;-0.0010894564822661046;-0.003619850430802818;0.06843400718234294;0.14744336243093892;0.1543812137594126;0.06645684541823049;0.08154548875659318;0.01214249651034375;11.731287385828459;9.986796128816572;11.018321353407421;29188.0;7.6835999118335145;72.2010172006855;9.943664605649225;4.0;9;9.789497170381534
word2vec;{'hs': 1, 'min_count': 10, 'sg': 1, 'vector_size': 100, 'window': 7, 'workers': 1};knn;OrderedDict([('leaf_size', 50), ('n_neighbors', 12)]);word2vec;{'hs': 1, 'min_count': 10, 'sg': 1, 'vector_size': 100, 'window': 7, 'workers': 1};knn;OrderedDict([('leaf_size', 10), ('n_neighbors', 12)]);6.937945999149945;1178.0;17.244482173174873;0.012903679682158328;76.0;1811.0;76.0;76.0;1.0;545.0;1.0;2.0;2356.0;44703.0;0.0;0.05200763827437101;0.20083663288817305;8978.0;17.974108658743635;1.315911197847951;16.978777589134125;18.974108658743635;0.6413455112497215;0.0;0.37324116305857924;0.34022325123593494;18.0;0.0;0.128805672997338;0.7088802659860681;12.016708455323679;895.1971849821691;12.019259502683981;144.4625989928592;0.7803126847948956;10.527841414597008;1.0;0.03166041735342142;0.0038618185154177687;0.7803126847948956;3.7471819749078765;1;3.784497578938802e-06;0.018998146057128906;78.0;0.5136305222134182;897800.0;9.0;220.0;439.0;0.9877504244482174;0.21020036039910253;0.4851194189852487;0.46477859669713484;312.1335571338686;0.8900478832505866;0.8258074478999373;0.827883080703456;0.8900478832505866;0.8831735198197187;-0.09450066308753001;4.474055236645758;-0.005089598763931447;0.008848438174631101;-0.0035033889960525144;-0.005089598763931447;-0.003778333928834532;0.07129327995764523;0.12173967533867203;0.1080875047717712;0.06704915641561726;0.08580529505460666;0.028250620385295012;22362.747725655994;24.439424647115406;2236.1276752320873;5862.0;17440.470038699867;-45323.65044694987;17887.47698364763;60.0;59;481.7399690052912
tf-idf;{'analyzer': 'word', 'binary': False, 'decode_error': 'strict', 'dtype': <class 'numpy.float64'>, 'encoding': 'utf-8', 'input': 'content', 'lowercase': True, 'max_df': 0.8, 'max_features': 5000, 'min_df': 1, 'ngram_range': (1, 3), 'norm': 'l1', 'preprocessor': None, 'smooth_idf': True, 'stop_words': None, 'strip_accents': None, 'sublinear_tf': False, 'token_pattern': '(?u)\\b\\w\\w+\\b', 'tokenizer': None, 'use_idf': True, 'vocabulary': None};lr;OrderedDict([('C', 7.00774262558041), ('max_iter', 100)]);tf-idf;{'analyzer': 'word', 'binary': False, 'decode_error': 'strict', 'dtype': <class 'numpy.float64'>, 'encoding': 'utf-8', 'input': 'content', 'lowercase': True, 'max_df': 0.8, 'max_features': 5000, 'min_df': 1, 'ngram_range': (1, 3), 'norm': 'l1', 'preprocessor': None, 'smooth_idf': True, 'stop_words': None, 'strip_accents': None, 'sublinear_tf': False, 'token_pattern': '(?u)\\b\\w\\w+\\b', 'tokenizer': None, 'use_idf': True, 'vocabulary': None};nb;OrderedDict([('alpha', 0.1745309138680297), ('fit_prior', False)]);4.617317252057697;1947.3333333333333;18.676994180075315;0.28958534645495165;81.0;3130.0;40.5;81.0;2.0;860.0;2.0;3.0;5842.0;122710.0;0.09803601988428001;0.037466632993845034;0.11488876212207644;14098.0;20.004792879150976;1.7111909826403462;19.004792879150976;21.004792879150976;0.5502198893460065;0.0;0.3307182260741919;0.2512101703202673;19.0;0.04561160459620243;0.071893081248472;0.7935979452145668;10.305583136643412;1137.998828353234;10.306465275154476;106.22322646796503;1.4146677273308166;10.228290146469474;1.584962500721156;0.016387579995817365;0.0010572062842491706;0.8925559605903259;4.048326555077253;1;3.825823465983073e-06;0.16345524787902832;149.0;0.5785459644155647;1409800.0;9.0;1483.0;2965.0;0.9878329339267374;0.18459803640847472;0.37865522199504653;0.36283156008057277;450.69853979733546;0.6453830524411389;0.5287609208844878;0.5353831428541047;0.6453830524411389;0.6290438556984815;0.04190438086129224;7.736078724718325;-0.05340540405622374;-0.061099749748467325;-0.06533663127590938;-0.05340540405622374;-0.05119053934150852;0.07189222472172396;0.086349963500571;0.09267577612032218;0.07018001333770663;0.08496819281942991;0.012670405877996345;7.214858846370113;10.629089489358613;12.261732815227317;8212.0;8.963711236666693;55.36694153724753;11.438878745360263;11.833333333333334;11;11.782475565848117
bow;{'analyzer': 'word', 'binary': True, 'decode_error': 'strict', 'dtype': <class 'numpy.int64'>, 'encoding': 'utf-8', 'input': 'content', 'lowercase': True, 'max_df': 0.8, 'max_features': 5000, 'min_df': 1, 'ngram_range': (1, 3), 'preprocessor': None, 'stop_words': None, 'strip_accents': None, 'token_pattern': '(?u)\\b\\w\\w+\\b', 'tokenizer': None, 'vocabulary': None};lr;OrderedDict([('C', 0.31439527309929105), ('max_iter', 100)]);tf-idf;{'analyzer': 'word', 'binary': False, 'decode_error': 'strict', 'dtype': <class 'numpy.float64'>, 'encoding': 'utf-8', 'input': 'content', 'lowercase': True, 'max_df': 0.8, 'max_features': 5000, 'min_df': 1, 'ngram_range': (1, 3), 'norm': 'l1', 'preprocessor': None, 'smooth_idf': True, 'stop_words': None, 'strip_accents': None, 'sublinear_tf': False, 'token_pattern': '(?u)\\b\\w\\w+\\b', 'tokenizer': None, 'use_idf': True, 'vocabulary': None};nb;OrderedDict([('alpha', 0.01599975225845282), ('fit_prior', False)]);4.1074084296021764;2106.6666666666665;18.421677215189874;0.0005051962480177169;263.0;3535.0;131.5;263.0;2.0;985.0;2.0;3.0;6320.0;126815.0;0.0;0.7752038644096338;0.09098292788707961;11538.0;19.065664556962027;1.617568303828955;18.065664556962027;20.065664556962027;0.48855954238169524;0.0;25.630569196883418;0.09819027717541301;18.0;0.009738595592004101;0.045562433466072624;3.0696199622534053;14.140299204178124;1302.3664358901965;14.1414180315094;199.97970394189917;1.4028576696076138;10.400385378342392;1.584962500721156;0.012790057535945889;0.0010017032828934466;0.8851046437813609;3.8943635181344014;1;3.8941701253255206e-06;0.18271589279174805;219.0;0.5960060658519479;1153800.0;2.0;1244.0;2487.0;0.984839082278481;0.16874562345676736;0.38448461638995973;0.3689635928386233;479.7404892532788;0.6605497415144271;0.550079071047686;0.563123256617161;0.6605497415144271;0.6417571654671854;0.011045779348195802;9.316776253349694;0.005535971759670577;-0.004540038212168529;-0.00019696200600627378;0.005535971759670577;0.0013696954137094597;0.07278456337149586;0.1129668586207983;0.11654442622852701;0.0897145182859469;0.09100013981024024;0.011839631958920056;8.93118741215062;6.002011612129632;20.408356797007976;542.0;5.0467462333180855;98.11873935710257;8.98357698837358;10.8;4;4.939705879156211
tf-idf;{'analyzer': 'word', 'binary': False, 'decode_error': 'strict', 'dtype': <class 'numpy.float64'>, 'encoding': 'utf-8', 'input': 'content', 'lowercase': True, 'max_df': 0.8, 'max_features': 5000, 'min_df': 1, 'ngram_range': (1, 3), 'norm': 'l1', 'preprocessor': None, 'smooth_idf': True, 'stop_words': None, 'strip_accents': None, 'sublinear_tf': False, 'token_pattern': '(?u)\\b\\w\\w+\\b', 'tokenizer': None, 'use_idf': True, 'vocabulary': None};nb;OrderedDict([('alpha', 0.11682740472822294), ('fit_prior', False)]);tf-idf;{'analyzer': 'word', 'binary': False, 'decode_error': 'strict', 'dtype': <class 'numpy.float64'>, 'encoding': 'utf-8', 'input': 'content', 'lowercase': True, 'max_df': 0.8, 'max_features': 5000, 'min_df': 1, 'ngram_range': (1, 3), 'norm': 'l1', 'preprocessor': None, 'smooth_idf': True, 'stop_words': None, 'strip_accents': None, 'sublinear_tf': False, 'token_pattern': '(?u)\\b\\w\\w+\\b', 'tokenizer': None, 'use_idf': True, 'vocabulary': None};nb;OrderedDict([('alpha', 0.05055379613433147), ('fit_prior', False)]);4.094037502633612;234.33333333333334;18.448079658605973;0.00031007652366875664;264.0;393.0;132.0;264.0;2.0;110.0;2.0;3.0;703.0;14239.0;0.0;0.7824561743662419;0.24468010393988343;3484.0;19.25462304409673;1.6206720225590507;18.25462304409673;20.25462304409673;0.5680252583237658;0.0;78.84148004854985;0.09495048809607416;18.0;0.01067490694571248;0.14059976121918674;5.921701265364719;15.90313058971392;144.59022558020075;15.914453574836369;253.26983258562208;1.4036876943921799;9.965118678443577;1.584962500721156;0.036990842652960564;0.0024105555930465693;0.8856283311141454;3.8795321865713275;1;3.5746892293294273e-06;0.014789899190266928;93.0;0.26840757130835896;348400.0;2.0;180.0;359.0;0.9845362731152205;0.1606196614509107;0.48550830086432223;0.46552274582345105;180.41948513338232;0.5666222141399446;0.38877142328081016;0.35701531532825187;0.5666222141399446;0.4916705113005293;0.010725037605919571;9.075391467931066;-0.04554767533490933;-0.021096067324847034;-0.006133634442907987;-0.04554767533490933;-0.03191701913798711;0.0284536582408923;0.04007854167361963;0.04313013419062045;0.012844759653270366;0.023245720573707163;0.010058234863213894;8.941701684133285;5.955330804888327;20.446659183335896;109.0;5.073074502483156;98.19177014780769;9.039591037804586;7.333333333333334;4;4.932812889269211
tf-idf;{'analyzer': 'word', 'binary': False, 'decode_error': 'strict', 'dtype': <class 'numpy.float64'>, 'encoding': 'utf-8', 'input': 'content', 'lowercase': True, 'max_df': 0.8, 'max_features': 5000, 'min_df': 1, 'ngram_range': (1, 3), 'norm': 'l1', 'preprocessor': None, 'smooth_idf': True, 'stop_words': None, 'strip_accents': None, 'sublinear_tf': False, 'token_pattern': '(?u)\\b\\w\\w+\\b', 'tokenizer': None, 'use_idf': True, 'vocabulary': None};svm;OrderedDict([('C', 6.6360850776123375), ('degree', 3), ('gamma', 3.0662510776734475)]);bow;{'analyzer': 'word', 'binary': True, 'decode_error': 'strict', 'dtype': <class 'numpy.int64'>, 'encoding': 'utf-8', 'input': 'content', 'lowercase': True, 'max_df': 0.8, 'max_features': 5000, 'min_df': 1, 'ngram_range': (1, 3), 'preprocessor': None, 'stop_words': None, 'strip_accents': None, 'token_pattern': '(?u)\\b\\w\\w+\\b', 'tokenizer': None, 'vocabulary': None};nb;OrderedDict([('alpha', 0.2895671484877002), ('fit_prior', True)]);3.8927068723702667;618.0;19.77615965480043;0.0016074647745296655;331.0;915.0;331.0;331.0;1.0;196.0;1.0;3.0;1854.0;41354.0;0.005344102142477149;0.7622855121730738;0.1658122551627412;6857.0;21.305285868392666;1.6460463877910205;20.31175836030205;22.305285868392666;0.5642409216858685;0.0;48.16220836265361;0.08611017072109106;18.0;0.015838854766165304;0.0951298544276249;5.223623436439819;20.808252970704217;375.44506921785506;20.8138669605462;433.2170578513167;1.3741893043005073;10.25901984798724;1.584962500721156;0.01853625980976678;0.001322247962304787;0.8670169191228517;3.935631228166124;1;3.7368138631184897e-06;0.046751181284586586;170.0;0.3947469041242457;685700.0;2.0;419.0;837.0;0.9849449838187703;0.1641671181040327;0.4098491281458835;0.39365656585676545;268.89498131833324;0.6393383674937073;0.48778483723908495;0.47430913048912915;0.6393383674937073;0.6112436354170586;-0.01410513550801585;8.828609645514293;-0.00916936353829556;-0.0035414873915805556;0.0018567524234796018;-0.00916936353829556;-0.0070226797945895925;0.08306364617044226;0.07712382284872471;0.07360691580485346;0.12028047464940661;0.09084806953721858;0.01057385031170394;8.429101308155694;5.04556628621598;20.479230802605038;250.0;5.4212362039947415;97.2475618608673;9.39027660362342;10.2;4;4.996054622252891
bow;{'analyzer': 'word', 'binary': True, 'decode_error': 'strict', 'dtype': <class 'numpy.int64'>, 'encoding': 'utf-8', 'input': 'content', 'lowercase': True, 'max_df': 0.8, 'max_features': 5000, 'min_df': 1, 'ngram_range': (1, 3), 'preprocessor': None, 'stop_words': None, 'strip_accents': None, 'token_pattern': '(?u)\\b\\w\\w+\\b', 'tokenizer': None, 'vocabulary': None};lr;OrderedDict([('C', 5.44418039611295), ('max_iter', 1000)]);bow;{'analyzer': 'word', 'binary': True, 'decode_error': 'strict', 'dtype': <class 'numpy.int64'>, 'encoding': 'utf-8', 'input': 'content', 'lowercase': True, 'max_df': 0.8, 'max_features': 5000, 'min_df': 1, 'ngram_range': (1, 3), 'preprocessor': None, 'stop_words': None, 'strip_accents': None, 'token_pattern': '(?u)\\b\\w\\w+\\b', 'tokenizer': None, 'vocabulary': None};svm;OrderedDict([('C', 5.025311487820599), ('degree', 4), ('gamma', 0.028386592299811626)]);4.11210938866921;1979.0;17.02358093313121;0.49298688039979127;64.0;2000.0;32.0;64.0;2.0;1937.0;2.0;3.0;5937.0;114308.0;0.0;0.0;0.07855093256814921;8979.0;18.25349503116052;54.40838965363187;17.25349503116052;19.25349503116052;0.5503953669673683;0.00011137097672346586;0.5982199105399024;0.17074045561115583;17.0;0.0;0.04323406935647549;0.9316848335311829;11.069516279630278;36.373066958946424;11.070448645711496;122.55483321733549;1.5847994661832125;8.971941535858926;1.584962500721156;0.02435143367770683;0.0011956713685009883;0.9998971366591517;3.8276651677463427;1;4.08172607421875e-06;0.1709605852762858;141.0;0.8328596995457463;897900.0;9.0;353.0;705.0;0.9869578911908371;0.16935988355173337;0.37737344376752036;0.360203995633686;462.34142041400503;0.9082589411038122;0.9082219831660301;0.9082431224105129;0.9082589411038122;0.9082306070338112;0.003058034509028608;9.765559445307932;0.012295772275560002;0.012331663876235077;0.01226141423746896;0.012295772275560002;0.012260312644810978;0.1802257032171133;0.18502981985193634;0.18024543441974794;0.18056257369041617;0.18301087837902796;0.007814208133179562;57151.93803522063;8.049975504776569;5677.003729716205;5429.0;44580.839287189;-115932.71429628722;45725.8482835847;57.0;56;545.2383208678984
bow;{'analyzer': 'word', 'binary': True, 'decode_error': 'strict', 'dtype': <class 'numpy.int64'>, 'encoding': 'utf-8', 'input': 'content', 'lowercase': True, 'max_df': 0.8, 'max_features': 5000, 'min_df': 1, 'ngram_range': (1, 3), 'preprocessor': None, 'stop_words': None, 'strip_accents': None, 'token_pattern': '(?u)\\b\\w\\w+\\b', 'tokenizer': None, 'vocabulary': None};svm;OrderedDict([('C', 2.192126537376218), ('degree', 2), ('gamma', 0.04255236698279417)]);bow;{'analyzer': 'word', 'binary': True, 'decode_error': 'strict', 'dtype': <class 'numpy.int64'>, 'encoding': 'utf-8', 'input': 'content', 'lowercase': True, 'max_df': 0.8, 'max_features': 5000, 'min_df': 1, 'ngram_range': (1, 3), 'preprocessor': None, 'stop_words': None, 'strip_accents': None, 'token_pattern': '(?u)\\b\\w\\w+\\b', 'tokenizer': None, 'vocabulary': None};lr;OrderedDict([('C', 1.5783879853890563), ('max_iter', 494)]);4.390573067147481;3068.0;24.585560625814864;0.4119008463861662;374.0;4770.0;187.0;374.0;2.0;1366.0;2.0;2.0;6136.0;184132.0;0.0025525166728216715;0.028021929022539287;0.0760649968500858;14006.0;29.008474576271187;1.2746202142657626;28.008474576271187;30.008474576271187;0.5650435527631015;7.139797229758674e-05;14.799550859573891;0.17103490973866575;19.0;0.0053439923533117545;0.04930158799122369;3.0431355852448037;32.79047694050804;2406.9914831590077;32.79314924212533;1075.3906372163053;0.7649238540017482;9.98938871423426;1.0;0.011705232995902475;0.001159390760703148;0.7649238540017482;4.095372493510909;1;4.289944966634115e-06;0.21363496780395508;115.0;0.8441233150193556;1400600.0;7.0;522.0;1043.0;0.9802775423728813;0.18784259490903843;0.4424514788548136;0.41548279272910155;499.1600121706601;0.8503908873417511;0.7308560517969654;0.7564900531848789;0.8503908873417511;0.8400714861747249;0.08419848997482775;8.377686350098328;-0.019393158654930076;-0.05400631173967807;-0.04814779892009691;-0.019393158654930076;-0.027158916359642404;0.06926262387260884;0.13267995520974674;0.14458505548128286;0.06111616998122249;0.09063958164706576;0.013161832248170604;5.665170854399946;6.6158387258426465;8.204857301633615;5875.0;5.658717472969112;77.34607143784517;7.79428711572933;19.333333333333332;5;8.777400026107989
bow;{'analyzer': 'word', 'binary': True, 'decode_error': 'strict', 'dtype': <class 'numpy.int64'>, 'encoding': 'utf-8', 'input': 'content', 'lowercase': True, 'max_df': 0.8, 'max_features': 5000, 'min_df': 1, 'ngram_range': (1, 3), 'preprocessor': None, 'stop_words': None, 'strip_accents': None, 'token_pattern': '(?u)\\b\\w\\w+\\b', 'tokenizer': None, 'vocabulary': None};lr;OrderedDict([('C', 0.540028963926329), ('max_iter', 1000)]);bow;{'analyzer': 'word', 'binary': True, 'decode_error': 'strict', 'dtype': <class 'numpy.int64'>, 'encoding': 'utf-8', 'input': 'content', 'lowercase': True, 'max_df': 0.8, 'max_features': 5000, 'min_df': 1, 'ngram_range': (1, 3), 'preprocessor': None, 'stop_words': None, 'strip_accents': None, 'token_pattern': '(?u)\\b\\w\\w+\\b', 'tokenizer': None, 'vocabulary': None};lr;OrderedDict([('C', 0.5404520877311836), ('max_iter', 1000)]);4.390573067147481;3068.0;24.585560625814864;0.4119008463861662;374.0;3598.0;187.0;374.0;2.0;2538.0;2.0;2.0;6136.0;184132.0;0.0025525166728216715;0.028021929022539287;0.0760649968500858;14006.0;29.008474576271187;4.093214348453449;28.008474576271187;30.008474576271187;0.5650435527631015;7.139797229758674e-05;14.799550859573891;0.17103490973866575;19.0;0.0053439923533117545;0.04930158799122369;3.0431355852448037;32.79047694050804;749.5331880577404;32.79314924212533;1075.3906372163053;0.9783645270186505;9.98938871423426;1.0;0.005897034901616692;0.0006560884031610229;0.9783645270186505;4.095372493510909;1;3.843307495117188e-06;0.23806134859720865;134.0;0.8886134114331843;1400600.0;9.0;580.0;1159.0;0.9802775423728813;0.18784259490903843;0.4424514788548136;0.41548279272910155;499.1600121706601;0.8181218818571923;0.8054082790075697;0.8094558096929821;0.8181218818571923;0.8164095795966073;0.0006767528627019846;8.377686350098328;-0.0014672316667740937;-0.00032129233646893685;-0.0010679347022690688;-0.0014672316667740937;-0.0012065907031703071;0.09517399724829323;0.0907877846392876;0.10790892202769709;0.10576766959762463;0.09180224821635863;0.013161832248170604;5.665170854399946;6.6158387258426465;8.204857301633615;5875.0;5.658717472969112;77.34607143784517;7.79428711572933;19.333333333333332;5;8.777400026107989
bow;{'analyzer': 'word', 'binary': True, 'decode_error': 'strict', 'dtype': <class 'numpy.int64'>, 'encoding': 'utf-8', 'input': 'content', 'lowercase': True, 'max_df': 0.8, 'max_features': 5000, 'min_df': 1, 'ngram_range': (1, 3), 'preprocessor': None, 'stop_words': None, 'strip_accents': None, 'token_pattern': '(?u)\\b\\w\\w+\\b', 'tokenizer': None, 'vocabulary': None};svm;OrderedDict([('C', 3.813752883547325), ('degree', 4), ('gamma', 0.018672245844048842)]);bow;{'analyzer': 'word', 'binary': True, 'decode_error': 'strict', 'dtype': <class 'numpy.int64'>, 'encoding': 'utf-8', 'input': 'content', 'lowercase': True, 'max_df': 0.8, 'max_features': 5000, 'min_df': 1, 'ngram_range': (1, 3), 'preprocessor': None, 'stop_words': None, 'strip_accents': None, 'token_pattern': '(?u)\\b\\w\\w+\\b', 'tokenizer': None, 'vocabulary': None};svm;OrderedDict([('C', 8.162242850797442), ('degree', 2), ('gamma', 0.006775042747614614)]);4.390573067147481;3068.0;24.585560625814864;0.4119008463861662;374.0;3959.0;187.0;374.0;2.0;2177.0;2.0;2.0;6136.0;184132.0;0.0025525166728216715;0.028021929022539287;0.0760649968500858;14006.0;29.008474576271187;2.4347964137826352;28.008474576271187;30.008474576271187;0.5650435527631015;7.139797229758674e-05;14.799550859573891;0.17103490973866575;19.0;0.0053439923533117545;0.04930158799122369;3.0431355852448037;32.79047694050804;1260.0642840744276;32.79314924212533;1075.3906372163053;0.9382745364760626;9.98938871423426;1.0;0.005177991629133564;0.0006257291358933829;0.9382745364760626;4.095372493510909;1;3.844896952311198e-06;0.22825940450032553;156.0;0.911169938568905;1400600.0;7.0;528.0;1055.0;0.9802775423728813;0.18784259490903843;0.4424514788548136;0.41548279272910155;499.1600121706601;0.8294776510803011;0.788701271562492;0.7999230168186227;0.8294776510803011;0.8219110752719124;0.004726983696080751;8.377686350098328;0.021023070837725033;0.03427862320361852;0.029236449596421688;0.021023070837725033;0.024439863131528128;0.0883313775024478;0.10552400671856255;0.11475127227799886;0.08588814240679521;0.08940823899634831;0.013161832248170604;5.665170854399946;6.6158387258426465;8.204857301633615;5875.0;5.658717472969112;77.34607143784517;7.79428711572933;19.333333333333332;5;8.777400026107989
bow;{'analyzer': 'word', 'binary': True, 'decode_error': 'strict', 'dtype': <class 'numpy.int64'>, 'encoding': 'utf-8', 'input': 'content', 'lowercase': True, 'max_df': 0.8, 'max_features': 5000, 'min_df': 1, 'ngram_range': (1, 3), 'preprocessor': None, 'stop_words': None, 'strip_accents': None, 'token_pattern': '(?u)\\b\\w\\w+\\b', 'tokenizer': None, 'vocabulary': None};svm;OrderedDict([('C', 5.4717142349440735), ('degree', 2), ('gamma', 0.013630172080531897)]);bow;{'analyzer': 'word', 'binary': True, 'decode_error': 'strict', 'dtype': <class 'numpy.int64'>, 'encoding': 'utf-8', 'input': 'content', 'lowercase': True, 'max_df': 0.8, 'max_features': 5000, 'min_df': 1, 'ngram_range': (1, 3), 'preprocessor': None, 'stop_words': None, 'strip_accents': None, 'token_pattern': '(?u)\\b\\w\\w+\\b', 'tokenizer': None, 'vocabulary': None};svm;OrderedDict([('C', 7.136353363397454), ('degree', 4), ('gamma', 0.014078431247044327)]);4.390573067147481;3068.0;24.585560625814864;0.4119008463861662;374.0;4907.0;187.0;374.0;2.0;1229.0;2.0;2.0;6136.0;184132.0;0.0025525166728216715;0.028021929022539287;0.0760649968500858;14006.0;29.008474576271187;1.17966482038082;28.008474576271187;30.008474576271187;0.5650435527631015;7.139797229758674e-05;14.799550859573891;0.17103490973866575;19.0;0.0053439923533117545;0.04930158799122369;3.0431355852448037;32.79047694050804;2600.7387412041217;32.79314924212533;1075.3906372163053;0.722514408493026;9.98938871423426;1.0;0.004182445666855497;0.0005291077534561332;0.722514408493026;4.095372493510909;1;3.8178761800130205e-06;0.1755667527516683;71.0;0.7993125249933983;1400600.0;6.0;310.0;619.0;0.9802775423728813;0.18784259490903843;0.4424514788548136;0.41548279272910155;499.1600121706601;0.8786940838837677;0.7320425426819188;0.7558877296778208;0.8786940838837677;0.8592979309400685;-0.0017395654535892172;8.377686350098328;0.007496926835991347;0.013845365601992676;0.014948935655079154;0.007496926835991347;0.008615555674829634;0.058018627795424105;0.12176287898115967;0.1366920107683427;0.05101125618516589;0.07375714484409623;0.013161832248170604;5.665170854399946;6.6158387258426465;8.204857301633615;5875.0;5.658717472969112;77.34607143784517;7.79428711572933;19.333333333333332;5;8.777400026107989
bow;{'analyzer': 'word', 'binary': True, 'decode_error': 'strict', 'dtype': <class 'numpy.int64'>, 'encoding': 'utf-8', 'input': 'content', 'lowercase': True, 'max_df': 0.8, 'max_features': 5000, 'min_df': 1, 'ngram_range': (1, 3), 'preprocessor': None, 'stop_words': None, 'strip_accents': None, 'token_pattern': '(?u)\\b\\w\\w+\\b', 'tokenizer': None, 'vocabulary': None};lr;OrderedDict([('C', 0.3857909639393573), ('max_iter', 1000)]);bow;{'analyzer': 'word', 'binary': True, 'decode_error': 'strict', 'dtype': <class 'numpy.int64'>, 'encoding': 'utf-8', 'input': 'content', 'lowercase': True, 'max_df': 0.8, 'max_features': 5000, 'min_df': 1, 'ngram_range': (1, 3), 'preprocessor': None, 'stop_words': None, 'strip_accents': None, 'token_pattern': '(?u)\\b\\w\\w+\\b', 'tokenizer': None, 'vocabulary': None};lr;OrderedDict([('C', 1.4131046532082052), ('max_iter', 1000)]);5.119887269837822;8261.0;13.374813380139612;0.32147800561884166;52.0;19190.0;52.0;52.0;1.0;1430.0;1.0;3.0;24783.0;349862.0;0.00608811474238414;0.06804232458051145;0.15344049939690507;53683.0;13.117015696243392;0.8638567079189153;12.117338498164065;14.117015696243392;0.7250898794776744;0.0;-0.8047097042504197;0.2018853147812566;13.0;0.004007294304611533;0.12284557911405068;0.3327049671004333;6.825387307287393;9562.92857863113;6.825525014463053;46.58779172306085;0.9554932892548991;11.430906480372897;1.584962500721156;0.010420453077930752;0.0006683056630045412;0.6028491455287748;3.5439921474405134;1;3.883043924967448e-06;0.6798334916432699;319.0;0.8116886341507887;5368300.0;9.0;2022.0;4043.0;0.9903496751805674;0.1764879687859619;0.4242529015272442;0.4094167775811782;991.599773946856;0.8618811281927128;0.5932398804268612;0.6057728036379542;0.8618811281927128;0.8434007002966141;-0.08117593266992325;7.209130681687262;-0.0010894564822661046;-0.012117910517209118;-0.02180656213776133;-0.0010894564822661046;-0.003619850430802818;0.0662954444578947;0.14264925287426633;0.14213776793753796;0.06613404349755903;0.08028812370432603;0.01214249651034375;11.731287385828459;9.986796128816572;11.018321353407421;29188.0;7.6835999118335145;72.2010172006855;9.943664605649225;4.0;9;9.789497170381534
bow;{'analyzer': 'word', 'binary': True, 'decode_error': 'strict', 'dtype': <class 'numpy.int64'>, 'encoding': 'utf-8', 'input': 'content', 'lowercase': True, 'max_df': 0.8, 'max_features': 5000, 'min_df': 1, 'ngram_range': (1, 3), 'preprocessor': None, 'stop_words': None, 'strip_accents': None, 'token_pattern': '(?u)\\b\\w\\w+\\b', 'tokenizer': None, 'vocabulary': None};lr;OrderedDict([('C', 0.32656124444766915), ('max_iter', 101)]);bow;{'analyzer': 'word', 'binary': True, 'decode_error': 'strict', 'dtype': <class 'numpy.int64'>, 'encoding': 'utf-8', 'input': 'content', 'lowercase': True, 'max_df': 0.8, 'max_features': 5000, 'min_df': 1, 'ngram_range': (1, 3), 'preprocessor': None, 'stop_words': None, 'strip_accents': None, 'token_pattern': '(?u)\\b\\w\\w+\\b', 'tokenizer': None, 'vocabulary': None};lr;OrderedDict([('C', 0.34989478622456244), ('max_iter', 100)]);3.5554741379310344;2133.0;13.199406157212064;4.185921907440894e-06;230.0;2476.0;230.0;230.0;1.0;1889.0;1.0;3.0;6399.0;92800.0;4.3103448275862066e-05;0.7941306875487907;0.11058189655172414;10262.0;13.502265979059228;6.97591704736114;12.508985779027974;14.502265979059228;0.5494055739621906;0.0;35.50649061272265;0.04595905172413793;11.0;0.001454741379310345;0.060775862068965514;3.991761651969091;12.515942121141462;305.766250590218;12.516920196563667;156.67329120714345;1.5752536353517255;10.013074251764474;1.584962500721156;0.0180823299195181;0.0008452804963931005;0.9938743879650067;3.3688259372258513;1;3.811518351236979e-06;0.19127329190572104;372.0;0.5958866137857588;1026200.0;9.0;1747.0;3493.0;0.9897568370057821;0.16681825195685013;0.3841644685004039;0.3686234916867843;481.0690988130929;0.46970880866802106;0.4619495532224405;0.4583093284597424;0.46970880866802106;0.46281932489615124;-0.0011311400188691412;9.43008994205853;-0.03031723706829198;-0.03579794313381157;-0.03218586120949185;-0.03031723706829198;-0.030404354977014214;0.06250976715111745;0.06111217527070262;0.06510011266406612;0.04985153930301611;0.06242230853469122;0.007637414643927994;940.0917933937369;4.748876744286516;113.14720736949205;3.0;733.1359175297545;-1795.6665955168519;755.8212722061219;50.0;3;4.28324903716981
bow;{'analyzer': 'word', 'binary': True, 'decode_error': 'strict', 'dtype': <class 'numpy.int64'>, 'encoding': 'utf-8', 'input': 'content', 'lowercase': True, 'max_df': 0.8, 'max_features': 5000, 'min_df': 1, 'ngram_range': (1, 3), 'preprocessor': None, 'stop_words': None, 'strip_accents': None, 'token_pattern': '(?u)\\b\\w\\w+\\b', 'tokenizer': None, 'vocabulary': None};rf;OrderedDict([('max_depth', 50), ('max_features', 'log2'), ('min_samples_leaf', 1), ('min_samples_split', 5), ('n_estimators', 198)]);bow;{'analyzer': 'word', 'binary': True, 'decode_error': 'strict', 'dtype': <class 'numpy.int64'>, 'encoding': 'utf-8', 'input': 'content', 'lowercase': True, 'max_df': 0.8, 'max_features': 5000, 'min_df': 1, 'ngram_range': (1, 3), 'preprocessor': None, 'stop_words': None, 'strip_accents': None, 'token_pattern': '(?u)\\b\\w\\w+\\b', 'tokenizer': None, 'vocabulary': None};rf;OrderedDict([('max_depth', 50), ('max_features', 'sqrt'), ('min_samples_leaf', 2), ('min_samples_split', 5), ('n_estimators', 200)]);3.5129294022180146;667.0;16.354822588705648;0.0;114.0;774.0;114.0;114.0;1.0;591.0;1.0;3.0;2001.0;36970.0;0.0;0.7865082373932054;0.1454152015147417;5376.0;17.47576211894053;6.994750667215651;16.480259870064966;18.47576211894053;0.5572916666666666;0.0;4.602719647037648;0.038030835812821205;14.0;0.00037868542061130644;0.08103868001081958;1.8208127847842648;14.0965308193475;95.35722311393091;14.100054511645844;198.8115372313843;1.5753061045586423;9.723736771893968;1.584962500721156;0.026770657041168804;0.001431407416602908;0.9939074923487968;3.680947813035612;1;3.6954879760742188e-06;0.04181400934855143;160.0;0.4171743252215184;537600.0;9.0;579.0;1157.0;0.9869005497251374;0.16195769060702198;0.41318564378015565;0.3960317018512711;280.47805865006006;0.5075795435615527;0.4956351609496375;0.4949909755454925;0.5075795435615527;0.5003100524975744;0.002466202420518307;10.050193992748603;-0.036981509245377464;-0.03820382047485399;-0.037219271288938205;-0.036981509245377464;-0.03716777208512101;0.06546726636681671;0.040951757882217665;0.0897395198422336;0.07746126936531744;0.08198856547452621;0.00572280078025556;18476.615897484447;4.55309904499094;1852.7912999999999;0.0;14411.779999999999;-37395.21;14785.2;50.0;49;3.1291
bow;{'analyzer': 'word', 'binary': True, 'decode_error': 'strict', 'dtype': <class 'numpy.int64'>, 'encoding': 'utf-8', 'input': 'content', 'lowercase': True, 'max_df': 0.8, 'max_features': 5000, 'min_df': 1, 'ngram_range': (1, 3), 'preprocessor': None, 'stop_words': None, 'strip_accents': None, 'token_pattern': '(?u)\\b\\w\\w+\\b', 'tokenizer': None, 'vocabulary': None};nb;OrderedDict([('alpha', 1.1883205502607523), ('fit_prior', False)]);bow;{'analyzer': 'word', 'binary': True, 'decode_error': 'strict', 'dtype': <class 'numpy.int64'>, 'encoding': 'utf-8', 'input': 'content', 'lowercase': True, 'max_df': 0.8, 'max_features': 5000, 'min_df': 1, 'ngram_range': (1, 3), 'preprocessor': None, 'stop_words': None, 'strip_accents': None, 'token_pattern': '(?u)\\b\\w\\w+\\b', 'tokenizer': None, 'vocabulary': None};lr;OrderedDict([('C', 1.5424723966251834), ('max_iter', 1000)]);3.494179173980012;534.0;15.46816479400749;0.0;341.0;620.0;341.0;341.0;1.0;473.0;1.0;3.0;1602.0;27917.0;3.582046781530967e-05;0.7877282551709218;0.1707919905433965;4768.0;16.426342072409486;6.969236730300078;15.430087390761548;17.426342072409486;0.5616610738255033;0.0;115.29791241376223;0.03771895260952108;13.0;0.000322384210337787;0.0959272128093993;6.872579747764547;15.761641524549551;76.62245101796209;15.766563192592859;248.5845149060239;1.5752363752850584;9.687917648443099;1.584962500721156;0.03696646841970049;0.002052400707958018;0.9938634980753979;3.5999764614026604;1;3.566741943359375e-06;0.025293509165445965;133.0;0.4048150407001277;476800.0;8.0;427.0;853.0;0.9876666666666667;0.16184244990161337;0.4168692307432282;0.39891015507214417;251.97683995887235;0.5751144402829796;0.5640928390790115;0.5618292915611857;0.5751144402829796;0.5664349308009476;0.0130359398893199;9.782185951198604;-0.03745318352059923;-0.03972510455456857;-0.042034658833259186;-0.03745318352059923;-0.03942384924744269;0.10799001248439455;0.13530116611926507;0.11037336817331067;0.1092384519350812;0.13875768807252936;0.005884105940308181;13946.527583909445;4.432111242518726;1403.4153;0.0;10878.38;-28199.309999999998;11161.2;50.0;3;3.1291
tf-idf;{'analyzer': 'word', 'binary': False, 'decode_error': 'strict', 'dtype': <class 'numpy.float64'>, 'encoding': 'utf-8', 'input': 'content', 'lowercase': True, 'max_df': 0.8, 'max_features': 5000, 'min_df': 1, 'ngram_range': (1, 3), 'norm': 'l1', 'preprocessor': None, 'smooth_idf': True, 'stop_words': None, 'strip_accents': None, 'sublinear_tf': False, 'token_pattern': '(?u)\\b\\w\\w+\\b', 'tokenizer': None, 'use_idf': True, 'vocabulary': None};nb;OrderedDict([('alpha', 1.7065800767579105), ('fit_prior', False)]);tf-idf;{'analyzer': 'word', 'binary': False, 'decode_error': 'strict', 'dtype': <class 'numpy.float64'>, 'encoding': 'utf-8', 'input': 'content', 'lowercase': True, 'max_df': 0.8, 'max_features': 5000, 'min_df': 1, 'ngram_range': (1, 3), 'norm': 'l1', 'preprocessor': None, 'smooth_idf': True, 'stop_words': None, 'strip_accents': None, 'sublinear_tf': False, 'token_pattern': '(?u)\\b\\w\\w+\\b', 'tokenizer': None, 'use_idf': True, 'vocabulary': None};nb;OrderedDict([('alpha', 1.027206191887476), ('fit_prior', False)]);4.7911092334413;899.75;10.474020561267018;0.1259541589501075;24.0;1156.0;24.0;24.0;1.0;593.0;1.0;4.0;3599.0;42606.0;0.09616016523494343;0.057975891207440344;0.20346899497723325;8669.0;10.83828841344818;3.8718746545059597;9.839121978327313;11.83828841344818;0.6615526588995271;0.00011535355865728458;-0.8073571976228364;0.24189081350044594;12.0;0.0400413087358588;0.16415528329343285;-0.017860747556350864;4.347501984861064;232.38097311670478;4.348106098250329;18.906026641641702;1.9622435498171031;10.451089468021605;2.0;0.09428068968708936;0.00628300596420314;0.9811217749085516;3.26662876560143;1;3.6605199178059896e-06;0.020252227783203125;90.0;0.46024808321634647;866900.0;8.0;179.0;357.0;0.9927954987496527;0.20572619224748045;0.5076766931027764;0.4908483364968491;397.0849283544331;0.8595062243227382;0.8630207052058942;0.8625471512592925;0.8595062243227382;0.8584386563492442;0.5168283641118222;5.05998261167146;0.007223612269483759;0.009801465381297447;0.007416704924949169;0.007223612269483759;0.006856154554040761;0.23703039570012052;0.24982679532474739;0.2638834507631963;0.25259220646835323;0.26119179527374914;0.038222216854147055;27.221422686457203;13.227356107935666;15.403896261451015;4317.0;24.629094071753695;11.40568355425242;26.61913580599707;33.5;26;21.12283896773083
word2vec;{'hs': 1, 'min_count': 10, 'sg': 0, 'vector_size': 1000, 'window': 7, 'workers': 1};svm;OrderedDict([('C', 1.0208162761937511), ('degree', 2), ('gamma', 0.1049873742901332)]);tf-idf;{'analyzer': 'word', 'binary': False, 'decode_error': 'strict', 'dtype': <class 'numpy.float64'>, 'encoding': 'utf-8', 'input': 'content', 'lowercase': True, 'max_df': 0.8, 'max_features': 5000, 'min_df': 1, 'ngram_range': (1, 1), 'norm': 'l1', 'preprocessor': None, 'smooth_idf': True, 'stop_words': None, 'strip_accents': None, 'sublinear_tf': False, 'token_pattern': '(?u)\\b\\w\\w+\\b', 'tokenizer': None, 'use_idf': True, 'vocabulary': None};nb;OrderedDict([('alpha', 0.07363954893413283), ('fit_prior', False)]);5.904747132767446;879.5555555555555;104.2688226376958;0.37626099029534327;313.0;2185.0;78.25;313.0;4.0;34.0;4.0;9.0;7916.0;1234640.0;0.0007151882330071924;0.025692955757962814;0.027987105553035702;34554.0;154.9676604345629;1.368803838704881;153.9676604345629;155.9676604345629;0.22631243850205476;2.8940209527116978e-05;0.2823993347474345;0.4000242985809629;151.0;0.0005936953281928336;0.006872448648998899;0.45875973661398917;45.47677044336449;642.5723910796182;45.479643174515665;2068.3979432812694;2.81178082043049;10.505969522139006;3.169925001442312;0.017168309144560086;0.004663124744739881;0.8870180900655797;6.408942551035552;1;5.062421162923177e-06;0.9451229572296143;58.0;0.525542339784524;3455400.0;8.0;2269.0;4537.0;0.9264474482061648;0.20224223258871155;0.3566658898919563;0.2998776641917064;505.0791673256962;0.4075263388614674;0.32716233117439875;0.3417931026241328;0.4075263388614674;0.3935304965288762;0.08568384828726791;7.419919091917617;-0.057476052482718976;-0.05388470741301443;-0.06758695235740847;-0.057476052482718976;-0.07167993868353056;0.09069853137982076;0.08927523409497973;0.10326295577714811;0.07907839896546082;0.09478701103216708;0.010790994478550192;17.65400483361916;16.128793188728967;12.7260685348651;17293.0;15.955168760956976;20.827637117753397;18.973892060856663;15.8;15;16.886612132878067
tf-idf;{'analyzer': 'word', 'binary': False, 'decode_error': 'strict', 'dtype': <class 'numpy.float64'>, 'encoding': 'utf-8', 'input': 'content', 'lowercase': True, 'max_df': 1.0, 'max_features': None, 'min_df': 1, 'ngram_range': (1, 1), 'norm': 'l2', 'preprocessor': None, 'smooth_idf': True, 'stop_words': None, 'strip_accents': None, 'sublinear_tf': False, 'token_pattern': '(?u)\\b\\w\\w+\\b', 'tokenizer': None, 'use_idf': True, 'vocabulary': None};lr;OrderedDict([('C', 10.0), ('max_iter', 100)]);tf-idf;{'analyzer': 'word', 'binary': False, 'decode_error': 'strict', 'dtype': <class 'numpy.float64'>, 'encoding': 'utf-8', 'input': 'content', 'lowercase': True, 'max_df': 1.0, 'max_features': None, 'min_df': 1, 'ngram_range': (1, 1), 'norm': 'l2', 'preprocessor': None, 'smooth_idf': True, 'stop_words': None, 'strip_accents': None, 'sublinear_tf': False, 'token_pattern': '(?u)\\b\\w\\w+\\b', 'tokenizer': None, 'use_idf': True, 'vocabulary': None};lr;OrderedDict([('C', 9.912546437550622), ('max_iter', 134)]);4.966758174075247;2647.75;15.226135397979416;0.36837932819970354;33.0;3357.0;33.0;33.0;1.0;2280.0;1.0;4.0;10591.0;170478.0;0.005038773331456258;0.05360858513900049;0.13350109691573106;22759.0;15.096497025776603;5.458660522427299;14.09715796430932;16.096497025776603;0.29276330242980797;0.0;-0.9433138696441699;0.23937399547155644;16.0;0.005384859043395629;0.042410164361383874;-0.09974014690884864;6.596089146965346;485.0548938006914;6.596400569696191;43.512500475888224;1.9826421927914852;11.480330377485352;2.0;0.03106339528470179;0.00145652498279376;0.9913210963957426;3.7669428691923486;1;3.841718037923177e-06;0.24429591496785483;330.0;0.9738344723930894;2275900.0;9.0;1052.0;2103.0;0.9899854593522802;0.16104350874328097;0.36128101228025855;0.3496853419061173;606.6835770125274;0.8450849604300665;0.839682271141798;0.844546391479708;0.8450849604300665;0.8448291964196296;-0.00023866761426929181;9.43699443336453;0.047113853849179765;0.04656699358088756;0.04731783387122812;0.047113853849179765;0.04719346550964998;0.18628390280716145;0.1976019368963201;0.21552327448855713;0.19695327691144593;0.20576906972809605;0.00797450447360927;10.15784021054911;9.842380439247716;9.815686020598339;11438.0;8.398826760589618;64.03746210294727;10.472440608466844;11.8;9;10.873897342769771
tf-idf;{'analyzer': 'word', 'binary': False, 'decode_error': 'strict', 'dtype': <class 'numpy.float64'>, 'encoding': 'utf-8', 'input': 'content', 'lowercase': True, 'max_df': 1.0, 'max_features': None, 'min_df': 1, 'ngram_range': (1, 1), 'norm': 'l2', 'preprocessor': None, 'smooth_idf': True, 'stop_words': None, 'strip_accents': None, 'sublinear_tf': False, 'token_pattern': '(?u)\\b\\w\\w+\\b', 'tokenizer': None, 'use_idf': True, 'vocabulary': None};lr;OrderedDict([('C', 3.444072203976976), ('max_iter', 1000)]);tf-idf;{'analyzer': 'word', 'binary': False, 'decode_error': 'strict', 'dtype': <class 'numpy.float64'>, 'encoding': 'utf-8', 'input': 'content', 'lowercase': True, 'max_df': 1.0, 'max_features': None, 'min_df': 1, 'ngram_range': (1, 1), 'norm': 'l2', 'preprocessor': None, 'smooth_idf': True, 'stop_words': None, 'strip_accents': None, 'sublinear_tf': False, 'token_pattern': '(?u)\\b\\w\\w+\\b', 'tokenizer': None, 'use_idf': True, 'vocabulary': None};svm;OrderedDict([('C', 3.8616645233980376), ('degree', 4), ('gamma', 2.13622392639816)]);128.51860914359304;3882.5;1.0;0.0;1.0;5322.0;1.0;1.0;1.0;2443.0;1.0;2.0;7765.0;7765.0;0.0;0.9731009617397974;1.0;7765.0;0.0;1.9071497589140471;0.0;1.0;1.0;0.0;;0.9990985189954926;1.0;0.0;1.0;;0.0;2035.7604230360703;0.0;0.0;0.8984311530833999;12.922770209274663;1.0;0.026037086053193464;0.0003366967420746088;0.8984311530833999;0.0;1;4.6173731486002605e-06;0.061773459116617836;910.0;0.7893574952166604;776500.0;9.0;1120.0;2239.0;0.9986914359304572;0.15442884230405798;0.3747010530088116;0.23863803530878022;419.5444674128434;0.7373250559325517;0.6186758500921496;0.6231189068763527;0.7373250559325517;0.699946915519678;-0.0032688298933967286;1.9511762662496503;-0.0028333421886157506;0.01908219765164998;0.027625710254935876;-0.0028333421886157506;0.014630415297529953;0.036960009344810474;0.0437559875708734;0.07776746019114644;0.04005060246765879;0.053846281120767836;0.20064889641989717;587.1146407675682;643.8757501609788;19.746121576763485;633.0;1.6621361412658686;94.62334589991801;4.1229893687228305;2.0;1;5.979540891863625
bow;{'analyzer': 'word', 'binary': True, 'decode_error': 'strict', 'dtype': <class 'numpy.int64'>, 'encoding': 'utf-8', 'input': 'content', 'lowercase': True, 'max_df': 0.8, 'max_features': 5000, 'min_df': 1, 'ngram_range': (1, 3), 'preprocessor': None, 'stop_words': None, 'strip_accents': None, 'token_pattern': '(?u)\\b\\w\\w+\\b', 'tokenizer': None, 'vocabulary': None};nb;OrderedDict([('alpha', 2.2870145342106007), ('fit_prior', True)]);tf-idf;{'analyzer': 'word', 'binary': False, 'decode_error': 'strict', 'dtype': <class 'numpy.float64'>, 'encoding': 'utf-8', 'input': 'content', 'lowercase': True, 'max_df': 0.8, 'max_features': 5000, 'min_df': 1, 'ngram_range': (1, 3), 'norm': 'l1', 'preprocessor': None, 'smooth_idf': True, 'stop_words': None, 'strip_accents': None, 'sublinear_tf': False, 'token_pattern': '(?u)\\b\\w\\w+\\b', 'tokenizer': None, 'use_idf': True, 'vocabulary': None};nb;OrderedDict([('alpha', 0.08652706723805004), ('fit_prior', False)]);3.6506407935703424;1142.857142857143;9.629625;0.00070221508448337;86.0;3719.0;86.0;86.0;1.0;234.0;1.0;7.0;8000.0;82866.0;0.00024135351048681003;0.7999837910117685;0.09479159124369464;7855.0;9.35825;0.9443008271992634;8.40975;10.35825;0.5923615531508594;0.0;3.0044734981338674;0.055631984167209714;8.0;0.0013757150097748173;0.05631984167209712;1.3465208360011998;7.707328132206388;1210.268073413411;7.707809885379481;59.41033322915364;2.2421127142677473;9.214074748483101;2.807354922057604;0.05972901731743424;0.0004888389418616927;0.7986566631284469;2.836350121774006;1;3.768603006998698e-06;0.15409167607625326;458.0;0.35798663681939397;785500.0;9.0;2864.0;5727.0;0.995688;0.20583722735207305;0.6879635411738854;0.6148802679662669;660.2434033032417;0.44949988903300064;0.18128723285891243;0.16739311559939554;0.44949988903300064;0.35940701706817313;0.0116938569584195;4.1716376036736165;-0.015500313023512735;-0.0019482025987032914;0.002873978756386647;-0.015500313023512735;-0.004575266830649849;0.016750016150456792;0.022745427278664687;0.03015556123645463;0.0168750005274097;0.02731943509201401;0.04975193823611116;2.1455659035098407;-5.833250428609372;19.986484580870282;291.0;1.3000513915280152;108.47250966644874;5.163273969522757;12.5;1;3.937626508880447
bow;{'analyzer': 'word', 'binary': True, 'decode_error': 'strict', 'dtype': <class 'numpy.int64'>, 'encoding': 'utf-8', 'input': 'content', 'lowercase': True, 'max_df': 0.8, 'max_features': 5000, 'min_df': 1, 'ngram_range': (1, 3), 'preprocessor': None, 'stop_words': None, 'strip_accents': None, 'token_pattern': '(?u)\\b\\w\\w+\\b', 'tokenizer': None, 'vocabulary': None};lr;OrderedDict([('C', 6.6360850776123375), ('max_iter', 731)]);bow;{'analyzer': 'word', 'binary': True, 'decode_error': 'strict', 'dtype': <class 'numpy.int64'>, 'encoding': 'utf-8', 'input': 'content', 'lowercase': True, 'max_df': 0.8, 'max_features': 5000, 'min_df': 1, 'ngram_range': (1, 3), 'preprocessor': None, 'stop_words': None, 'strip_accents': None, 'token_pattern': '(?u)\\b\\w\\w+\\b', 'tokenizer': None, 'vocabulary': None};lr;OrderedDict([('C', 6.6360850776123375), ('max_iter', 731)]);4.724412253621468;157.0;10.464968152866241;0.45269668936866375;16.0;208.0;8.0;16.0;2.0;112.0;2.0;5.0;785.0;8422.0;0.0;0.034782097658197245;0.16516266919971503;1391.0;9.728662420382166;4.603729468756405;8.728662420382166;10.728662420382166;0.5168943206326384;0.0;0.23491013595022237;0.25611493706957966;11.0;0.0;0.08632153882688197;-0.3582792334848471;2.111299625578979;34.10278580995987;2.1126456885946356;4.463271805537502;2.2947933812888346;8.179553434467447;2.321928094887362;0.1219102426267786;0.004829531471524041;0.9883137149430788;3.347285024098586;1;3.5285949707031247e-06;0.012230714162190756;47.0;0.29833454691167005;139100.0;9.0;221.0;441.0;0.9907082802547771;0.1729235886893677;0.537933428269287;0.516011440979014;198.75918411192046;0.6271988405005865;0.6120479420158392;0.6238551331202831;0.6271988405005865;0.6260394496528741;0.055783747180337094;6.742339310244008;-0.0330788804071247;-0.028852736453723882;-0.02540629110958348;-0.0330788804071247;-0.029636786246062807;0.13757519035223698;0.16402918940833838;0.204574873850209;0.15284724050188658;0.17736342175781994;0.01545199305396667;6.193155183944871;7.748397055331278;9.34016106358953;594.0;6.547508656870491;67.25353163059336;8.585706289164918;5.181818181818182;8;9.568072550026907
bow;{'analyzer': 'word', 'binary': True, 'decode_error': 'strict', 'dtype': <class 'numpy.int64'>, 'encoding': 'utf-8', 'input': 'content', 'lowercase': True, 'max_df': 0.8, 'max_features': 5000, 'min_df': 10, 'ngram_range': (1, 3), 'preprocessor': None, 'stop_words': None, 'strip_accents': None, 'token_pattern': '(?u)\\b\\w\\w+\\b', 'tokenizer': None, 'vocabulary': None};rf;OrderedDict([('max_depth', 50), ('max_features', 'sqrt'), ('min_samples_leaf', 1), ('min_samples_split', 5), ('n_estimators', 196)]);tf-idf;{'analyzer': 'word', 'binary': False, 'decode_error': 'strict', 'dtype': <class 'numpy.float64'>, 'encoding': 'utf-8', 'input': 'content', 'lowercase': True, 'max_df': 0.8, 'max_features': 5000, 'min_df': 1, 'ngram_range': (1, 3), 'norm': 'l1', 'preprocessor': None, 'smooth_idf': True, 'stop_words': None, 'strip_accents': None, 'sublinear_tf': False, 'token_pattern': '(?u)\\b\\w\\w+\\b', 'tokenizer': None, 'use_idf': True, 'vocabulary': None};svm;OrderedDict([('C', 10.0), ('degree', 2), ('gamma', 4.802911712232461)]);5.026879556905797;1997.0;115.24386579869805;0.04734172843078572;5880.0;1998.0;840.0;5880.0;7.0;1996.0;7.0;2.0;3994.0;777803.0;0.0013345281517299367;0.09310802336867435;0.11588281351447603;90134.0;193.74286429644468;1412.0922420295353;192.74286429644468;194.74286429644468;0.6382275279029002;2.2189184991235272e-05;93.20515962602757;0.29164582805671874;119.0;0.010434518766320006;0.07826789045555237;6.973310906875365;250.04131502461144;1.4142135623730951;250.07262302135652;62536.31678478149;0.9999998191208821;11.248190598264415;1.0;0.020978223211072962;0.005558781676109103;0.9999998191208821;6.184332211066188;1;4.952748616536458e-06;0.13314048449198404;38.0;0.7216559099061733;9013400.0;3.0;294.0;587.0;0.942665498247371;0.23460546019334866;0.444687513284517;0.36272893707570936;377.1265725427359;0.7701451764812647;0.7701364271539709;0.7693219336566908;0.7701451764812647;0.7693223575851907;0.20653850162298737;6.127514745895033;0.020276662838646264;0.02028344133607285;0.020250191307284005;0.020276662838646264;0.020248312194927176;0.128174380240496;0.13815281446860395;0.14373432379160211;0.12366555135150181;0.1271949439258403;0.02310719389894584;13.177090174283002;11.23486465097455;19.698719767204736;53906.0;10.639202290655113;57.721575945512015;13.515233667368173;21.333333333333332;10;12.357083498881071
tf-idf;{'analyzer': 'word', 'binary': False, 'decode_error': 'strict', 'dtype': <class 'numpy.float64'>, 'encoding': 'utf-8', 'input': 'content', 'lowercase': True, 'max_df': 1.0, 'max_features': None, 'min_df': 1, 'ngram_range': (1, 1), 'norm': 'l2', 'preprocessor': None, 'smooth_idf': True, 'stop_words': None, 'strip_accents': None, 'sublinear_tf': False, 'token_pattern': '(?u)\\b\\w\\w+\\b', 'tokenizer': None, 'use_idf': True, 'vocabulary': None};nb;OrderedDict([('alpha', 0.9657665373280458), ('fit_prior', False)]);bow;{'analyzer': 'word', 'binary': True, 'decode_error': 'strict', 'dtype': <class 'numpy.int64'>, 'encoding': 'utf-8', 'input': 'content', 'lowercase': True, 'max_df': 0.8, 'max_features': 5000, 'min_df': 1, 'ngram_range': (1, 3), 'preprocessor': None, 'stop_words': None, 'strip_accents': None, 'token_pattern': '(?u)\\b\\w\\w+\\b', 'tokenizer': None, 'vocabulary': None};nb;OrderedDict([('alpha', 0.006154985294379204), ('fit_prior', True)]);6.713373313343328;3960.0;16.25719696969697;0.21329040141339267;55.0;5894.0;55.0;55.0;1.0;2026.0;1.0;2.0;7920.0;133400.0;0.014010494752623687;0.10503675093750273;0.22913793103448277;30567.0;15.843434343434344;1.4478504930189908;14.843560606060606;16.843434343434343;0.7364150881669774;0.0;3.8741487872002924;0.34805097451274364;15.0;0.007563718140929535;0.1912143928035982;1.7201043655046704;5.48954307340603;2735.0890296295656;5.4898896682905765;30.138888570003612;0.8203545955614211;12.14969255806443;1.0;0.022456160582277243;0.0019294089133347647;0.8203545955614211;3.9571427680641613;1;3.941853841145833e-06;0.1472783088684082;140.0;0.781322273604711;3056700.0;8.0;686.0;1371.0;0.9876621212121212;0.18843316730606924;0.419203123124908;0.40252844694703527;552.6031674407031;0.8741161616161617;0.8398406008948863;0.8358333299514071;0.8741161616161617;0.8745245633847086;-0.08338690887066154;6.372010955700376;-0.008585858585858475;0.00038729034917805993;-0.007668969832631767;-0.008585858585858475;-0.007225342831549186;0.07979797979797976;0.14378470314868463;0.10747994147866835;0.08257575757575752;0.08628748158230537;0.012997457512192206;16.027950433890354;16.876914878828604;11.800401108381537;17600.0;9.513231268300927;47.653604643382465;10.361486888848601;4.909090909090909;9;10.90977760475779
bow;{'analyzer': 'word', 'binary': True, 'decode_error': 'strict', 'dtype': <class 'numpy.int64'>, 'encoding': 'utf-8', 'input': 'content', 'lowercase': True, 'max_df': 0.8, 'max_features': 5000, 'min_df': 1, 'ngram_range': (1, 3), 'preprocessor': None, 'stop_words': None, 'strip_accents': None, 'token_pattern': '(?u)\\b\\w\\w+\\b', 'tokenizer': None, 'vocabulary': None};nb;OrderedDict([('alpha', 5.544760758656075), ('fit_prior', False)]);bow;{'analyzer': 'word', 'binary': True, 'decode_error': 'strict', 'dtype': <class 'numpy.int64'>, 'encoding': 'utf-8', 'input': 'content', 'lowercase': True, 'max_df': 0.8, 'max_features': 5000, 'min_df': 1, 'ngram_range': (1, 3), 'preprocessor': None, 'stop_words': None, 'strip_accents': None, 'token_pattern': '(?u)\\b\\w\\w+\\b', 'tokenizer': None, 'vocabulary': None};nb;OrderedDict([('alpha', 6.6360850776123375), ('fit_prior', False)]);4.405183420096727;1881.0;70.89580010632642;0.46505503017293437;234.0;1881.0;234.0;234.0;1.0;1881.0;1.0;5.0;9405.0;920319.0;0.005947937617282703;0.024438406207822817;0.04090864146018935;37649.0;96.8542264752791;0.0;95.85433280170122;97.8542264752791;0.5908523466758745;2.65611304417116e-05;-1.5032312869732467;0.17591726347060097;96.0;0.0063869158411376924;0.02703301789922842;-0.019760674201634465;41.82689974419973;0.0;41.82912357383919;1749.6755789555093;2.321928094887362;9.951983248272297;2.321928094887362;0.014371719606937318;0.0031177540441758643;1.0;5.8727179028326;1;4.57763671875e-06;0.9031579494476318;43.0;0.6626124774785838;3764900.0;2.0;2486.0;4971.0;0.9442140350877193;0.21784562574505936;0.34312519837975763;0.28650273240028057;530.5860087007131;0.4562112351586036;0.4562112351586036;0.4546643261889663;0.4562112351586036;0.4546643261889663;0.04729551598345723;7.996913620383945;-0.02424242424242412;-0.024242424242424343;-0.03295676525934094;-0.02424242424242412;-0.03295676525934105;0.11132376395534288;0.10239234449760765;0.11417384225193006;0.11047315257841561;0.10986425590647725;0.0011048583500200277;7.553967181805486;7.363477399006889;8.077301915333262;14404.0;7.414715846846313;71.23960047799874;9.45623454869801;6.5;6;9.845975672146238
bow;{'analyzer': 'word', 'binary': False, 'decode_error': 'strict', 'dtype': <class 'numpy.int64'>, 'encoding': 'utf-8', 'input': 'content', 'lowercase': True, 'max_df': 0.8, 'max_features': 5000, 'min_df': 1, 'ngram_range': (1, 3), 'preprocessor': None, 'stop_words': None, 'strip_accents': None, 'token_pattern': '(?u)\\b\\w\\w+\\b', 'tokenizer': None, 'vocabulary': None};lr;OrderedDict([('C', 7.379863917810966), ('max_iter', 102)]);bow;{'analyzer': 'word', 'binary': False, 'decode_error': 'strict', 'dtype': <class 'numpy.int64'>, 'encoding': 'utf-8', 'input': 'content', 'lowercase': True, 'max_df': 0.8, 'max_features': 5000, 'min_df': 1, 'ngram_range': (1, 3), 'preprocessor': None, 'stop_words': None, 'strip_accents': None, 'token_pattern': '(?u)\\b\\w\\w+\\b', 'tokenizer': None, 'vocabulary': None};lr;OrderedDict([('C', 7.025841852291592), ('max_iter', 100)]);5.6607051146491045;496.3;6.299818658069716;0.016382599590840628;16.0;1277.0;16.0;16.0;1.0;99.0;1.0;10.0;4963.0;32848.0;0.10353750608865075;0.08466485381348009;0.15370798830979054;5049.0;5.6202;1.2665321149458786;4.621196856739875;6.618577473302438;0.5276292335115864;0.00019805902158843335;-0.7464580911920891;0.3161227471992207;6.0;0.007062834875791525;0.08913784705309304;0.40209010908500725;3.016141916528638;391.8574145442872;3.016445825231765;9.098945416558145;2.943417883999269;9.788690673781973;3.321928094887362;0.12441243194824672;0.005494258273063197;0.8860570728575847;2.4875937430973027;1;3.6811828613281245e-06;0.07995390892028809;130.0;0.4926277393394246;504900.0;8.0;297.0;593.0;0.9946745919806569;0.16825009531239074;0.48248869097204267;0.4727614346544756;473.0810853664155;0.9319623905021568;0.8826568329715939;0.9019160925154907;0.9319623905021568;0.9298562680653523;0.1424117243739488;4.955979788882084;0.0028213211951618744;0.016793844732674756;0.0059329619607080275;0.0028213211951618744;0.0031176496167790724;0.21841572994029557;0.24306996357526456;0.2342727975697395;0.21962723343939627;0.22055044126829237;0.03527139814018021;127.95919381727;17.323171717171714;26.447231986531982;2761.0;99.3196228956229;-179.82906060606058;102.94410774410777;64.0;63;34.53954586736675
bow;{'analyzer': 'word', 'binary': True, 'decode_error': 'strict', 'dtype': <class 'numpy.int64'>, 'encoding': 'utf-8', 'input': 'content', 'lowercase': True, 'max_df': 0.8, 'max_features': 5000, 'min_df': 10, 'ngram_range': (1, 3), 'preprocessor': None, 'stop_words': None, 'strip_accents': None, 'token_pattern': '(?u)\\b\\w\\w+\\b', 'tokenizer': None, 'vocabulary': None};lr;OrderedDict([('C', 1.3214977674726243), ('max_iter', 1000)]);bow;{'analyzer': 'word', 'binary': True, 'decode_error': 'strict', 'dtype': <class 'numpy.int64'>, 'encoding': 'utf-8', 'input': 'content', 'lowercase': True, 'max_df': 0.8, 'max_features': 5000, 'min_df': 10, 'ngram_range': (1, 3), 'preprocessor': None, 'stop_words': None, 'strip_accents': None, 'token_pattern': '(?u)\\b\\w\\w+\\b', 'tokenizer': None, 'vocabulary': None};lr;OrderedDict([('C', 0.8632012725909878), ('max_iter', 945)]);5.534103219009948;496.3;35.460004029820674;0.20661051021078902;253.0;1277.0;253.0;253.0;1.0;99.0;1.0;10.0;4963.0;200545.0;0.017951083298012916;0.05190536799082803;0.08321823032237154;16689.0;39.2484;1.2665321149458786;38.40942978037477;40.40801934313923;0.4600635148900473;0.0;12.16928660213585;0.3245406267919918;37.0;0.005056221795606971;0.043037722206985964;2.484851452591646;24.332171211783322;391.8574145442872;24.334622939454594;592.1738736054298;2.943417883999269;10.897255392453122;3.321928094887362;0.0928233682110814;0.013765278771251967;0.8860570728575847;4.911815157852799;1;4.169146219889323e-06;0.24915703137715658;101.0;0.5017891737348302;1668900.0;7.0;467.0;933.0;0.9721432601249245;0.21253853536926076;0.4812971805844961;0.45117431349917214;456.74289231612147;0.8752106340514191;0.8057857905704798;0.8253343122936747;0.8752106340514191;0.8723320442821656;0.10585422742892127;4.64781676299088;-0.002013611605300003;0.006849390251427945;0.003331477425615903;-0.002013611605300003;-0.001905309320489268;0.21458723762833176;0.2456813181267108;0.22966337392195801;0.22264667667627436;0.2231663795346286;0.03424431127021624;10.629468675489782;12.586928468409198;11.990047705761448;8339.0;7.911334151344047;59.69367008710094;9.97692669707616;10.833333333333334;9;10.427405860598466
bow;{'analyzer': 'word', 'binary': True, 'decode_error': 'strict', 'dtype': <class 'numpy.int64'>, 'encoding': 'utf-8', 'input': 'content', 'lowercase': True, 'max_df': 0.8, 'max_features': 5000, 'min_df': 10, 'ngram_range': (1, 3), 'preprocessor': None, 'stop_words': None, 'strip_accents': None, 'token_pattern': '(?u)\\b\\w\\w+\\b', 'tokenizer': None, 'vocabulary': None};nb;OrderedDict([('alpha', 2.9520179116567187), ('fit_prior', True)]);tf-idf;{'analyzer': 'word', 'binary': False, 'decode_error': 'strict', 'dtype': <class 'numpy.float64'>, 'encoding': 'utf-8', 'input': 'content', 'lowercase': True, 'max_df': 0.8, 'max_features': 5000, 'min_df': 10, 'ngram_range': (1, 3), 'norm': 'l1', 'preprocessor': None, 'smooth_idf': True, 'stop_words': None, 'strip_accents': None, 'sublinear_tf': False, 'token_pattern': '(?u)\\b\\w\\w+\\b', 'tokenizer': None, 'use_idf': True, 'vocabulary': None};nb;OrderedDict([('alpha', 0.044295618163477775), ('fit_prior', False)]);4.584785733447043;996.2;38.18329652680185;0.3760747302745081;964.0;3832.0;964.0;964.0;1.0;1.0;1.0;10.0;9955.0;499480.0;0.008939296868743493;0.030939912093163546;0.06365820453271402;31796.0;48.9518;0.7640517303908287;48.19162818711102;50.13852640032122;0.6139451503333753;0.0;34.39837991362559;0.19513694242011692;34.0;0.004566749419396172;0.04551733803155281;4.565109469724453;60.77327677361164;1303.8384187552622;60.77632725807954;3693.7619549811825;2.2082090010112294;10.402617065184769;3.321928094887362;0.021631790351692385;0.0030680075485895204;0.6647371459995747;4.485198186254392;1;4.134178161621094e-06;0.8623503049214681;115.0;0.4665723963548795;3179600.0;2.0;2405.0;4809.0;0.9707114033326641;0.21062652392699782;0.44801077042113663;0.40608077090711764;616.8961328391814;0.5717727680772271;0.24590949272679904;0.23439815644382175;0.5717727680772271;0.5429201031333766;0.03597668394450413;3.0571974910401414;-0.031318559392644274;-0.02862995994033138;-0.03634907062054807;-0.031318559392644274;-0.04858907840655735;0.10770991221737303;0.06063480098807897;0.06211636660515102;0.10509947045030466;0.12045945627779692;-0.01813693374327077;6.232354877261052;7.675304745165533;8.666923543864376;14249.0;5.971891333439395;73.86270311220089;8.010097368125834;3.1333333333333337;8;9.105274918807845
bow;{'analyzer': 'word', 'binary': True, 'decode_error': 'strict', 'dtype': <class 'numpy.int64'>, 'encoding': 'utf-8', 'input': 'content', 'lowercase': True, 'max_df': 0.8, 'max_features': 5000, 'min_df': 1, 'ngram_range': (1, 2), 'preprocessor': None, 'stop_words': None, 'strip_accents': None, 'token_pattern': '(?u)\\b\\w\\w+\\b', 'tokenizer': None, 'vocabulary': None};svm;OrderedDict([('C', 2.6582078762788393), ('degree', 2), ('gamma', 0.031699640014372484)]);bow;{'analyzer': 'word', 'binary': True, 'decode_error': 'strict', 'dtype': <class 'numpy.int64'>, 'encoding': 'utf-8', 'input': 'content', 'lowercase': True, 'max_df': 0.8, 'max_features': 5000, 'min_df': 1, 'ngram_range': (1, 2), 'preprocessor': None, 'stop_words': None, 'strip_accents': None, 'token_pattern': '(?u)\\b\\w\\w+\\b', 'tokenizer': None, 'vocabulary': None};svm;OrderedDict([('C', 10.0), ('degree', 2), ('gamma', 0.013098715255384821)]);7.196072901759408;4827.5;23.117244950802693;0.15885426234721048;60.0;8512.0;60.0;60.0;1.0;1143.0;1.0;2.0;9655.0;237580.0;0.01081740887280074;0.22477720194891257;0.21804023907736342;51802.0;23.606939409632314;0.926464374047512;22.607457276022785;24.606939409632314;0.7081579861781399;0.0;-0.39473549294331534;0.430267699301288;23.0;0.015114908662345316;0.16352386564525634;0.3673656277522665;10.332220147707329;5210.669870563669;10.33275526023055;106.76583126782211;0.5246985588959853;12.556550178032252;1.0;0.011165757517025966;0.000971780422216647;0.5246985588959853;4.3803458270610465;1;3.960927327473958e-06;0.2136845588684082;71.0;0.6988154648225188;5180200.0;9.0;677.0;1353.0;0.9847054375970999;0.20266215749258062;0.4135088600517115;0.39330659313110666;596.558095534577;0.8463007702415345;0.5948463278992276;0.5936599798534662;0.8463007702415345;0.8370910783006486;-0.014525083355936082;6.758798776174998;-0.00507539107226207;-0.06536534053966758;-0.1063116977330581;-0.00507539107226207;-0.026505135209847208;0.007250075990566041;0.04981179277154835;0.0773213137290456;0.009736413939067101;0.020233016278052407;0.022773686927640417;19.133960503629723;17.956808927892407;15.464743423540568;21892.0;10.753617015049262;41.726186084395835;14.685017510162115;8125;14;13.37393256000929
bow;{'analyzer': 'word', 'binary': True, 'decode_error': 'strict', 'dtype': <class 'numpy.int64'>, 'encoding': 'utf-8', 'input': 'content', 'lowercase': True, 'max_df': 0.8, 'max_features': 5000, 'min_df': 10, 'ngram_range': (1, 3), 'preprocessor': None, 'stop_words': None, 'strip_accents': None, 'token_pattern': '(?u)\\b\\w\\w+\\b', 'tokenizer': None, 'vocabulary': None};lr;OrderedDict([('C', 0.272178325897663), ('max_iter', 100)]);tf-idf;{'analyzer': 'word', 'binary': False, 'decode_error': 'strict', 'dtype': <class 'numpy.float64'>, 'encoding': 'utf-8', 'input': 'content', 'lowercase': True, 'max_df': 0.8, 'max_features': 5000, 'min_df': 1, 'ngram_range': (1, 3), 'norm': 'l1', 'preprocessor': None, 'smooth_idf': True, 'stop_words': None, 'strip_accents': None, 'sublinear_tf': False, 'token_pattern': '(?u)\\b\\w\\w+\\b', 'tokenizer': None, 'use_idf': True, 'vocabulary': None};nb;OrderedDict([('alpha', 0.308502598567478), ('fit_prior', False)]);4.592735474138093;3333.3333333333335;21458;0.3121924429956446;706.0;5241.0;706.0;706.0;1.0;1977.0;1.0;3.0;9999.0;266473.0;0.00969328975168216;0.03448081985514044;0.1030198181429263;27452.0;25.6473;1.960309442755286;24.7119;26.6473;0.6525207635144981;0.0;48.42481370846857;0.20004653379516874;14.0;0.010473856638383626;0.07785404149763767;5.6348285251354975;45.39432015913445;1700.4118128657344;45.396590045385295;2060.850387748775;1.4643536337525025;10.75089686543245;1.584962500721156;0.01154316204756648;0.001027990540125279;0.9239042772849347;3.4848857595547007;1;3.948211669921875e-06;0.31159814198811847;273.0;0.5728973884002855;2745200.0;8.0;1927.0;3853.0;0.9840934;0.208890832719671;0.5164961048208748;0.4832356433581586;661.0255314095538;0.6728330401526456;0.5751973376683441;0.569845543992344;0.6728330401526456;0.6496982119241282;-0.009883195669827203;5.757914151020089;0.000599850026994142;-0.0024980746298549628;-0.006132722118324829;0.000599850026994142;-0.0045214783256888325;0.09330021184481985;0.10715629855117881;0.10273137496245965;0.08919989179481846;0.09608187976842375;0.023435823937831626;6.942725090827132;7.860604839476135;9.411762202564189;12475.0;6.823903496876824;70.15131173552736;9.273001432770213;5.555555555555555;6;9.982340768595593
bow;{'analyzer': 'word', 'binary': True, 'decode_error': 'strict', 'dtype': <class 'numpy.int64'>, 'encoding': 'utf-8', 'input': 'content', 'lowercase': True, 'max_df': 0.8, 'max_features': 5000, 'min_df': 1, 'ngram_range': (1, 3), 'preprocessor': None, 'stop_words': None, 'strip_accents': None, 'token_pattern': '(?u)\\b\\w\\w+\\b', 'tokenizer': None, 'vocabulary': None};nb;OrderedDict([('alpha', 3.4734196505997637), ('fit_prior', True)]);bow;{'analyzer': 'word', 'binary': True, 'decode_error': 'strict', 'dtype': <class 'numpy.int64'>, 'encoding': 'utf-8', 'input': 'content', 'lowercase': True, 'max_df': 0.8, 'max_features': 5000, 'min_df': 1, 'ngram_range': (1, 3), 'preprocessor': None, 'stop_words': None, 'strip_accents': None, 'token_pattern': '(?u)\\b\\w\\w+\\b', 'tokenizer': None, 'vocabulary': None};nb;OrderedDict([('alpha', 0.8632012725909878), ('fit_prior', False)]);4.593668092202547;16666.666666666668;21.33066;0.3124803005483338;1103.0;26180.0;1103.0;1103.0;1.0;9655.0;1.0;3.0;49997.0;1328857.0;0.00934713065438945;0.03470753723996959;0.059875517079715876;79566.0;25.57714;1.9511848949303403;24.64378;26.57714;0.6492220295100922;0.0;68.30502095835803;0.20052571495653784;14.0;0.010409697958471078;0.04494163028828534;6.440141164910561;47.620990008822794;8541.818210037798;47.62146622586615;2267.80404550131;1.4623983799596352;10.931279962240083;1.584962500721156;0.00959804143708109;0.0008918297984165624;0.9226706494912312;3.466868161165532;1;4.324913024902344e-06;3.464554707209269;476.0;0.7333479907299132;7956600.0;8.0;8814.0;17627.0;0.98422322;0.20821037238418022;0.5096499063426608;0.4775398280758955;1468.8718487267581;0.6892266310840031;0.5929357565352597;0.5884650538313397;0.6892266310840031;0.6677385650418546;-0.022720462322656686;5.506656676342716;0.007419982405584169;0.007680632133612586;0.008237456004985044;0.007419982405584169;0.005870350585097328;0.0837400244674813;0.10116582690728748;0.10386225400774152;0.08504005006903337;0.09977362684669022;0.021303562714661977;6.880675885069728;7.833085448308083;9.402118049636876;36616.0;6.780261626829645;70.22752241656272;9.22937954795749;20.333333333333332;6;9.95176213348627
tf-idf;{'analyzer': 'word', 'binary': False, 'decode_error': 'strict', 'dtype': <class 'numpy.float64'>, 'encoding': 'utf-8', 'input': 'content', 'lowercase': True, 'max_df': 1.0, 'max_features': None, 'min_df': 1, 'ngram_range': (1, 1), 'norm': 'l2', 'preprocessor': None, 'smooth_idf': True, 'stop_words': None, 'strip_accents': None, 'sublinear_tf': False, 'token_pattern': '(?u)\\b\\w\\w+\\b', 'tokenizer': None, 'use_idf': True, 'vocabulary': None};nb;OrderedDict([('alpha', 0.07839708755483521), ('fit_prior', False)]);tf-idf;{'analyzer': 'word', 'binary': False, 'decode_error': 'strict', 'dtype': <class 'numpy.float64'>, 'encoding': 'utf-8', 'input': 'content', 'lowercase': True, 'max_df': 1.0, 'max_features': None, 'min_df': 1, 'ngram_range': (1, 1), 'norm': 'l2', 'preprocessor': None, 'smooth_idf': True, 'stop_words': None, 'strip_accents': None, 'sublinear_tf': False, 'token_pattern': '(?u)\\b\\w\\w+\\b', 'tokenizer': None, 'use_idf': True, 'vocabulary': None};nb;OrderedDict([('alpha', 0.048852846782451866), ('fit_prior', False)]);4.260751393380582;217.6818181818182;23.82856546251827;0.0019495731870110855;2826.0;614.0;0.0;2826.0;0.0;29.0;0.0;22.0;4743.0;145330.0;0.016066882267941927;0.7727757243950493;0.15003784490469965;21805.0;29.347880559615785;1.3155661664381517;28.36124451868866;30.346627688452703;0.5636780554918597;0.0;1000.4018560661409;0.12431019060070185;26.0;0.017311608961303463;0.08504782219775683;30.324364095592927;75.02366105232485;165.4662636780816;75.03149519436599;5629.725271102166;4.072585442893511;11.365050790143286;4.459431618637297;0.1327710887340233;0.011363401539797252;0.9132521341672691;4.231822389506094;0.0010000000000000002;4.547437032063802e-06;0.3077739079793294;183.0;0.41491229164543036;2180500.0;9.0;1296.0;2591.0;0.9856598454792233;0.19421806020859678;0.4113162136319454;0.3940707737691536;420.4686450667737;0.6285198315485366;0.4690594997671936;0.4881431312434499;0.6285198315485366;0.6120639568990746;0.029460164965281734;2.2195295627875016;-0.013991485706543627;0.01882310041965085;0.010408280079546417;-0.013991485706543627;-0.008749580904648724;0.16725661471566633;0.1495070783138629;0.15464794370149254;0.17185221977925413;0.16936000494268855;-0.006761050278787617;16.678833788988875;7.7357197568602665;21.131142433156278;795.0;10.447748702754911;84.42220524293307;14.541617303718631;12.5;9;4.943855071231332
word2vec;{'hs': 1, 'min_count': 10, 'sg': 0, 'vector_size': 100, 'window': 7, 'workers': 1};rf;OrderedDict([('max_depth', 24), ('max_features', 'sqrt'), ('min_samples_leaf', 2), ('min_samples_split', 2), ('n_estimators', 200)]);word2vec;{'hs': 1, 'min_count': 10, 'sg': 0, 'vector_size': 100, 'window': 7, 'workers': 1};rf;OrderedDict([('max_depth', 50), ('max_features', 'sqrt'), ('min_samples_leaf', 1), ('min_samples_split', 5), ('n_estimators', 200)]);4.362036808161615;3149.2;27.934014987933445;0.42313465489719304;391.0;5042.0;391.0;391.0;1.0;2462.0;1.0;5.0;15746.0;534012.0;0.0032995513209440985;0.03572706462567575;0.04161891493075062;22225.0;32.91413692366315;2.937782178346921;31.94252508573606;33.91413692366315;0.29385826771653545;0.0;5.786111170932859;0.17823944031220273;26.0;0.0045635678598982795;0.01387234743788529;1.4692725442927044;28.57052650820824;1071.965111372567;28.571433782672454;816.3268283976369;2.2621703367219195;10.016248441517002;2.321928094887362;0.01311978139625617;0.0012372501354313452;0.9742637343951249;4.200852684900293;1;4.4043858846028644e-06;0.8015417257944742;214.0;0.740497472263208;2222500.0;9.0;3362.0;6723.0;0.9775958338625683;0.1836417779382385;0.4060575560284893;0.37501040554932835;763.7920612091846;0.4270711762235264;0.3818163325333672;0.3730860168599927;0.4270711762235264;0.3971130826877531;0.009450564533760615;7.706170614851866;-0.008002637358722586;-0.0350663269660883;-0.04556165715585847;-0.008002637358722586;-0.036087818377656955;0.06922421682720825;0.09004930449580978;0.082551334933402;0.0779246860029088;0.08478655266863261;0.010321804557501615;6.382083501890648;6.651353982117609;8.64683703396021;8872.0;6.57825055716383;73.78605617096795;8.725453848437917;6.75;6;9.626125421989038
bow;{'analyzer': 'word', 'binary': True, 'decode_error': 'strict', 'dtype': <class 'numpy.int64'>, 'encoding': 'utf-8', 'input': 'content', 'lowercase': True, 'max_df': 0.8, 'max_features': 5000, 'min_df': 1, 'ngram_range': (1, 3), 'preprocessor': None, 'stop_words': None, 'strip_accents': None, 'token_pattern': '(?u)\\b\\w\\w+\\b', 'tokenizer': None, 'vocabulary': None};lr;OrderedDict([('C', 10.0), ('max_iter', 999)]);bow;{'analyzer': 'word', 'binary': True, 'decode_error': 'strict', 'dtype': <class 'numpy.int64'>, 'encoding': 'utf-8', 'input': 'content', 'lowercase': True, 'max_df': 0.8, 'max_features': 5000, 'min_df': 1, 'ngram_range': (1, 3), 'preprocessor': None, 'stop_words': None, 'strip_accents': None, 'token_pattern': '(?u)\\b\\w\\w+\\b', 'tokenizer': None, 'vocabulary': None};lr;OrderedDict([('C', 10.0), ('max_iter', 1000)]);5.0610652628696755;24997.5;19.492499249924993;0.3559099529364496;96.0;50000.0;96.0;96.0;1.0;15990.0;1.0;4.0;99990.0;2132882.0;0.004292783191944045;0.05780188878931608;0.11447093650750487;244153.0;20.330953095309532;1.4990885889042933;19.330993099309932;21.330953095309532;0.7577420715698763;0.0;-0.22954229545640592;0.22528625587350823;17.0;0.00520094407473081;0.09543565935668265;0.8634991311858777;13.461560175623639;16675.13193351105;13.461627490660884;181.21541469731687;1.792105515914961;12.317148276299454;2.0;0.03216463297414152;0.0030532421327836763;0.8960527579574805;4.0046451153476115;1;5.040168762207031e-06;3.577688296635946;472.0;1.451345141270041;24415300.0;5.0;944.0;1887.0;0.9869496249624963;0.18104271926258708;0.3834281180283448;0.3672324950674489;1893.6839326490642;0.9738973897389739;0.9654720687947056;0.9703012084755948;0.9738973897389739;0.9736346638627035;0.09806295766556504;7.435075410977198;0.0025402540254025885;0.0037616663809494355;0.0028506806576968913;0.0025402540254025885;0.002549227964354306;0.18058805880588047;0.21154933908782336;0.20456441813727233;0.18093809380938097;0.18194829122686407;0.013496337253634975;10.338692507473155;10.348664423879214;10.214787229793586;147986.0;8.440338131714142;62.80179708678267;10.694140587425649;12.6;10;11.024332384093176
tf-idf;{'analyzer': 'word', 'binary': False, 'decode_error': 'strict', 'dtype': <class 'numpy.float64'>, 'encoding': 'utf-8', 'input': 'content', 'lowercase': True, 'max_df': 0.8, 'max_features': 5000, 'min_df': 1, 'ngram_range': (1, 1), 'norm': 'l1', 'preprocessor': None, 'smooth_idf': True, 'stop_words': None, 'strip_accents': None, 'sublinear_tf': False, 'token_pattern': '(?u)\\b\\w\\w+\\b', 'tokenizer': None, 'use_idf': True, 'vocabulary': None};rf;OrderedDict([('max_depth', 50), ('max_features', 'sqrt'), ('min_samples_leaf', 1), ('min_samples_split', 3), ('n_estimators', 190)]);tf-idf;{'analyzer': 'word', 'binary': False, 'decode_error': 'strict', 'dtype': <class 'numpy.float64'>, 'encoding': 'utf-8', 'input': 'content', 'lowercase': True, 'max_df': 0.8, 'max_features': 5000, 'min_df': 1, 'ngram_range': (1, 1), 'norm': 'l1', 'preprocessor': None, 'smooth_idf': True, 'stop_words': None, 'strip_accents': None, 'sublinear_tf': False, 'token_pattern': '(?u)\\b\\w\\w+\\b', 'tokenizer': None, 'use_idf': True, 'vocabulary': None};svm;OrderedDict([('C', 4.466399387591546), ('degree', 4), ('gamma', 10.0)]);4.907113515033249;2493.0;310.2946249498596;0.3955303648191251;17121.0;2972.0;4280.25;17121.0;4.0;2014.0;4.0;2.0;4986.0;3300717.0;0.003726463068478758;0.037347062231281335;0.057464787196236454;189675.0;660.996991576414;3.680202934233952;659.996991576414;661.996991576414;0.571651509160406;0.0;58.7963853669703;0.2458184085457796;358.0;0.00906651494205653;0.036891075484508366;6.741941566397905;1315.056697988327;677.4082963767125;1315.1885927479975;1729721.0344944582;0.9732036909639492;11.964811301267769;1.0;0.0019387325963766027;0.0009365289785317574;0.9732036909639492;7.230054685504766;1;5.7411193847656254e-06;0.6803534030914307;82.0;0.6746545635725325;18967500.0;2.0;523.0;1045.0;0.859996991576414;0.2536743520767242;0.4550817553600396;0.3299470137577894;405.4460759661765;0.7228239069394303;0.6935987502629976;0.6971942600530445;0.7228239069394303;0.7135612249848191;0.014939634630040355;6.708641378296356;0.006819093461692849;-0.0013233530109802993;-0.0006723336937994873;0.006819093461692849;0.001577322357424582;0.05776173285198549;0.07523468354797658;0.07305453287217278;0.0671881267549137;0.06377318203619853;0.040769199358524286;11.246397698187799;10.018592110124803;10.332392594765693;83054.0;9.901327490143107;58.1436758031648;12.053126141382904;11.8;9;11.984177261322614
tf-idf;{'analyzer': 'word', 'binary': False, 'decode_error': 'strict', 'dtype': <class 'numpy.float64'>, 'encoding': 'utf-8', 'input': 'content', 'lowercase': True, 'max_df': 0.8, 'max_features': 5000, 'min_df': 1, 'ngram_range': (1, 3), 'norm': 'l1', 'preprocessor': None, 'smooth_idf': True, 'stop_words': None, 'strip_accents': None, 'sublinear_tf': False, 'token_pattern': '(?u)\\b\\w\\w+\\b', 'tokenizer': None, 'use_idf': True, 'vocabulary': None};svm;OrderedDict([('C', 3.5529724637299758), ('degree', 4), ('gamma', 8.523652859137666)]);tf-idf;{'analyzer': 'word', 'binary': False, 'decode_error': 'strict', 'dtype': <class 'numpy.float64'>, 'encoding': 'utf-8', 'input': 'content', 'lowercase': True, 'max_df': 0.8, 'max_features': 5000, 'min_df': 1, 'ngram_range': (1, 3), 'norm': 'l1', 'preprocessor': None, 'smooth_idf': True, 'stop_words': None, 'strip_accents': None, 'sublinear_tf': False, 'token_pattern': '(?u)\\b\\w\\w+\\b', 'tokenizer': None, 'use_idf': True, 'vocabulary': None};svm;OrderedDict([('C', 10.0), ('degree', 2), ('gamma', 7.97421975129007)]);3.962161385435463;4559.5;47.83386336221077;0.49170631159327904;5120.0;5121.0;0.0;5120.0;0.0;3998.0;0.0;2.0;9119.0;723758.0;7.87556061556487e-05;0.0006878307163022749;0.03420894829487204;24759.0;78.3692290821362;5.741858181335821;77.3731768834302;79.36813247066564;0.5581000848176421;4.0389353366452604e-05;169.96305148679474;0.13353358443015484;24.0;0.005185363265576815;0.01909201694489042;8.541514984006074;156.06846596468702;794.0809152724929;156.07702399205422;24360.03741821627;0.9890323729795101;9.243822327637998;1.0;0.06730615994136718;0.014794332255705402;0.9890323729795101;4.460012017075967;1;4.377365112304687e-06;0.299071470896403;253.0;0.8291788487777197;2475900.0;9.0;747.0;1493.0;0.9638909968198267;0.20133174779865948;0.455067925441077;0.4128125199464239;595.3887901537782;0.8025850589509863;0.8101835758034737;0.798521121720829;0.8025850589509863;0.7969513597628385;0.3842546335306976;5.907245536362544;-0.03893766993990411;-0.034682867156198505;-0.04464962981491161;-0.03893766993990411;-0.04789021831738993;0.09013839819192604;0.08831148007978684;0.09586647674296478;0.08103687154708095;0.08742853082874213;0.01834834881309513;361869.2317801254;7.180643155590925;35904.79211163284;16323.0;282260.28598576295;-734506.0006267409;289499.6980899324;56.0;55;1277.3917002437645
tf-idf;{'analyzer': 'word', 'binary': False, 'decode_error': 'strict', 'dtype': <class 'numpy.float64'>, 'encoding': 'utf-8', 'input': 'content', 'lowercase': True, 'max_df': 0.8, 'max_features': 5000, 'min_df': 1, 'ngram_range': (1, 3), 'norm': 'l1', 'preprocessor': None, 'smooth_idf': True, 'stop_words': None, 'strip_accents': None, 'sublinear_tf': False, 'token_pattern': '(?u)\\b\\w\\w+\\b', 'tokenizer': None, 'use_idf': True, 'vocabulary': None};nb;OrderedDict([('alpha', 1.0400552696687195), ('fit_prior', False)]);tf-idf;{'analyzer': 'word', 'binary': False, 'decode_error': 'strict', 'dtype': <class 'numpy.float64'>, 'encoding': 'utf-8', 'input': 'content', 'lowercase': True, 'max_df': 0.8, 'max_features': 5000, 'min_df': 1, 'ngram_range': (1, 3), 'norm': 'l1', 'preprocessor': None, 'smooth_idf': True, 'stop_words': None, 'strip_accents': None, 'sublinear_tf': False, 'token_pattern': '(?u)\\b\\w\\w+\\b', 'tokenizer': None, 'use_idf': True, 'vocabulary': None};nb;OrderedDict([('alpha', 0.9995991593828386), ('fit_prior', False)]);4.66250126210155;5000.0;147.7067;0.4547191839317582;2278.0;5037.0;2278.0;2278.0;1.0;4963.0;1.0;2.0;10000.0;2307659.0;0.0030442106047730622;0.040170231237434066;0.06163952299711526;142243.0;229.7659;95.55497043061452;228766;230.7659;0.6063989089094015;7.030222928369058e-06;8.009472194979852;0.2087158457987077;174.0;0.002512502930458963;0.041946838766039524;2.2301841108337865;169.63097858937795;52.32590180780452;169.6394607744766;28777.546651855184;0.9999604986492603;11.15656329265499;1.0;0.0039944061281662665;0.0012094151868421107;0.9999604986492603;6.691333795857973;1;5.3294499715169275e-06;1.1409420172373455;65.0;1.123233564306592;14224300.0;2.0;999.0;1997.0;0.910126;0.2584662476479244;0.35320372355646745;0.2581633110537839;518.3917097237226;0.7868660491324078;0.7867996076946177;0.7867947199947386;0.7868660491324078;0.7868117844280801;0.000485888284332417;7.208850919485842;-0.0335996107109211;-0.0334936919583706;-0.03355608769774654;-0.0335996107109211;-0.03357142935363844;0.09700007193280835;0.10172555476038125;0.10733944817421814;0.08849955181480973;0.10315177482269833;0.016999442278894487;9.747669708245802;8.43619804041364;9.164156281723844;64744.0;8.895338999545725;64.12142682489782;11.149385440954713;8.142857142857142;8;11.182893044143949
tf-idf;{'analyzer': 'word', 'binary': False, 'decode_error': 'strict', 'dtype': <class 'numpy.float64'>, 'encoding': 'utf-8', 'input': 'content', 'lowercase': True, 'max_df': 1.0, 'max_features': None, 'min_df': 1, 'ngram_range': (1, 1), 'norm': 'l2', 'preprocessor': None, 'smooth_idf': True, 'stop_words': None, 'strip_accents': None, 'sublinear_tf': False, 'token_pattern': '(?u)\\b\\w\\w+\\b', 'tokenizer': None, 'use_idf': True, 'vocabulary': None};lr;OrderedDict([('C', 10.0), ('max_iter', 100)]);tf-idf;{'analyzer': 'word', 'binary': False, 'decode_error': 'strict', 'dtype': <class 'numpy.float64'>, 'encoding': 'utf-8', 'input': 'content', 'lowercase': True, 'max_df': 1.0, 'max_features': None, 'min_df': 1, 'ngram_range': (1, 1), 'norm': 'l2', 'preprocessor': None, 'smooth_idf': True, 'stop_words': None, 'strip_accents': None, 'sublinear_tf': False, 'token_pattern': '(?u)\\b\\w\\w+\\b', 'tokenizer': None, 'use_idf': True, 'vocabulary': None};lr;OrderedDict([('C', 9.98934919552045), ('max_iter', 131)]);4.8183422601673325;57932.0;47.35034178001795;0.4194260789366507;2832.0;101082.0;0.0;2832.0;0.0;14782.0;0.0;2.0;115864.0;8128115.0;0.014565861826512051;0.05798780643779403;0.048200966644787874;391783.0;69.15224746254229;0.9493420636778463;68.1529810812677;70.15220430849962;0.6448212403294681;0.0;74.92754308036683;0.23838306913718618;35.0;0.004332613199608273;0.035442165865025285;6.988043503643498;125.76646758120329;61023.31521639905;125.76701031786735;15817.34088429455;0.5507654717082622;11.582853562490095;1.0;0.0047055177306691365;0.000652025569001208;0.5507654717082622;4.77475992578489;1;5.292892456054687e-06;22.985674063364666;595.0;1.4086872292608694;39178300.0;2.0;6630.0;13259.0;0.9701534730373541;0.19235357787053525;0.3770989236924997;0.34466562168560744;1973.8783973651916;0.9166551590088581;0.745165601021781;0.7826577796517902;0.9166551590088581;0.9096878716224485;-0.021546581599126285;7.071948668948168;-0.0032969649125527134;-0.020862383446149768;-0.015419892992883266;-0.0032969649125527134;-0.005173529317423542;0.034065800097496046;0.12919144679606398;0.12859871223575303;0.03449734938860283;0.048117331932850727;0.013262490920689606;9.594769977456359;9.472422007746061;9.625226650638721;167847.0;8.951419653416998;60.56000028114221;11.48402910946521;11.166666666666666;8;11.616835242886172
tf-idf;{'analyzer': 'word', 'binary': False, 'decode_error': 'strict', 'dtype': <class 'numpy.float64'>, 'encoding': 'utf-8', 'input': 'content', 'lowercase': True, 'max_df': 1.0, 'max_features': None, 'min_df': 1, 'ngram_range': (1, 1), 'norm': 'l2', 'preprocessor': None, 'smooth_idf': True, 'stop_words': None, 'strip_accents': None, 'sublinear_tf': False, 'token_pattern': '(?u)\\b\\w\\w+\\b', 'tokenizer': None, 'use_idf': True, 'vocabulary': None};lr;OrderedDict([('C', 9.962379886176365), ('max_iter', 871)]);bow;{'analyzer': 'word', 'binary': True, 'decode_error': 'strict', 'dtype': <class 'numpy.int64'>, 'encoding': 'utf-8', 'input': 'content', 'lowercase': True, 'max_df': 0.8, 'max_features': 5000, 'min_df': 1, 'ngram_range': (1, 3), 'preprocessor': None, 'stop_words': None, 'strip_accents': None, 'token_pattern': '(?u)\\b\\w\\w+\\b', 'tokenizer': None, 'vocabulary': None};lr;OrderedDict([('C', 3.028504216169912), ('max_iter', 100)]);4.8183422601673325;57932.0;47.35034178001795;0.4194260789366507;2832.0;102274.0;0.0;2832.0;0.0;13590.0;0.0;2.0;115864.0;8128115.0;0.014565861826512051;0.05798780643779403;0.048200966644787874;391783.0;69.15224746254229;0.9238218855193512;68.1529810812677;70.15220430849962;0.6448212403294681;0.0;74.92754308036683;0.23838306913718618;35.0;0.004332613199608273;0.035442165865025285;6.988043503643498;125.76646758120329;62709.05778274778;125.76701031786735;15817.34088429455;0.5215283838571418;11.582853562490095;1.0;0.004807959823126586;0.0006765182731524328;0.5215283838571418;4.77475992578489;1;6.170272827148437e-06;22.525145610173542;622.0;1.4361972177252282;39178300.0;2.0;6075.0;12149.0;0.9701534730373541;0.19235357787053525;0.3770989236924997;0.34466562168560744;1973.8783973651916;0.9261260368812138;0.7549544916884185;0.7935594321051616;0.9261260368812138;0.9201203325269697;-0.022389632502216355;7.071948668948168;-0.0026582878370687846;-0.01583017960916122;-0.011905417910868299;-0.0026582878370687846;-0.0038447052280856653;0.03351342827673831;0.12632428171156862;0.13541635482418046;0.033081896416341405;0.04422121512267707;0.013262490920689606;9.594769977456359;9.472422007746061;9.625226650638721;167847.0;8.951419653416998;60.56000028114221;11.48402910946521;11.166666666666666;8;11.616835242886172
bow;{'analyzer': 'word', 'binary': True, 'decode_error': 'strict', 'dtype': <class 'numpy.int64'>, 'encoding': 'utf-8', 'input': 'content', 'lowercase': True, 'max_df': 0.8, 'max_features': 5000, 'min_df': 1, 'ngram_range': (1, 3), 'preprocessor': None, 'stop_words': None, 'strip_accents': None, 'token_pattern': '(?u)\\b\\w\\w+\\b', 'tokenizer': None, 'vocabulary': None};nb;OrderedDict([('alpha', 4.0143782488919735), ('fit_prior', True)]);bow;{'analyzer': 'word', 'binary': True, 'decode_error': 'strict', 'dtype': <class 'numpy.int64'>, 'encoding': 'utf-8', 'input': 'content', 'lowercase': True, 'max_df': 0.8, 'max_features': 5000, 'min_df': 1, 'ngram_range': (1, 3), 'preprocessor': None, 'stop_words': None, 'strip_accents': None, 'token_pattern': '(?u)\\b\\w\\w+\\b', 'tokenizer': None, 'vocabulary': None};nb;OrderedDict([('alpha', 1.6224934570718763), ('fit_prior', True)]);4.949588104043297;4399.5;24.146266621206955;0.38602892191020594;2407.0;5993.0;2407.0;2407.0;1.0;2806.0;1.0;2.0;8799.0;259046.0;0.006095442508280383;0.08643665836384755;0.17660955969210101;45750.0;28.440390953517444;1.952253708082972;27.44448232753722;29.440390953517444;0.7146010928961749;0.0;502.05427471403465;0.21315519251407086;16.0;0.0036557213776703752;0.1405580476054446;16.327635854874543;56.20877672452698;2253.549311641527;56.211971040258504;3159.785688230861;0.903181098129433;11.545926431791441;1.0;0.006367819295138975;0.0005696447856698704;0.903181098129433;3.9239855226387133;1;3.875096638997396e-06;0.2835318247477214;200.0;0.8324312148506121;4575000.0;9.0;1267.0;2533.0;0.9837642913967496;0.18565480176053675;0.4156038832606008;0.39231238248227723;578.9575556867338;0.7712240027275827;0.7031496066041347;0.7144026437035341;0.7712240027275827;0.7599625745414559;0.11013464603620782;7.708338938797891;-0.00704625525627911;-0.017965598654401393;-0.01589639906218876;-0.00704625525627911;-0.011000602592723063;0.058529378338447624;0.08661729616102343;0.08339398067022008;0.05830207978179347;0.06725169253504693;0.014093667894651173;8.382838267873204;8.507030708753359;9.085069287758062;23120.0;6.656007365382774;70.49775210674352;8.807897880547314;9.0;8;9.688121208895584
tf-idf;{'analyzer': 'word', 'binary': False, 'decode_error': 'strict', 'dtype': <class 'numpy.float64'>, 'encoding': 'utf-8', 'input': 'content', 'lowercase': True, 'max_df': 1.0, 'max_features': None, 'min_df': 1, 'ngram_range': (1, 1), 'norm': 'l2', 'preprocessor': None, 'smooth_idf': True, 'stop_words': None, 'strip_accents': None, 'sublinear_tf': False, 'token_pattern': '(?u)\\b\\w\\w+\\b', 'tokenizer': None, 'use_idf': True, 'vocabulary': None};lr;OrderedDict([('C', 10.0), ('max_iter', 100)]);bow;{'analyzer': 'word', 'binary': True, 'decode_error': 'strict', 'dtype': <class 'numpy.int64'>, 'encoding': 'utf-8', 'input': 'content', 'lowercase': True, 'max_df': 0.8, 'max_features': 5000, 'min_df': 10, 'ngram_range': (1, 3), 'preprocessor': None, 'stop_words': None, 'strip_accents': None, 'token_pattern': '(?u)\\b\\w\\w+\\b', 'tokenizer': None, 'vocabulary': None};lr;OrderedDict([('C', 3.4077673812551574), ('max_iter', 998)]);4.81311863495801;79843.0;47.48065578698195;0.41814984556535156;1411.0;144324.0;0.0;1411.0;0.0;15362.0;0.0;2.0;159686.0;10891621.0;0.01603204885663943;0.058693906310400216;0.0445512196944789;485235.0;67.20651152887542;0.8755684113192648;66.20715028242927;68.20648647971645;0.6560759219759498;0.0;23.2949239767048;0.2403020633935022;37.0;0.004201576899682096;0.03313216646080505;4.165148305435924;99.87804953736183;91189.90471537954;99.87836227147326;9975.687250031653;0.4568369990125005;11.517632469558462;1.0;0.004336221552396294;0.0006281053924027459;0.4568369990125005;4.8134048212608125;1;6.208419799804688e-06;33.30394879976908;664.0;1.556154774778994;48523500.0;2.0;6929.0;13857.0;0.9694859912578435;0.19373745699888192;0.3786960377232497;0.34572851321304177;2321.570673074594;0.9381536239772825;0.7469902473777119;0.7896789819352668;0.9381536239772825;0.9323435860838966;-0.021710424153797595;7.228787804660515;-0.0019914109622172216;-0.01619589935573751;-0.011689717080457407;-0.0019914109622172216;-0.0030665636802668095;0.027453882552008535;0.13271824867998472;0.13589548685750064;0.02754155170640371;0.03731526054514467;0.012715685474899555;9.64398122895949;9.506475199951783;9.557704161601553;206559.0;9.038636966557817;60.19763884929631;11.646315715974582;7.75;9;11.738375374420265
tf-idf;{'analyzer': 'word', 'binary': False, 'decode_error': 'strict', 'dtype': <class 'numpy.float64'>, 'encoding': 'utf-8', 'input': 'content', 'lowercase': True, 'max_df': 1.0, 'max_features': None, 'min_df': 1, 'ngram_range': (1, 1), 'norm': 'l2', 'preprocessor': None, 'smooth_idf': True, 'stop_words': None, 'strip_accents': None, 'sublinear_tf': False, 'token_pattern': '(?u)\\b\\w\\w+\\b', 'tokenizer': None, 'use_idf': True, 'vocabulary': None};lr;OrderedDict([('C', 8.241943147335359), ('max_iter', 1000)]);bow;{'analyzer': 'word', 'binary': True, 'decode_error': 'strict', 'dtype': <class 'numpy.int64'>, 'encoding': 'utf-8', 'input': 'content', 'lowercase': True, 'max_df': 0.8, 'max_features': 5000, 'min_df': 10, 'ngram_range': (1, 3), 'preprocessor': None, 'stop_words': None, 'strip_accents': None, 'token_pattern': '(?u)\\b\\w\\w+\\b', 'tokenizer': None, 'vocabulary': None};lr;OrderedDict([('C', 1.1099529963292785), ('max_iter', 100)]);5.309387583762185;8424.0;14.589209401709402;0.3457623634157406;34.0;11501.0;34.0;34.0;1.0;5347.0;1.0;2.0;16848.0;257266.0;0.002740354341420942;0.06716281419728072;0.14977494111153436;38532.0;14.267699246335528;1.9358685488188094;13.271545584045585;15.269824311490979;0.6432056472542302;0.0;-0.8817285346133672;0.2590509433815584;16.0;0.004042508532025219;0.10843640434414185;-0.18772050537304072;6.580286984413652;4351.535131422013;6.5804822770277545;43.302746998276376;0.9014952039391948;11.569605837327241;1.0;0.010790681368651757;0.0005943790305372724;0.9014952039391948;3.6757090325357304;1;3.952980041503907e-06;0.8131570816040039;458.0;1.062752199714334;3853200.0;7.0;2194.0;4387.0;0.9898023504273504;0.18294240091907954;0.4042472945267521;0.38601220805924613;790.4534262665048;0.8060106046217156;0.7466486626383109;0.7603144884491059;0.8060106046217156;0.7983431134040785;-0.013876258467289336;4.531916722900197;0.01109924026590714;0.01753579384003956;0.01646310288083641;0.01109924026590714;0.012922679191510134;0.06730769230769218;0.09380322828712406;0.09819963503220053;0.06606125356125347;0.07649716496486503;0.01904551692715042;9.857729701302326;10.689430945215616;10.553058934715757;20473.0;7.376083444611819;64.55232827990537;9.816196230898827;7.5;9;10.413942835800192
tf-idf;{'analyzer': 'word', 'binary': False, 'decode_error': 'strict', 'dtype': <class 'numpy.float64'>, 'encoding': 'utf-8', 'input': 'content', 'lowercase': True, 'max_df': 1.0, 'max_features': None, 'min_df': 1, 'ngram_range': (1, 1), 'norm': 'l2', 'preprocessor': None, 'smooth_idf': True, 'stop_words': None, 'strip_accents': None, 'sublinear_tf': False, 'token_pattern': '(?u)\\b\\w\\w+\\b', 'tokenizer': None, 'use_idf': True, 'vocabulary': None};lr;OrderedDict([('C', 10.0), ('max_iter', 1000)]);bow;{'analyzer': 'word', 'binary': True, 'decode_error': 'strict', 'dtype': <class 'numpy.int64'>, 'encoding': 'utf-8', 'input': 'content', 'lowercase': True, 'max_df': 0.8, 'max_features': 5000, 'min_df': 1, 'ngram_range': (1, 3), 'preprocessor': None, 'stop_words': None, 'strip_accents': None, 'token_pattern': '(?u)\\b\\w\\w+\\b', 'tokenizer': None, 'vocabulary': None};lr;OrderedDict([('C', 3.100044678907005), ('max_iter', 107)]);5.362211352632942;6735.5;14.234058347561428;0.34278955613807305;34.0;11501.0;34.0;34.0;1.0;1970.0;1.0;2.0;13471.0;200764.0;0.002849116375445797;0.06768333505531109;0.15637265645235202;31394.0;13.903422166134659;0.999416162980168;12.905574938757331;14.903422166134659;0.6341339109383959;0.0;-0.9044408702725417;0.26612340857922734;15.0;0.004383255962224303;0.11205694247972744;-0.179906240430793;6.574715495151861;6739.434731488985;6.57495954093785;43.23009296496966;0.6003505419122251;11.511141097807306;1.0;0.0159582882285238;0.0008501678855760436;0.6003505419122251;3.6294040959750213;1;3.975232442220053e-06;0.3299087683359782;148.0;0.9118508692047066;3139400.0;7.0;784.0;1567.0;0.9899995545987678;0.18187754052865335;0.4062355046018317;0.38768189825555727;707.7690224350197;0.9064656134562837;0.7694513132228762;0.7942010863059203;0.9064656134562837;0.901692764063671;0.015927277340989275;4.563982494119046;0.008759546644224625;0.05814390525347435;0.03624066180968277;0.008759546644224625;0.013617078077783229;0.039343737379898935;0.12563894878936643;0.12851179535514323;0.037859022507606976;0.04618982889320267;0.01996966537521097;9.908423330310477;10.910824300124904;10.555494677367356;16514.0;7.346001521040375;64.06230536291491;9.796979624004232;8.857142857142858;9;10.405227329874844
bow;{'analyzer': 'word', 'binary': True, 'decode_error': 'strict', 'dtype': <class 'numpy.int64'>, 'encoding': 'utf-8', 'input': 'content', 'lowercase': True, 'max_df': 0.8, 'max_features': 5000, 'min_df': 1, 'ngram_range': (1, 3), 'preprocessor': None, 'stop_words': None, 'strip_accents': None, 'token_pattern': '(?u)\\b\\w\\w+\\b', 'tokenizer': None, 'vocabulary': None};lr;OrderedDict([('C', 2.0604096738886266), ('max_iter', 462)]);bow;{'analyzer': 'word', 'binary': True, 'decode_error': 'strict', 'dtype': <class 'numpy.int64'>, 'encoding': 'utf-8', 'input': 'content', 'lowercase': True, 'max_df': 0.8, 'max_features': 5000, 'min_df': 1, 'ngram_range': (1, 3), 'preprocessor': None, 'stop_words': None, 'strip_accents': None, 'token_pattern': '(?u)\\b\\w\\w+\\b', 'tokenizer': None, 'vocabulary': None};lr;OrderedDict([('C', 2.242027445593631), ('max_iter', 995)]);5.241823632456251;7439.0;14.257158220190886;0.34117117100534694;34.0;11501.0;34.0;34.0;1.0;3377.0;1.0;2.0;14878.0;221482.0;0.0028715651836266603;0.06936344013473689;0.1619364101823173;35866.0;13.884214770512735;1.2949698043443445;12.888493077026482;14.886543890307838;0.6511180505213852;0.0;-0.9673793304664704;0.24903603904606245;15.0;0.003720392627843346;0.11876360155678566;-0.08446261272401111;6.755134197164341;5744.535490359512;6.755361226158243;45.634905295882206;0.7727084991267941;11.55412671837276;1.0;0.00989809712116543;0.0006227560859146115;0.7727084991267941;3.62673650673131;1;4.366238911946614e-06;0.7304301261901855;425.0;1.012094880293046;3586600.0;9.0;1553.0;3105.0;0.9900323968275306;0.1838203838691042;0.40782148022743303;0.3894059544180339;744.2853051793073;0.85374372723718;0.736316361553215;0.7628803898069817;0.85374372723718;0.8427901004951104;-0.04190506409997705;4.101957323216581;0.006385519865043987;0.019294154245834694;0.01614875031404428;0.006385519865043987;0.009134089381700572;0.04933446194276936;0.09699508386382671;0.10388212223120097;0.05390501846322637;0.06353517468110903;0.021108207937944694;9.511520594420702;10.255937299569236;10.464826422282734;18809.0;7.0936547460725485;66.47751767280894;9.487489390997645;8.833333333333334;9;10.180202099367136
tf-idf;{'analyzer': 'word', 'binary': False, 'decode_error': 'strict', 'dtype': <class 'numpy.float64'>, 'encoding': 'utf-8', 'input': 'content', 'lowercase': True, 'max_df': 1.0, 'max_features': None, 'min_df': 1, 'ngram_range': (1, 1), 'norm': 'l2', 'preprocessor': None, 'smooth_idf': True, 'stop_words': None, 'strip_accents': None, 'sublinear_tf': False, 'token_pattern': '(?u)\\b\\w\\w+\\b', 'tokenizer': None, 'use_idf': True, 'vocabulary': None};lr;OrderedDict([('C', 8.551833552393564), ('max_iter', 142)]);tf-idf;{'analyzer': 'word', 'binary': False, 'decode_error': 'strict', 'dtype': <class 'numpy.float64'>, 'encoding': 'utf-8', 'input': 'content', 'lowercase': True, 'max_df': 1.0, 'max_features': None, 'min_df': 1, 'ngram_range': (1, 1), 'norm': 'l2', 'preprocessor': None, 'smooth_idf': True, 'stop_words': None, 'strip_accents': None, 'sublinear_tf': False, 'token_pattern': '(?u)\\b\\w\\w+\\b', 'tokenizer': None, 'use_idf': True, 'vocabulary': None};lr;OrderedDict([('C', 8.695828463933548), ('max_iter', 997)]);4.316414114506514;1732.0;129.41108545034643;0.3816116046567323;2491.0;3047.0;2491.0;2491.0;1.0;417.0;1.0;2.0;3464.0;713252.0;0.004480884736390504;0.05072722499656805;0.10964007111091172;78201.0;204.9041570438799;0.9313376007719394;203.91079676674366;205.9041570438799;0.7029833378089794;0.0;11.993507257785442;0.15223090857088378;141.0;0.007920061913601364;0.09105197041157964;2.573069251386656;219.26708576958737;1859.69083452062;219.2987420298793;48091.93825588755;0.5304552262549735;11.55549438440928;1.0;0.003688496462214973;0.0011457579899436712;0.5304552262549735;6.184427030933784;1;4.645983378092448e-06;0.4010128974914551;147.0;0.4217019426949107;7820100.0;2.0;322.0;643.0;0.9226596420323325;0.2183634454268686;0.4059111938202513;0.33597883834310627;335.12699398708685;0.8525786043983618;0.5146433944733589;0.4944510920294796;0.8525786043983618;0.8167035557105319;-0.0037388022957696174;5.185129933302911;-0.0011549013282114995;-0.00479616306954439;-0.009678075627654603;-0.0011549013282114995;-0.0027676654733621575;0.0005777007510109344;0.00463212107479366;0.009514404636106033;0.0005777007510109344;0.0023359430538810733;0.043299908304446265;5.7348953406874195;6.134081888744415;9.34293209592045;38800.0;5.593928490618097;79.30318557255835;7.777779916889094;7.142857142857142;5;8.667596920608428
tf-idf;{'analyzer': 'word', 'binary': False, 'decode_error': 'strict', 'dtype': <class 'numpy.float64'>, 'encoding': 'utf-8', 'input': 'content', 'lowercase': True, 'max_df': 0.8, 'max_features': 5000, 'min_df': 1, 'ngram_range': (1, 3), 'norm': 'l1', 'preprocessor': None, 'smooth_idf': True, 'stop_words': None, 'strip_accents': None, 'sublinear_tf': False, 'token_pattern': '(?u)\\b\\w\\w+\\b', 'tokenizer': None, 'use_idf': True, 'vocabulary': None};lr;OrderedDict([('C', 10.0), ('max_iter', 100)]);bow;{'analyzer': 'word', 'binary': True, 'decode_error': 'strict', 'dtype': <class 'numpy.int64'>, 'encoding': 'utf-8', 'input': 'content', 'lowercase': True, 'max_df': 0.8, 'max_features': 5000, 'min_df': 1, 'ngram_range': (1, 3), 'preprocessor': None, 'stop_words': None, 'strip_accents': None, 'token_pattern': '(?u)\\b\\w\\w+\\b', 'tokenizer': None, 'vocabulary': None};lr;OrderedDict([('C', 0.7006269085086066), ('max_iter', 100)]);4.771007381400563;2642.5;8.87038789025544;0.21429574500052523;21.0;4412.0;21.0;21.0;1.0;376.0;1.0;4.0;10570.0;94562.0;0.006450794187940187;0.04554051951975766;0.10633235337662063;10055.0;7.946263008514664;1.4404937693396198;6.94635761589404;8.946263008514665;0.6416708105420189;9.945300845350572e-05;1.0416798611432698;0.1867663543495273;9.0;0.011526828958778367;0.07175186650028553;0.5240477043977172;2.196700832967198;1834.4404233080634;2.1968047523954546;4.825951120147255;1.6795199580077511;9.494304012213952;2.0;0.03522092788157542;0.0015982788090112452;0.8397599790038756;3.1030404467466544;1;3.836949666341146e-06;0.16963815689086914;168.0;0.7609175667487194;1005500.0;9.0;1206.0;2411.0;0.9919616840113529;0.18027807660453804;0.4654199445687371;0.4496198592303313;674.6692826155775;0.845916553551286;0.732453266999184;0.754072344636326;0.845916553551286;0.8424203839449266;-0.011640089238088852;6.055252463677393;-0.017313231283015873;-0.016265478025255242;-0.01700304233152461;-0.017313231283015873;-0.01720683885747698;0.15392627164724448;0.18299799002919204;0.18649442111655734;0.1614958466008306;0.15254777740998104;0.01610413307695447;9.556945128978231;8.800647200962281;11.781484274887438;3117.0;7.539030235763828;71.3455579911131;8.735694202331214;3.416666666666667;8;8.714595325662257
bow;{'analyzer': 'word', 'binary': True, 'decode_error': 'strict', 'dtype': <class 'numpy.int64'>, 'encoding': 'utf-8', 'input': 'content', 'lowercase': True, 'max_df': 0.8, 'max_features': 5000, 'min_df': 1, 'ngram_range': (1, 3), 'preprocessor': None, 'stop_words': None, 'strip_accents': None, 'token_pattern': '(?u)\\b\\w\\w+\\b', 'tokenizer': None, 'vocabulary': None};nb;OrderedDict([('alpha', 7.610796269919753), ('fit_prior', True)]);tf-idf;{'analyzer': 'word', 'binary': False, 'decode_error': 'strict', 'dtype': <class 'numpy.float64'>, 'encoding': 'utf-8', 'input': 'content', 'lowercase': True, 'max_df': 0.8, 'max_features': 5000, 'min_df': 1, 'ngram_range': (1, 3), 'norm': 'l1', 'preprocessor': None, 'smooth_idf': True, 'stop_words': None, 'strip_accents': None, 'sublinear_tf': False, 'token_pattern': '(?u)\\b\\w\\w+\\b', 'tokenizer': None, 'use_idf': True, 'vocabulary': None};lr;OrderedDict([('C', 9.950033474714676), ('max_iter', 991)]);4.771007381400563;5285.0;8.87038789025544;0.21429574500052523;21.0;6158.0;21.0;21.0;1.0;4412.0;1.0;2.0;10570.0;94562.0;0.006450794187940187;0.04554051951975766;0.10633235337662063;10055.0;7.946263008514664;4.280709437080073;6.94635761589404;8.946263008514665;0.6416708105420189;9.945300845350572e-05;1.0416798611432698;0.1867663543495273;9.0;0.011526828958778367;0.07175186650028553;0.5240477043977172;2.196700832967198;1234.608439951712;2.1968047523954546;4.825951120147255;0.9802268724667185;9.494304012213952;1.0;0.011971230013294573;0.0006312319843986016;0.9802268724667185;3.1030404467466544;0.0009999999999999998;3.835360209147135e-06;0.24674630165100098;177.0;1.208925676577036;1005500.0;9.0;801.0;1601.0;0.9919616840113529;0.18027807660453804;0.4654199445687371;0.4496198592303313;674.6692826155775;0.8971308286819006;0.8905720699955285;0.8933733904774344;0.8971308286819006;0.8966577869581761;0.019386213186750597;7.396803527948737;-0.0017973612461172905;-0.0005459171346839931;-0.0016191146313565552;-0.0017973612461172905;-0.0016742340904587483;0.1087046594730331;0.11578235628322353;0.11446216339047666;0.11428643230813673;0.10763995999055376;0.007934866111738239;9.556945128978231;8.800647200962281;11.781484274887438;3117.0;7.539030235763828;71.3455579911131;8.735694202331214;3.416666666666667;8;8.714595325662257
tf-idf;{'analyzer': 'word', 'binary': False, 'decode_error': 'strict', 'dtype': <class 'numpy.float64'>, 'encoding': 'utf-8', 'input': 'content', 'lowercase': True, 'max_df': 0.8, 'max_features': 5000, 'min_df': 1, 'ngram_range': (1, 3), 'norm': 'l1', 'preprocessor': None, 'smooth_idf': True, 'stop_words': None, 'strip_accents': None, 'sublinear_tf': False, 'token_pattern': '(?u)\\b\\w\\w+\\b', 'tokenizer': None, 'use_idf': True, 'vocabulary': None};lr;OrderedDict([('C', 10.0), ('max_iter', 1000)]);bow;{'analyzer': 'word', 'binary': True, 'decode_error': 'strict', 'dtype': <class 'numpy.int64'>, 'encoding': 'utf-8', 'input': 'content', 'lowercase': True, 'max_df': 0.8, 'max_features': 5000, 'min_df': 1, 'ngram_range': (1, 3), 'preprocessor': None, 'stop_words': None, 'strip_accents': None, 'token_pattern': '(?u)\\b\\w\\w+\\b', 'tokenizer': None, 'vocabulary': None};lr;OrderedDict([('C', 0.6073739142954263), ('max_iter', 999)]);4.771007381400563;5285.0;8.87038789025544;0.21429574500052523;21.0;6658.0;21.0;21.0;1.0;3912.0;1.0;2.0;10570.0;94562.0;0.006450794187940187;0.04554051951975766;0.10633235337662063;10055.0;7.946263008514664;2.7218203485585604;6.94635761589404;8.946263008514665;0.6416708105420189;9.945300845350572e-05;1.0416798611432698;0.1867663543495273;9.0;0.011526828958778367;0.07175186650028553;0.5240477043977172;2.196700832967198;1941.7152211382595;2.1968047523954546;4.825951120147255;0.9507519654377833;9.494304012213952;1.0;0.011023245980329282;0.0006309507675185789;0.9507519654377833;3.1030404467466544;0.0010000000000000002;3.873507181803385e-06;0.2248096466064453;148.0;1.2271023328435597;1005500.0;9.0;625.0;1249.0;0.9919616840113529;0.18027807660453804;0.4654199445687371;0.4496198592303313;674.6692826155775;0.9131502093856178;0.8996074120108878;0.9052641843238477;0.9131502093856178;0.9123372306120902;0.022780833666912696;7.396803527948737;-0.00037838477572760265;0.004971043820204746;0.0004698553189572685;-0.00037838477572760265;6.409443449595376e-05;0.11097410895526927;0.12515386491311098;0.12337858134989732;0.11002864372483767;0.11073365703805593;0.007934866111738239;9.556945128978231;8.800647200962281;11.781484274887438;3117.0;7.539030235763828;71.3455579911131;8.735694202331214;3.416666666666667;8;8.714595325662257
bow;{'analyzer': 'word', 'binary': True, 'decode_error': 'strict', 'dtype': <class 'numpy.int64'>, 'encoding': 'utf-8', 'input': 'content', 'lowercase': True, 'max_df': 0.8, 'max_features': 5000, 'min_df': 10, 'ngram_range': (1, 3), 'preprocessor': None, 'stop_words': None, 'strip_accents': None, 'token_pattern': '(?u)\\b\\w\\w+\\b', 'tokenizer': None, 'vocabulary': None};knn;OrderedDict([('leaf_size', 39), ('n_neighbors', 47)]);bow;{'analyzer': 'word', 'binary': True, 'decode_error': 'strict', 'dtype': <class 'numpy.int64'>, 'encoding': 'utf-8', 'input': 'content', 'lowercase': True, 'max_df': 0.8, 'max_features': 5000, 'min_df': 10, 'ngram_range': (1, 3), 'preprocessor': None, 'stop_words': None, 'strip_accents': None, 'token_pattern': '(?u)\\b\\w\\w+\\b', 'tokenizer': None, 'vocabulary': None};nb;OrderedDict([('alpha', 1.1573813693916273), ('fit_prior', False)]);4.322323581639586;3468.0;24.130161476355248;0.4295310902177128;571.0;9316.0;0.0;571.0;0.0;1117.0;0.0;5.0;17337.0;525413.0;0.0;0.0;0.01825992124290796;9594.0;29.301557093425604;1.0041670558547848;28.321222606689734;30.300634371395617;0.3509485094850949;0.00010423181154888472;30.663691775776897;0.15287212155009489;20.0;0.0;0.006408292143513769;4.059464949324692;35.83536282953862;3453.608619979977;35.8363961891948;1284.2472918289357;1.8300315438430155;8.879383287066906;2.321928094887362;0.0034125305947167333;0.0002942964604885583;0.7881516864680477;3.902977680610808;1;4.111925760904948e-06;1.2999650637308757;417.0;0.4083103682594597;959400.0;7.0;6073.0;12145.0;0.9786074971164936;0.19419995672180168;0.4566290800662164;0.4231202257979399;841.8775129461053;0.3856978085351788;0.18280552480210477;0.150147276182904;0.3856978085351788;0.32705197300985345;-0.016907330837477648;6.4699744455976695;0.013610149942329841;0.01752802555967395;0.02619162797129415;0.013610149942329841;0.028505321313439302;-0.029238754325259464;-0.005992636241367977;-0.008857842899839263;-0.023702422145328694;-0.021290446202152258;0.015246061463013352;262705.4281440695;9.269420436875375;26067.872909971582;5802.0;204911.47855351886;-533202.0614938724;210167.63062124464;56.0;55;1112.8879618208914
bow;{'analyzer': 'word', 'binary': True, 'decode_error': 'strict', 'dtype': <class 'numpy.int64'>, 'encoding': 'utf-8', 'input': 'content', 'lowercase': True, 'max_df': 0.8, 'max_features': 5000, 'min_df': 10, 'ngram_range': (1, 3), 'preprocessor': None, 'stop_words': None, 'strip_accents': None, 'token_pattern': '(?u)\\b\\w\\w+\\b', 'tokenizer': None, 'vocabulary': None};lr;OrderedDict([('C', 4.6236609092516305), ('max_iter', 991)]);bow;{'analyzer': 'word', 'binary': True, 'decode_error': 'strict', 'dtype': <class 'numpy.int64'>, 'encoding': 'utf-8', 'input': 'content', 'lowercase': True, 'max_df': 0.8, 'max_features': 5000, 'min_df': 10, 'ngram_range': (1, 3), 'preprocessor': None, 'stop_words': None, 'strip_accents': None, 'token_pattern': '(?u)\\b\\w\\w+\\b', 'tokenizer': None, 'vocabulary': None};lr;OrderedDict([('C', 5.350543215596473), ('max_iter', 100)]);4.322323581639586;5780.0;24.130161476355248;0.4295310902177128;571.0;9503.0;0.0;571.0;0.0;1534.0;0.0;3.0;17337.0;525413.0;0.0;0.0;0.01825992124290796;9594.0;29.301557093425604;1.4413388297971312;28.321222606689734;30.300634371395617;0.3509485094850949;0.00010423181154888472;30.663691775776897;0.15287212155009489;20.0;0.0;0.006408292143513769;4.059464949324692;35.83536282953862;4010.1604706046364;35.8363961891948;1284.2472918289357;1.3157245255944356;8.879383287066906;1.584962500721156;0.011285298964761934;0.001388932472627523;0.8301297507012201;3.902977680610808;1;4.051526387532553e-06;0.6977821191151937;201.0;0.8608538574374068;959400.0;6.0;1840.0;3679.0;0.9786074971164936;0.19419995672180168;0.4566290800662164;0.4231202257979399;841.8775129461053;0.735044213763937;0.6275200454249639;0.6092840751784805;0.735044213763937;0.7204952367386294;0.009690651407220818;7.74571702087876;0.03292964244521335;0.08595464507956874;0.05523622055344313;0.03292964244521335;0.02797400811639028;0.11101499423298733;0.12443795878004216;0.13449556282762343;0.10294117647058831;0.10644564707945725;0.01496381706092981;262705.4281440695;9.269420436875375;26067.872909971582;5802.0;204911.47855351886;-533202.0614938724;210167.63062124464;56.0;55;1112.8879618208914
tf-idf;{'analyzer': 'word', 'binary': False, 'decode_error': 'strict', 'dtype': <class 'numpy.float64'>, 'encoding': 'utf-8', 'input': 'content', 'lowercase': True, 'max_df': 1.0, 'max_features': None, 'min_df': 1, 'ngram_range': (1, 1), 'norm': 'l2', 'preprocessor': None, 'smooth_idf': True, 'stop_words': None, 'strip_accents': None, 'sublinear_tf': False, 'token_pattern': '(?u)\\b\\w\\w+\\b', 'tokenizer': None, 'use_idf': True, 'vocabulary': None};nb;OrderedDict([('alpha', 1.0609217405662883), ('fit_prior', False)]);tf-idf;{'analyzer': 'word', 'binary': False, 'decode_error': 'strict', 'dtype': <class 'numpy.float64'>, 'encoding': 'utf-8', 'input': 'content', 'lowercase': True, 'max_df': 1.0, 'max_features': None, 'min_df': 1, 'ngram_range': (1, 1), 'norm': 'l2', 'preprocessor': None, 'smooth_idf': True, 'stop_words': None, 'strip_accents': None, 'sublinear_tf': False, 'token_pattern': '(?u)\\b\\w\\w+\\b', 'tokenizer': None, 'use_idf': True, 'vocabulary': None};nb;OrderedDict([('alpha', 1.0607381259319024), ('fit_prior', True)]);4.479780601337993;5331.0;18.840273869818045;0.3621710960908661;59.0;5331.0;59.0;59.0;1.0;5331.0;1.0;2.0;10662.0;224067.0;0.11669723787974133;0.033525793125862256;0.09561425823525999;21424.0;20.015475520540235;0.0;19.01575689364097;21.015475520540235;0.5154499626587006;4.667662434652726e-05;-0.2045170083914858;0.2237678908540749;20.0;0.00160219934216105;0.04928436583700411;0.3834011499394189;9.411398311143326;0.0;9.411839694579431;88.58272643646103;1.0;9.94269208364266;1.0;0.006872900100859285;0.00032336623464552584;1.0;4.025837244115675;1;3.824234008789062e-06;0.37749171257019043;288.0;0.9508130700815008;2142400.0;9.0;2098.0;4195.0;0.9884670793472145;0.17685773819890324;0.3585396012514892;0.34095313622479567;598.3468942257086;0.6823922966297755;0.6823922966297755;0.6823527763145975;0.6823922966297755;0.6823527763145975;0.001348167855039225;10.316030866526091;-0.04811480022509851;-0.04811480022509851;-0.048160301989134346;-0.04811480022509851;-0.04816030198913446;0.07343837929093988;0.06856124554492593;0.07631015138606179;0.06546614143687868;0.06689928425646019;0.006516556158386661;7.864672731687023;10.79548863031409;10.079988491432108;15056.0;9.791869331100102;54.05182521783763;12.312306860393807;10.285714285714286;9;12.274234048225498
tf-idf;{'analyzer': 'word', 'binary': False, 'decode_error': 'strict', 'dtype': <class 'numpy.float64'>, 'encoding': 'utf-8', 'input': 'content', 'lowercase': True, 'max_df': 1.0, 'max_features': None, 'min_df': 1, 'ngram_range': (1, 1), 'norm': 'l2', 'preprocessor': None, 'smooth_idf': True, 'stop_words': None, 'strip_accents': None, 'sublinear_tf': False, 'token_pattern': '(?u)\\b\\w\\w+\\b', 'tokenizer': None, 'use_idf': True, 'vocabulary': None};lr;OrderedDict([('C', 8.164596236577763), ('max_iter', 100)]);tf-idf;{'analyzer': 'word', 'binary': False, 'decode_error': 'strict', 'dtype': <class 'numpy.float64'>, 'encoding': 'utf-8', 'input': 'content', 'lowercase': True, 'max_df': 1.0, 'max_features': None, 'min_df': 1, 'ngram_range': (1, 1), 'norm': 'l2', 'preprocessor': None, 'smooth_idf': True, 'stop_words': None, 'strip_accents': None, 'sublinear_tf': False, 'token_pattern': '(?u)\\b\\w\\w+\\b', 'tokenizer': None, 'use_idf': True, 'vocabulary': None};lr;OrderedDict([('C', 6.8691918641050345), ('max_iter', 100)]);4.85677950323954;42058.0;71.197037424509;0.09031497691522508;1658.0;43381.0;1658.0;1658.0;1.0;40735.0;1.0;2.0;84116.0;9157935.0;1.0045932844030887e-05;0.042485789840491964;0.042460991478974246;388855.0;107.87268771696229;22.478833713638558;106.87312758571497;108.87268771696229;0.6876059199444523;0.0;7.193489676742919;0.25334346662211515;56.0;0.006991314089912191;0.03105448990411048;2.4537464050759556;134.58684078982338;1871.0045430196049;134.58764080433198;18113.833057275886;0.9992860979249847;10.573975782811738;1.0;0.02957872526906253;0.008407507244933632;0.9992860979249847;5.297805632690248;1;5.791982014973958e-06;19.534449815750122;484.0;1.666429963583285;38885500.0;2.0;6687.0;13373.0;0.9500857268533929;0.20709454537291672;0.3873774059980056;0.33254398549531766;1654.346950548421;0.8649444464755613;0.8643495297080066;0.8644963306501569;0.8649444464755613;0.8647007355788633;0.2694123539787067;5.750551475615657;-0.029459337597026902;-0.029977461530244054;-0.029571012587333523;-0.029459337597026902;-0.029495867774334772;0.11133499755120724;0.11220539612524272;0.1191896045861851;0.11157276119392057;0.11760016111686056;0.023692282155364106;9.191477005400511;9.762516507490712;18.91315662163911;302586.0;10.105539234900316;50.20403891287663;12.277260394353059;14.2;9;11.928234642167386
bow;{'analyzer': 'word', 'binary': True, 'decode_error': 'strict', 'dtype': <class 'numpy.int64'>, 'encoding': 'utf-8', 'input': 'content', 'lowercase': True, 'max_df': 0.8, 'max_features': 5000, 'min_df': 1, 'ngram_range': (1, 3), 'preprocessor': None, 'stop_words': None, 'strip_accents': None, 'token_pattern': '(?u)\\b\\w\\w+\\b', 'tokenizer': None, 'vocabulary': None};nb;OrderedDict([('alpha', 1.5783879853890563), ('fit_prior', True)]);bow;{'analyzer': 'word', 'binary': True, 'decode_error': 'strict', 'dtype': <class 'numpy.int64'>, 'encoding': 'utf-8', 'input': 'content', 'lowercase': True, 'max_df': 0.8, 'max_features': 5000, 'min_df': 1, 'ngram_range': (1, 3), 'preprocessor': None, 'stop_words': None, 'strip_accents': None, 'token_pattern': '(?u)\\b\\w\\w+\\b', 'tokenizer': None, 'vocabulary': None};nb;OrderedDict([('alpha', 1.610043007422499), ('fit_prior', False)]);6.031041826799897;3809.6666666666665;20.214891941552192;0.019537041345748057;422.0;4253.0;422.0;422.0;1.0;2938.0;1.0;3.0;11426.0;249792.0;0.0039753074558032285;0.12072440368890593;0.17706331667947733;44229.0;20.85598040073497;5.046432566344127;19.863242628401434;21.85598040073497;0.6669832010671731;0.0;27.8919207507567;0.3802203433256469;14.0;0.01615744299256982;0.13038848321803742;3.889481208756486;24.425231020004222;754.9227333531117;24.42629965391719;596.6441147829551;1.565218560305007;12.451135396637543;1.584962500721156;0.015009260254367973;0.0011682649126788457;0.9875429605387096;3.740742801715702;0.0010000000000000002;4.641215006510417e-06;0.3885233402252197;362.0;0.6468528088262441;4422900.0;8.0;2646.0;5291.0;0.987801469944877;0.17585187525009768;0.40007999090685775;0.38451213274566975;651.6022004104203;0.6533969407232689;0.6243521349802522;0.6209963894882483;0.6533969407232689;0.6443491267289086;0.0321112935732693;9.653497870108561;-0.028961177043733244;-0.0362390499930918;-0.042791472272951325;-0.028961177043733244;-0.039053632076150535;0.10202141311490687;0.09914618158454325;0.10284705157191276;0.10499592644119804;0.09962975612178104;0.0060882946513408824;13.124198285745322;16.203073898452583;19.847385976465866;29291.0;8.604583949526482;55.27253079638808;10.503783345858517;3.846153846153846;10;10.614103295091962
bow;{'analyzer': 'word', 'binary': True, 'decode_error': 'strict', 'dtype': <class 'numpy.int64'>, 'encoding': 'utf-8', 'input': 'content', 'lowercase': True, 'max_df': 0.8, 'max_features': 5000, 'min_df': 10, 'ngram_range': (1, 3), 'preprocessor': None, 'stop_words': None, 'strip_accents': None, 'token_pattern': '(?u)\\b\\w\\w+\\b', 'tokenizer': None, 'vocabulary': None};lr;OrderedDict([('C', 0.19499793088181833), ('max_iter', 100)]);bow;{'analyzer': 'word', 'binary': True, 'decode_error': 'strict', 'dtype': <class 'numpy.int64'>, 'encoding': 'utf-8', 'input': 'content', 'lowercase': True, 'max_df': 0.8, 'max_features': 5000, 'min_df': 10, 'ngram_range': (1, 3), 'preprocessor': None, 'stop_words': None, 'strip_accents': None, 'token_pattern': '(?u)\\b\\w\\w+\\b', 'tokenizer': None, 'vocabulary': None};lr;OrderedDict([('C', 0.19736951367657413), ('max_iter', 1000)]);4.788296826889312;7948.666666666667;21.393881573429507;0.3620294008091712;790.0;7998.0;790.0;790.0;1.0;7823.0;1.0;6.0;47692.0;1130531.0;0.004634990106419019;0.05304449926700794;0.09128453797374862;103200.0;22.704835192485113;123.05754759298725;21.709112639436384;23.704835192485113;0.6696899224806202;0.0;230.70166979810895;0.20603592471148513;20.0;0.0032772210580691726;0.07069155998375984;6.119433424300704;15.434719370433832;64.59308528524294;15.434881189628872;238.2355573379592;2.5849226624128394;11.603191844168007;2.584962500721156;0.04112387229478813;0.005453045257670036;0.9999845884385922;4.12129057230144;1;4.92254892985026e-06;2.041635513305664;557.0;1.0437531813377396;10320000.0;8.0;6108.0;12215.0;0.984726662752663;0.18537254241864196;0.4184400149418991;0.3963198709478165;1352.0566931849162;0.7892938219337874;0.7883382524406851;0.7856439466126189;0.7892938219337874;0.7865761904676568;0.191605955278139;6.175637149112099;-0.012245268879412574;-0.012307319248303528;-0.011802801970328791;-0.012245268879412574;-0.011679381430819147;0.18044743544598718;0.1794341428414108;0.18541335114605073;0.17717647957122085;0.18368903977566842;0.02601083375245586;8.845945551137518;8.812195854664548;9.90428678640443;54721.0;7.596356224790462;68.11175275679155;9.835712791387156;5.1;8;10.290670881583525
bow;{'analyzer': 'word', 'binary': True, 'decode_error': 'strict', 'dtype': <class 'numpy.int64'>, 'encoding': 'utf-8', 'input': 'content', 'lowercase': True, 'max_df': 0.8, 'max_features': 5000, 'min_df': 1, 'ngram_range': (1, 3), 'preprocessor': None, 'stop_words': None, 'strip_accents': None, 'token_pattern': '(?u)\\b\\w\\w+\\b', 'tokenizer': None, 'vocabulary': None};lr;OrderedDict([('C', 0.09595458793204115), ('max_iter', 100)]);bow;{'analyzer': 'word', 'binary': True, 'decode_error': 'strict', 'dtype': <class 'numpy.int64'>, 'encoding': 'utf-8', 'input': 'content', 'lowercase': True, 'max_df': 0.8, 'max_features': 5000, 'min_df': 1, 'ngram_range': (1, 3), 'preprocessor': None, 'stop_words': None, 'strip_accents': None, 'token_pattern': '(?u)\\b\\w\\w+\\b', 'tokenizer': None, 'vocabulary': None};nb;OrderedDict([('alpha', 4.159507294222769), ('fit_prior', False)]);4.68558946021722;7308.0;32.0314039408867;0.42390308643552677;760.0;9786.0;760.0;760.0;1.0;4830.0;1.0;2.0;14608.0;580178.0;0.00186839211414428;0.030643277810117445;0.04781118897993374;27739.0;38.613964146111336;2.085365761465411;37.70559660645868;39.69471811713191;0.5645481091603879;0.0;21.875158830954653;0.21395330398601808;27.0;0.006430785034937553;0.030950846119639146;3.35443876611818;42.17888592223422;3504.4212075605296;42.180328897412025;1779.1801458938519;0.9153954281388132;9.995012415675673;1.0;0.0040647646738054075;0.00041016273268130256;0.9153954281388132;4.409613883750578;1;4.213651021321614e-06;0.8249993324279785;225.0;0.9401142135923649;2773900.0;2.0;2017.0;4033.0;0.973705938697318;0.18137644511005052;0.39663015934244367;0.363919777566276;729.3610172248317;0.7344234628717388;0.660645790940622;0.6668451958520459;0.7344234628717388;0.716656588052842;-0.00022264057260760832;8.603325910979649;-0.013615216201423141;-0.03748167302001948;-0.037946794261069505;-0.013615216201423141;-0.02613098251594126;0.05466611932129184;0.08056806973582475;0.08815904169523314;0.0504926108374385;0.06857813609556729;0.012828696376954168;8.190455295502986;8.57635051483102;8.742660960216849;11870.0;7.614065418454423;67.37301916725417;9.800096993750254;9.0;8;10.516502846095344
bow;{'analyzer': 'word', 'binary': True, 'decode_error': 'strict', 'dtype': <class 'numpy.int64'>, 'encoding': 'utf-8', 'input': 'content', 'lowercase': True, 'max_df': 0.8, 'max_features': 5000, 'min_df': 1, 'ngram_range': (1, 3), 'preprocessor': None, 'stop_words': None, 'strip_accents': None, 'token_pattern': '(?u)\\b\\w\\w+\\b', 'tokenizer': None, 'vocabulary': None};lr;OrderedDict([('C', 9.962379886176365), ('max_iter', 871)]);tf-idf;{'analyzer': 'word', 'binary': False, 'decode_error': 'strict', 'dtype': <class 'numpy.float64'>, 'encoding': 'utf-8', 'input': 'content', 'lowercase': True, 'max_df': 0.8, 'max_features': 5000, 'min_df': 1, 'ngram_range': (1, 3), 'norm': 'l1', 'preprocessor': None, 'smooth_idf': True, 'stop_words': None, 'strip_accents': None, 'sublinear_tf': False, 'token_pattern': '(?u)\\b\\w\\w+\\b', 'tokenizer': None, 'use_idf': True, 'vocabulary': None};svm;OrderedDict([('C', 10.0), ('degree', 4), ('gamma', 4.12132238197469)]);3.6779038644457716;2786.0;14.37473079684135;0.0007120537524413119;351.0;4825.0;351.0;351.0;1.0;747.0;1.0;2.0;5572.0;90414.0;0.005596478421483399;0.7380533873782823;0.11723848076625301;10600.0;15.226489590811198;0.9661596333426785;14.238155061019382;16.226489590811198;0.6158490566037735;0.0;80.98574389014414;0.06397239365584975;12.0;0.018979361603291525;0.07299754462804434;5.115330534442396;13.590264624302867;2883.5814536787407;13.591484302530523;184.72844554593362;0.5684770745870579;9.720839636249472;1.0;0.052359496601789846;0.000932178015813663;0.5684770745870579;3.4908455766857265;1;3.7066141764322917e-06;0.10114765167236328;315.0;0.7016077716408055;1060000.0;6.0;520.0;1039.0;0.9939253409906676;0.17671726645010946;0.5902162078847831;0.5544154751363682;541.1357291107389;0.9178631305938274;0.7355269298796937;0.7812270907697106;0.9178631305938274;0.907692584130491;0.046955078983261886;7.4684189223953465;0.02404878485173967;0.09534950884863735;0.08892366501188831;0.02404878485173967;0.03319695637940612;0.029612445968560275;0.10057006237678245;0.14753177662046113;0.032483688886338236;0.057541708558419;0.01181470087162369;2.4025914945202587;-4.726667113165002;20.040885268979707;1241.0;1.7395909246283345;105.7793929379316;5.4586634996625945;4.555555555555555;4;4.761728278771053
bow;{'analyzer': 'word', 'binary': True, 'decode_error': 'strict', 'dtype': <class 'numpy.int64'>, 'encoding': 'utf-8', 'input': 'content', 'lowercase': True, 'max_df': 0.8, 'max_features': 5000, 'min_df': 1, 'ngram_range': (1, 3), 'preprocessor': None, 'stop_words': None, 'strip_accents': None, 'token_pattern': '(?u)\\b\\w\\w+\\b', 'tokenizer': None, 'vocabulary': None};lr;OrderedDict([('C', 4.124317985977439), ('max_iter', 1000)]);bow;{'analyzer': 'word', 'binary': True, 'decode_error': 'strict', 'dtype': <class 'numpy.int64'>, 'encoding': 'utf-8', 'input': 'content', 'lowercase': True, 'max_df': 0.8, 'max_features': 5000, 'min_df': 1, 'ngram_range': (1, 3), 'preprocessor': None, 'stop_words': None, 'strip_accents': None, 'token_pattern': '(?u)\\b\\w\\w+\\b', 'tokenizer': None, 'vocabulary': None};lr;OrderedDict([('C', 4.468509355206265), ('max_iter', 995)]);4.789275722362174;2786.0;14.251615218951903;0.022831179197067664;184.0;4825.0;184.0;184.0;1.0;747.0;1.0;2.0;5572.0;86141.0;0.0038425372354627878;0.08835023961191846;0.17749968075596986;15290.0;14.459619526202442;0.9661596333426785;13.462311557788945;15.459619526202442;0.6102027468933944;0.0;20.578491674079274;0.24336843082852533;12.0;0.021325501213127315;0.11946692051404094;2.8214303654774335;11.959445668689343;2883.5814536787407;11.960518986678373;143.05401443069385;0.5684770745870579;11.057215297005703;1.0;0.046363766865277656;0.0023903682059378565;0.5684770745870579;3.4906608029956554;1;3.7749608357747397e-06;0.0838788350423177;173.0;0.7390358853289689;1529000.0;9.0;242.0;483.0;0.9895235104091888;0.17286722769552387;0.4493458537317107;0.4319009650751537;483.94348855924204;0.9720628643758941;0.9159829517373367;0.936974033640745;0.9720628643758941;0.971387381617877;-0.08476622169473423;8.037810694073995;0.0073583811600090865;0.03706070428233277;0.019588998458058393;0.0073583811600090865;0.008247088501191602;0.056712264554699354;0.17115664653611484;0.17385330370523455;0.05653208729892367;0.06709540433779404;0.009326528223213072;6.5057719249160115;7.463554153522608;18.858655213434496;6272.0;4.593447446369606;81.28848348450738;6.702907024661693;4.666666666666667;6;7.763249878336371
bow;{'analyzer': 'word', 'binary': True, 'decode_error': 'strict', 'dtype': <class 'numpy.int64'>, 'encoding': 'utf-8', 'input': 'content', 'lowercase': True, 'max_df': 0.8, 'max_features': 5000, 'min_df': 1, 'ngram_range': (1, 3), 'preprocessor': None, 'stop_words': None, 'strip_accents': None, 'token_pattern': '(?u)\\b\\w\\w+\\b', 'tokenizer': None, 'vocabulary': None};lr;OrderedDict([('C', 4.287907271813932), ('max_iter', 1000)]);bow;{'analyzer': 'word', 'binary': True, 'decode_error': 'strict', 'dtype': <class 'numpy.int64'>, 'encoding': 'utf-8', 'input': 'content', 'lowercase': True, 'max_df': 0.8, 'max_features': 5000, 'min_df': 1, 'ngram_range': (1, 3), 'preprocessor': None, 'stop_words': None, 'strip_accents': None, 'token_pattern': '(?u)\\b\\w\\w+\\b', 'tokenizer': None, 'vocabulary': None};svm;OrderedDict([('C', 10.0), ('degree', 4), ('gamma', 0.013458596681734844)]);4.946495855312736;2786.0;14.05689160086145;0.03107511152876655;338.0;4825.0;338.0;338.0;1.0;747.0;1.0;2.0;5572.0;86255.0;0.00495043765578807;0.06633895226401808;0.18258651672366819;15749.0;14.480078966259871;0.9661596333426785;13.483309404163675;15.480078966259871;0.6147691916947108;0.0;154.85334015677907;0.21234711031244566;12.0;0.02266535273317489;0.12480435916758449;8.25111636721916;13.905529306419174;2883.5814536787407;13.906777278538035;193.39845427486176;0.5684770745870579;11.218363235047276;1.0;0.04497598082608675;0.002368328746801661;0.5684770745870579;3.4846062523446957;1;4.018147786458334e-06;0.0852355162302653;188.0;0.732611185093028;1574900.0;6.0;261.0;521.0;0.9897223618090453;0.16767504141081147;0.44226448526762163;0.4251305711049586;481.61508352508463;0.9721826605137824;0.9177490945966386;0.9374611615514022;0.9721826605137824;0.9715617843474598;-0.06327611652559753;8.4620598416629;0.005563081458089036;0.02527542352807488;0.014517644652725759;0.005563081458089036;0.006165806433276355;0.06137813090587718;0.15977799106161217;0.15569624260327464;0.05509617601066874;0.06494257087816602;0.010641782213451093;7.005827150992669;8.278503493562031;18.54306783799667;6180.0;4.102494566700074;83.95182848964106;6.267627523379903;4.4;6;7.404476135894216
tf-idf;{'analyzer': 'word', 'binary': False, 'decode_error': 'strict', 'dtype': <class 'numpy.float64'>, 'encoding': 'utf-8', 'input': 'content', 'lowercase': True, 'max_df': 0.8, 'max_features': 5000, 'min_df': 1, 'ngram_range': (1, 2), 'norm': 'l1', 'preprocessor': None, 'smooth_idf': True, 'stop_words': None, 'strip_accents': None, 'sublinear_tf': False, 'token_pattern': '(?u)\\b\\w\\w+\\b', 'tokenizer': None, 'use_idf': True, 'vocabulary': None};svm;OrderedDict([('C', 3.0163584992327275), ('degree', 4), ('gamma', 2.6609157697768446)]);tf-idf;{'analyzer': 'word', 'binary': False, 'decode_error': 'strict', 'dtype': <class 'numpy.float64'>, 'encoding': 'utf-8', 'input': 'content', 'lowercase': True, 'max_df': 0.8, 'max_features': 5000, 'min_df': 1, 'ngram_range': (1, 2), 'norm': 'l1', 'preprocessor': None, 'smooth_idf': True, 'stop_words': None, 'strip_accents': None, 'sublinear_tf': False, 'token_pattern': '(?u)\\b\\w\\w+\\b', 'tokenizer': None, 'use_idf': True, 'vocabulary': None};svm;OrderedDict([('C', 2.7995990142865015), ('degree', 4), ('gamma', 3.3021969849121433)]);4.2162607243622965;2786.0;14.372577171572146;0.36050585368489696;171.0;4825.0;171.0;171.0;1.0;747.0;1.0;2.0;5572.0;86835.0;0.009788679679852594;0.06052828725303807;0.15631945644037543;13574.0;14.584170854271356;0.9661596333426785;13.591888011486;15.584170854271356;0.5926771769559452;0.0;19.326944795657678;0.14967467035181667;12.0;0.021327805608337653;0.10756031554096851;2.690354477744154;11.405574793618202;2883.5814536787407;11.406598403653346;130.11048714222704;0.5684770745870579;11.097848467976833;1.0;0.04369403936606125;0.002381171754271674;0.5684770745870579;3.531917842105224;1;3.7399927775065106e-06;0.07668169339497884;191.0;0.7346827585080715;1357400.0;9.0;272.0;543.0;0.9895875807609475;0.16092660819313817;0.4203188510714992;0.4061283015651187;472.9066724602486;0.9709260247899429;0.9087264503574978;0.9336713710466754;0.9709260247899429;0.9700503040974549;0.0005412262560086037;8.618930998266201;0.006819298539511132;0.02882944059135284;0.017593374722791544;0.006819298539511132;0.007509696334798255;0.05761044575949692;0.17172247099023819;0.1524240263869434;0.058865793352821605;0.06288280504501609;0.007157488733096442;3.3991386623040363;4.431612775057555;9.48160496461922;5033.0;3.659862059758691;86.52938947372489;5.654539920957941;4.888888888888889;3;7.34317489451039
bow;{'analyzer': 'word', 'binary': True, 'decode_error': 'strict', 'dtype': <class 'numpy.int64'>, 'encoding': 'utf-8', 'input': 'content', 'lowercase': True, 'max_df': 0.8, 'max_features': 5000, 'min_df': 10, 'ngram_range': (1, 3), 'preprocessor': None, 'stop_words': None, 'strip_accents': None, 'token_pattern': '(?u)\\b\\w\\w+\\b', 'tokenizer': None, 'vocabulary': None};lr;OrderedDict([('C', 0.026318982151095908), ('max_iter', 100)]);bow;{'analyzer': 'word', 'binary': True, 'decode_error': 'strict', 'dtype': <class 'numpy.int64'>, 'encoding': 'utf-8', 'input': 'content', 'lowercase': True, 'max_df': 0.8, 'max_features': 5000, 'min_df': 10, 'ngram_range': (1, 3), 'preprocessor': None, 'stop_words': None, 'strip_accents': None, 'token_pattern': '(?u)\\b\\w\\w+\\b', 'tokenizer': None, 'vocabulary': None};nb;OrderedDict([('alpha', 0.48311020253871806), ('fit_prior', False)]);4.362060008063142;3000.0;50.0894;0.47354638827817974;294.0;6311.0;49.0;294.0;6.0;2076.0;6.0;5.0;15000.0;962404.0;0.0024854427038956614;0.02957354013183411;0.03974526290414421;38251.0;63.160266666666665;1.619130266966992;62.160266666666665;64.16026666666667;0.5915139473477817;0.0;-0.032442438596582246;0.17852066284013782;65.0;0.004935557208822906;0.027435463693002107;-0.08433641538750845;21.629012489298308;1852.846593757832;21.62973349243164;467.84537095361907;2.1396903004967722;10.086671268534378;2.321928094887362;0.010238847395631207;0.0016085160042710947;0.921514453960974;5.469443105508724;1;4.423459370930989e-06;1.4438608487447102;110.0;0.656733463645632;3825100.0;9.0;3931.0;7861.0;0.9602430666666667;0.19035524851561425;0.3271452146427564;0.29402226399780984;679.6023831431443;0.44697777777777786;0.31859541273554365;0.3049265737909132;0.44697777777777786;0.3938420098167945;0.04603416079708795;9.6413794774225;-0.01206666666666667;-0.05324892542271531;-0.07880054216985033;-0.01206666666666667;-0.06677119426745193;0.05573333333333336;0.06938751199741278;0.07308253871011977;0.07973333333333338;0.06805871612576608;0.006526875187796312;7.01103297875915;6.8193962364171945;8.651090024541356;15441.0;7.050637840337494;72.63933625863292;9.333753414710932;7.2857142857142865;6;9.871799739975707
bow;{'analyzer': 'word', 'binary': True, 'decode_error': 'strict', 'dtype': <class 'numpy.int64'>, 'encoding': 'utf-8', 'input': 'content', 'lowercase': True, 'max_df': 0.8, 'max_features': 5000, 'min_df': 1, 'ngram_range': (1, 3), 'preprocessor': None, 'stop_words': None, 'strip_accents': None, 'token_pattern': '(?u)\\b\\w\\w+\\b', 'tokenizer': None, 'vocabulary': None};lr;OrderedDict([('C', 0.21614086452934056), ('max_iter', 1000)]);bow;{'analyzer': 'word', 'binary': True, 'decode_error': 'strict', 'dtype': <class 'numpy.int64'>, 'encoding': 'utf-8', 'input': 'content', 'lowercase': True, 'max_df': 0.8, 'max_features': 5000, 'min_df': 1, 'ngram_range': (1, 3), 'preprocessor': None, 'stop_words': None, 'strip_accents': None, 'token_pattern': '(?u)\\b\\w\\w+\\b', 'tokenizer': None, 'vocabulary': None};lr;OrderedDict([('C', 0.54069899545236), ('max_iter', 1000)]);4.2411793161921905;4191.666666666667;13.993320079522864;0.0;93.0;5133.0;31.0;93.0;3.0;2894.0;3.0;3.0;12575.0;192247.0;0.04349612737780043;0.8169927949088392;0.12908393889111403;24816.0;14.28803180914513;3.60960433597821;13.28803180914513;15.28803180914513;0.5311089619600258;0.0;1.6789713913757458;0.13035313945081067;12.0;0.008743959593647755;0.06856804007344718;1.3554208581054408;9.926235890270107;1161.253776456005;9.926630595158835;98.53799497274346;1.5460856058903427;11.26088730260739;1.584962500721156;0.01551559529169446;0.0004363251955432023;0.9754714103247715;3.538904566338628;1;3.821055094401042e-06;0.28174583117167157;500.0;0.5426837723553818;2481600.0;9.0;3679.0;7357.0;0.9932734791252485;0.16365935409494925;0.4745236785006721;0.45688588180467243;747.0046600721519;0.5549901299059802;0.5085201525960591;0.4952046358345341;0.5549901299059802;0.5326718461917858;0.005105231667048253;8.094013932276098;0.030139348798436938;0.032949098798321974;0.03751293080936369;0.030139348798436938;0.03264012172204822;0.05892558830475836;0.06639848824746042;0.057819705727631676;0.06194795675696696;0.067811669257137;0.009964408155073328;55.13334254341374;0.49315812398531733;25.039968886043532;0.0;40.34816261203585;7.362602432778516;45.26991037131882;5.25;39;3.1291
bow;{'analyzer': 'word', 'binary': True, 'decode_error': 'strict', 'dtype': <class 'numpy.int64'>, 'encoding': 'utf-8', 'input': 'content', 'lowercase': True, 'max_df': 0.8, 'max_features': 5000, 'min_df': 1, 'ngram_range': (1, 2), 'preprocessor': None, 'stop_words': None, 'strip_accents': None, 'token_pattern': '(?u)\\b\\w\\w+\\b', 'tokenizer': None, 'vocabulary': None};lr;OrderedDict([('C', 0.29397976202716886), ('max_iter', 798)]);bow;{'analyzer': 'word', 'binary': True, 'decode_error': 'strict', 'dtype': <class 'numpy.int64'>, 'encoding': 'utf-8', 'input': 'content', 'lowercase': True, 'max_df': 0.8, 'max_features': 5000, 'min_df': 1, 'ngram_range': (1, 2), 'preprocessor': None, 'stop_words': None, 'strip_accents': None, 'token_pattern': '(?u)\\b\\w\\w+\\b', 'tokenizer': None, 'vocabulary': None};nb;OrderedDict([('alpha', 0.8632012725909878), ('fit_prior', False)]);4.252753623188406;528.6666666666666;14.011349306431274;0.0;54.0;654.0;18.0;54.0;3.0;361.0;3.0;3.0;1586.0;24150.0;0.045383022774327125;0.8175452917519139;0.28351966873706;6847.0;14.226986128625473;3.5006943567187787;13.226986128625473;15.226986128625473;0.6611654739301884;0.0;1.0411177146666022;0.13238095238095238;12.0;0.009316770186335404;0.18745341614906832;1.2045853799067565;9.56448496426157;151.01765901156506;9.567501676200411;91.53708832409768;1.5436570124037277;10.751889387819643;1.584962500721156;0.05089343598164221;0.0010257747938786643;0.9739391384347361;3.546410851747192;1;3.712972005208333e-06;0.023965994517008465;211.0;0.33106823130791857;684700.0;9.0;562.0;1123.0;0.9931046658259773;0.16138455358098855;0.5074196144377394;0.4888144399054324;274.78932397724134;0.49242225340996604;0.4372327266341851;0.4130184525737197;0.49242225340996604;0.45793968377053557;-0.0041820354935577205;6.280802728845078;-0.010708455061006927;-0.003266857157436298;0.0039805031647844324;-0.010708455061006927;-0.00183417554647064;0.048534732962899285;0.027229141846390914;0.05982976312210925;0.03971305684443677;0.05055761637704226;0.010283076172735921;47.49254004979888;0.5042573320719015;24.27659339207048;0.0;34.34581497797356;22.984096916299592;39.1136563876652;50.0;49;3.1291
bow;{'analyzer': 'word', 'binary': True, 'decode_error': 'strict', 'dtype': <class 'numpy.int64'>, 'encoding': 'utf-8', 'input': 'content', 'lowercase': True, 'max_df': 0.8, 'max_features': 5000, 'min_df': 1, 'ngram_range': (1, 2), 'preprocessor': None, 'stop_words': None, 'strip_accents': None, 'token_pattern': '(?u)\\b\\w\\w+\\b', 'tokenizer': None, 'vocabulary': None};nb;OrderedDict([('alpha', 8.429179967275271), ('fit_prior', False)]);tf-idf;{'analyzer': 'word', 'binary': False, 'decode_error': 'strict', 'dtype': <class 'numpy.float64'>, 'encoding': 'utf-8', 'input': 'content', 'lowercase': True, 'max_df': 0.8, 'max_features': 5000, 'min_df': 1, 'ngram_range': (1, 2), 'norm': 'l1', 'preprocessor': None, 'smooth_idf': True, 'stop_words': None, 'strip_accents': None, 'sublinear_tf': False, 'token_pattern': '(?u)\\b\\w\\w+\\b', 'tokenizer': None, 'use_idf': True, 'vocabulary': None};svm;OrderedDict([('C', 7.478053212889178), ('degree', 2), ('gamma', 4.084831225246809)]);4.248321342925659;522.3333333333334;14.56668793873644;0.0;51.0;623.0;25.5;51.0;2.0;354.0;2.0;3.0;1567.0;25020.0;0.04216626698641087;0.8167466788545523;0.27865707434052756;6972.0;14.966815571155074;3.5602696100231785;13.966815571155074;15.966815571155074;0.657487091222031;0.0;0.7346767083177062;0.1332933653077538;13.0;0.007154276578737011;0.18321342925659473;1.1521914265608038;10.226230846500064;146.71173549969797;10.229495405512674;104.6425762514049;1.5444892833810906;10.714923922092368;1.584962500721156;0.048999436278126224;0.0010371454437102696;0.9744642429573884;3.5878430590745265;1;3.5095214843749997e-06;0.021483500798543293;185.0;0.3313740084652943;697200.0;8.0;561.0;1121.0;0.992851308232291;0.16166696954428564;0.5053275944532086;0.48763381460646577;272.9717446850086;0.5056303198871495;0.44690214034955594;0.4179272091321951;0.5056303198871495;0.46754533627378;-0.00439828531356053;8.390825447658521;-0.023620970479281356;-0.02105127615935909;-0.01871918398191652;-0.023620970479281356;-0.0214394802850838;0.07657340864303358;0.04606469580341849;0.05135038379355078;0.05616482177436888;0.05408778831681954;0.004933917321470735;53.25257930717037;0.44617718446601984;24.850060189573462;0.0;38.854928909952605;11.248838862559268;43.73838862559242;50.0;49;3.1291
word2vec;{'hs': 1, 'min_count': 10, 'sg': 0, 'vector_size': 5000, 'window': 7, 'workers': 1};rf;OrderedDict([('max_depth', 26), ('max_features', 'sqrt'), ('min_samples_leaf', 5), ('min_samples_split', 5), ('n_estimators', 200)]);bow;{'analyzer': 'word', 'binary': True, 'decode_error': 'strict', 'dtype': <class 'numpy.int64'>, 'encoding': 'utf-8', 'input': 'content', 'lowercase': True, 'max_df': 0.8, 'max_features': 5000, 'min_df': 10, 'ngram_range': (1, 3), 'preprocessor': None, 'stop_words': None, 'strip_accents': None, 'token_pattern': '(?u)\\b\\w\\w+\\b', 'tokenizer': None, 'vocabulary': None};lr;OrderedDict([('C', 0.3832012871271981), ('max_iter', 100)]);4.652207572340366;4617.3;147.68057089641133;0.4673682595208041;1828.0;6970.0;457.0;1828.0;4.0;3009.0;4.0;10.0;46173.0;10784539.0;0.0028298845226485806;0.03094164539705833;0.018796260090486946;202709.0;232.56808091308773;4.418287037462449;231.56808091308773;233.56808091308773;0.40844264438184785;4.9331800758723096e-06;4.943841066941759;0.20771652826328507;175.0;0.002383319305535452;0.008502171488275947;1.9734248640290435;177.97504734202593;1045.0430134688238;177.97697463653017;31675.803500772105;3.2899086289980835;10.956203399712768;3.321928094887362;0.010723580208386643;0.0032353000258613113;0.9903611803221875;6.65473954171664;1;5.4295857747395825e-06;14.972041845321655;124.0;1.169814887606593;20270900.0;2.0;8367.0;16733.0;0.906989972494748;0.24072744405507154;0.37157636950425743;0.2734758153753818;1158.470858231714;0.5134963434619078;0.5018744883080876;0.5028629729595161;0.5134963434619078;0.5061562084713545;0.007155755097015376;7.207239954771734;0.15779784722673423;0.15833226457175098;0.16546029767634435;0.15779784722673423;0.15949378845683976;0.11290147921945726;0.11382894343594724;0.11180282432351113;0.11446083208801683;0.1130722723803469;-0.015871166029073392;9.534099060299177;8.65024830338816;8.96458363422032;95256.0;8.840168888058468;63.92889368558167;11.106122266016396;6625;8;11.197830977877214
bow;{'analyzer': 'word', 'binary': True, 'decode_error': 'strict', 'dtype': <class 'numpy.int64'>, 'encoding': 'utf-8', 'input': 'content', 'lowercase': True, 'max_df': 0.8, 'max_features': 5000, 'min_df': 10, 'ngram_range': (1, 3), 'preprocessor': None, 'stop_words': None, 'strip_accents': None, 'token_pattern': '(?u)\\b\\w\\w+\\b', 'tokenizer': None, 'vocabulary': None};lr;OrderedDict([('C', 3.7425614218754792), ('max_iter', 100)]);word2vec;{'hs': 1, 'min_count': 10, 'sg': 0, 'vector_size': 1000, 'window': 7, 'workers': 1};rf;OrderedDict([('max_depth', 41), ('max_features', 'sqrt'), ('min_samples_leaf', 3), ('min_samples_split', 4), ('n_estimators', 186)]);4.842845337060074;4617.3;148.29876767808025;0.0742286314921198;1729.0;6970.0;576.3333333333334;1729.0;3.0;3009.0;3.0;10.0;46173.0;10635211.0;0.0041995405638872605;0.05496135915993644;0.01658838738601425;176421.0;229.33398306369523;4.418287037462449;228.33398306369523;230.33398306369523;0.3419660924719846;0.0;4.854235792275487;0.25917012835946557;172.0;0.00263624294807127;0.006327660071812398;1.9824634101017224;177.19787078360602;1045.0430134688238;177.19978966205346;31399.765456275985;3.2899086289980835;11.068438234038158;3.321928094887362;0.010313595555159776;0.0030300089361932894;0.9903611803221875;6.693659810584091;1;5.3898493448893235e-06;13.513723134994507;126.0;1.1565798833681011;17642100.0;2.0;8597.0;17193.0;0.914206700885799;0.22200409537310886;0.35113988779343935;0.2734433926521155;1160.6776777898638;0.5067896822818531;0.4949436709113091;0.4954125246165579;0.5067896822818531;0.49880085511468897;0.005996949051715046;7.6791872430342725;0.1631689515517727;0.16224261473786405;0.16981346037711054;0.1631689515517727;0.16495916875681627;0.11175362224676766;0.11227472982710163;0.11127802289278077;0.11411430922833699;0.1115040833553505;-0.012871893425428044;10.353028360709558;9.898281446644841;19.360793520008002;69272.0;10.932434397665059;48.64709035950014;13.286671553370446;10.285714285714286;9;12.598132411652884
bow;{'analyzer': 'word', 'binary': True, 'decode_error': 'strict', 'dtype': <class 'numpy.int64'>, 'encoding': 'utf-8', 'input': 'content', 'lowercase': True, 'max_df': 0.8, 'max_features': 5000, 'min_df': 10, 'ngram_range': (1, 3), 'preprocessor': None, 'stop_words': None, 'strip_accents': None, 'token_pattern': '(?u)\\b\\w\\w+\\b', 'tokenizer': None, 'vocabulary': None};lr;OrderedDict([('C', 0.03999638245516266), ('max_iter', 100)]);bow;{'analyzer': 'word', 'binary': True, 'decode_error': 'strict', 'dtype': <class 'numpy.int64'>, 'encoding': 'utf-8', 'input': 'content', 'lowercase': True, 'max_df': 0.8, 'max_features': 5000, 'min_df': 10, 'ngram_range': (1, 3), 'preprocessor': None, 'stop_words': None, 'strip_accents': None, 'token_pattern': '(?u)\\b\\w\\w+\\b', 'tokenizer': None, 'vocabulary': None};nb;OrderedDict([('alpha', 0.10354220844764171), ('fit_prior', True)]);4.137753912351018;4697.2;44.68572766754662;0.47166131087389196;115.0;13131.0;115.0;115.0;1.0;842.0;1.0;5.0;22641.0;1363758.0;0.00328284050396038;0.03230716193764817;0.027659599430397475;37721.0;57.066848335178406;0.9428333256471718;56.10282721621392;58.066848335178406;0.5739773600911959;2.6510431854934915e-05;-1.1539001678779148;0.14320282630789333;57.0;0.0053609218057749245;0.01617002430049906;-0.0796188429963183;30.10709619433516;4982.004636689933;30.107737173166505;906.4758376884722;1.7498672057034648;9.37753004820693;2.321928094887362;0.007899675810389768;0.0011713190182350214;0.7536267852378743;5.0485456230899155;1;4.367828369140624e-06;2.666027625401815;160.0;0.7090202973815205;3772100.0;2.0;5026.0;10051.0;0.9633000936728263;0.2133699268012781;0.38828478877224926;0.3440371042079753;887.484627823629;0.5757614371408467;0.3077870615744969;0.3087340361685362;0.5757614371408467;0.5266370031791038;-0.0012262727804208933;6.901138349520624;-0.04845434233734669;-0.12466881820427156;-0.16076490786674702;-0.04845434233734669;-0.12070992657558677;0.05965239601663552;0.08563187426131236;0.09539524914591024;0.06122765941972186;0.08108971708169577;0.041796373575190456;4.63830440565318;5.070439720050327;7.735875777690069;12615.0;5.0306095631273315;82.43317283846197;7.456864545306665;6.0;4;8.387321549197619
bow;{'analyzer': 'word', 'binary': True, 'decode_error': 'strict', 'dtype': <class 'numpy.int64'>, 'encoding': 'utf-8', 'input': 'content', 'lowercase': True, 'max_df': 0.8, 'max_features': 5000, 'min_df': 1, 'ngram_range': (1, 3), 'preprocessor': None, 'stop_words': None, 'strip_accents': None, 'token_pattern': '(?u)\\b\\w\\w+\\b', 'tokenizer': None, 'vocabulary': None};lr;OrderedDict([('C', 0.22016650543904848), ('max_iter', 110)]);bow;{'analyzer': 'word', 'binary': True, 'decode_error': 'strict', 'dtype': <class 'numpy.int64'>, 'encoding': 'utf-8', 'input': 'content', 'lowercase': True, 'max_df': 0.8, 'max_features': 5000, 'min_df': 1, 'ngram_range': (1, 3), 'preprocessor': None, 'stop_words': None, 'strip_accents': None, 'token_pattern': '(?u)\\b\\w\\w+\\b', 'tokenizer': None, 'vocabulary': None};nb;OrderedDict([('alpha', 1.5783879853890563), ('fit_prior', True)]);4.137753912351018;11743.0;44.68572766754662;0.47166131087389196;115.0;19314.0;115.0;115.0;1.0;4172.0;1.0;2.0;22641.0;1363758.0;0.00328284050396038;0.03230716193764817;0.027659599430397475;37721.0;57.066848335178406;1.0967580149879312;56.10282721621392;58.066848335178406;0.5739773600911959;2.6510431854934915e-05;-1.1539001678779148;0.14320282630789333;57.0;0.0053609218057749245;0.01617002430049906;-0.0796188429963183;30.10709619433516;10707.010880726702;30.107737173166505;906.4758376884722;0.674881940021372;9.37753004820693;1.0;0.004451561913206989;0.0006627880735686831;0.674881940021372;5.0485456230899155;1;4.9575169881184895e-06;1.8410205841064453;109.0;1.1258374690540447;3772100.0;3.0;1761.0;3521.0;0.9633000936728263;0.2133699268012781;0.38828478877224926;0.3440371042079753;887.484627823629;0.847852577960242;0.6642645058150359;0.6820446454636674;0.847852577960242;0.8295374445505052;-0.024835066038546412;0.884763802194223;-0.03231717416427482;-0.12723061156232107;-0.13008929314477824;-0.03231717416427482;-0.05645080880542486;0.04206776538164314;0.12409923054124405;0.12136497268976265;0.040279155937903655;0.056652661413428174;0.09683880029694088;4.63830440565318;5.070439720050327;7.735875777690069;12615.0;5.0306095631273315;82.43317283846197;7.456864545306665;6.0;4;8.387321549197619
bow;{'analyzer': 'word', 'binary': True, 'decode_error': 'strict', 'dtype': <class 'numpy.int64'>, 'encoding': 'utf-8', 'input': 'content', 'lowercase': True, 'max_df': 0.8, 'max_features': 5000, 'min_df': 1, 'ngram_range': (1, 3), 'preprocessor': None, 'stop_words': None, 'strip_accents': None, 'token_pattern': '(?u)\\b\\w\\w+\\b', 'tokenizer': None, 'vocabulary': None};lr;OrderedDict([('C', 0.3690246486882476), ('max_iter', 100)]);bow;{'analyzer': 'word', 'binary': True, 'decode_error': 'strict', 'dtype': <class 'numpy.int64'>, 'encoding': 'utf-8', 'input': 'content', 'lowercase': True, 'max_df': 0.8, 'max_features': 5000, 'min_df': 1, 'ngram_range': (1, 3), 'preprocessor': None, 'stop_words': None, 'strip_accents': None, 'token_pattern': '(?u)\\b\\w\\w+\\b', 'tokenizer': None, 'vocabulary': None};nb;OrderedDict([('alpha', 0.6658979037860507), ('fit_prior', True)]);4.537589628301045;5663.333333333333;12.92001177163037;0.3049944742407943;170.0;10167.0;170.0;170.0;1.0;2461.0;1.0;3.0;16990.0;244203.0;0.00581073942580558;0.03453545894441883;0.08350020270021252;20391.0;13.373337257210123;1.4107413556458972;12.38805179517363;14.373337257210123;0.6254229807267913;0.0;12.400123504016323;0.20532507790649582;11.0;0.008669017170141236;0.06090424769556475;2.6571081779142522;13.25759840049783;4014.4377356403643;13.257988576591636;175.7742610970343;1.3506739737848112;10.336520197815723;1.584962500721156;0.02309789349234285;0.0015918185942140237;0.8521803974354322;3.2232101987180535;1;4.795392354329427e-06;0.44332218170166016;321.0;0.7645012350790269;2039100.0;9.0;1866.0;3731.0;0.989704826368452;0.1853075923276961;0.5054375624665675;0.48023945185233363;878.1415556894073;0.8475966682884096;0.7583693369889053;0.7716378653538943;0.8475966682884096;0.841575749488288;0.015227876613625594;7.530930969890552;-0.016127033261469026;-0.018793726956744083;-0.019174683506836376;-0.016127033261469026;-0.016266011280623327;0.12795745327734487;0.16393159134908197;0.16208279138413684;0.12224843767303062;0.12525867323546747;0.010848771268122157;7.84302941576242;8.201178973717145;10.378449822977625;8401.0;7.787376096920326;67.37600599907707;10.196296868657626;5.777777777777778;7;10.497559816938328
tf-idf;{'analyzer': 'word', 'binary': False, 'decode_error': 'strict', 'dtype': <class 'numpy.float64'>, 'encoding': 'utf-8', 'input': 'content', 'lowercase': True, 'max_df': 1.0, 'max_features': None, 'min_df': 1, 'ngram_range': (1, 1), 'norm': 'l2', 'preprocessor': None, 'smooth_idf': True, 'stop_words': None, 'strip_accents': None, 'sublinear_tf': False, 'token_pattern': '(?u)\\b\\w\\w+\\b', 'tokenizer': None, 'use_idf': True, 'vocabulary': None};lr;OrderedDict([('C', 9.747268661665732), ('max_iter', 996)]);tf-idf;{'analyzer': 'word', 'binary': False, 'decode_error': 'strict', 'dtype': <class 'numpy.float64'>, 'encoding': 'utf-8', 'input': 'content', 'lowercase': True, 'max_df': 1.0, 'max_features': None, 'min_df': 1, 'ngram_range': (1, 1), 'norm': 'l2', 'preprocessor': None, 'smooth_idf': True, 'stop_words': None, 'strip_accents': None, 'sublinear_tf': False, 'token_pattern': '(?u)\\b\\w\\w+\\b', 'tokenizer': None, 'use_idf': True, 'vocabulary': None};lr;OrderedDict([('C', 9.999949112170812), ('max_iter', 122)]);5.470058223372732;13988.5;55.55899488865854;0.04242062357684916;2676.0;14139.0;0.0;2676.0;0.0;13838.0;0.0;2.0;27977.0;2007613.0;1.743363885370338e-05;0.0005547154032127633;0.03618675511664848;72649.0;70.75948100225185;65.72334357892372;69.76041033706258;71.75940951495872;0.5524783548293851;0.0;65.60222737705085;0.2705441736031795;38.0;0.0;0.019992398933459787;5.542616118132792;103.80056158444731;212.83914113715082;103.8024167394733;10774.941720955288;0.9999165005475599;11.408728500320008;1.0;0.02201584992381212;0.005446106738123987;0.9999165005475599;4.904542226711361;0.0010000000000000002;5.45501708984375e-06;2.6373325188954673;514.0;1.2716522410032987;7264900.0;3.0;2639.0;5277.0;0.963699145726847;0.18266918749682165;0.32622379373353805;0.3087321991806245;919.8895178065568;0.866235306420703;0.8663953322708409;0.8660582909395274;0.866235306420703;0.8660506548956449;0.3596657048507728;8.08856330880667;-0.02498469019223626;-0.024758162914192527;-0.02493198027741861;-0.02498469019223626;-0.024952267201701517;0.11119857291165369;0.11201351197794152;0.11021691940864176;0.11323573462642111;0.11223987287741899;0.010049551683884628;1003810.8339742321;15.92632295168442;99588.00162721943;54693.0;782973.0326132777;-2037660.5422951933;803049.8431458654;65.0;64;3118.3572676548188
bow;{'analyzer': 'word', 'binary': True, 'decode_error': 'strict', 'dtype': <class 'numpy.int64'>, 'encoding': 'utf-8', 'input': 'content', 'lowercase': True, 'max_df': 0.8, 'max_features': 5000, 'min_df': 10, 'ngram_range': (1, 3), 'preprocessor': None, 'stop_words': None, 'strip_accents': None, 'token_pattern': '(?u)\\b\\w\\w+\\b', 'tokenizer': None, 'vocabulary': None};lr;OrderedDict([('C', 2.2364202820542705), ('max_iter', 895)]);bow;{'analyzer': 'word', 'binary': True, 'decode_error': 'strict', 'dtype': <class 'numpy.int64'>, 'encoding': 'utf-8', 'input': 'content', 'lowercase': True, 'max_df': 0.8, 'max_features': 5000, 'min_df': 10, 'ngram_range': (1, 3), 'preprocessor': None, 'stop_words': None, 'strip_accents': None, 'token_pattern': '(?u)\\b\\w\\w+\\b', 'tokenizer': None, 'vocabulary': None};lr;OrderedDict([('C', 2.2364202820542705), ('max_iter', 895)]);7.468637991813568;2898.0;167.66045548654245;0.313925400944439;14954.0;3900.0;14954.0;14954.0;1.0;1896.0;1.0;2.0;5796.0;1760474.0;0.033755681708448976;0.11818041583624807;0.0979838384435101;172498.0;302.73947550034507;2.045105241395823;301.7396480331263;303.73947550034507;0.5673341140187133;0.0;207.96577774583514;0.33221734601022224;160.0;0.01074199334951837;0.060224689487035875;11.707062884284666;632.0005572653507;1417.0419894978413;632.0550847282248;399493.6301308034;0.9119590304204053;12.682787832188433;1.0;0.03565490371220366;0.01336958456724926;0.9119590304204053;6.5211964455712765;1;5.687077840169271e-06;0.3854367733001709;58.0;0.7715973955183526;17249800.0;8.0;143.0;285.0;0.9142801932367149;0.2797482464831675;0.5851999628191732;0.5084330209462943;486.0371423725345;0.9525534851621807;0.9396294493129936;0.9453005890610194;0.9525534851621807;0.9521677868375785;0.4038163123444273;2.559611407115205;-0.008281573498964745;-0.012251703992210317;-0.00972931177556069;-0.008281573498964745;-0.008431034536777293;0.11525189786059364;0.12814589419019795;0.14117754435045715;0.1105935127674258;0.11685058169643259;0.08447135759160161;21.236467355976757;21.433217335985606;11.82983019005226;103933.0;12.100724111506029;34.984579133826145;12.834991634899389;5.4;11;12.563795280976919
bow;{'analyzer': 'word', 'binary': True, 'decode_error': 'strict', 'dtype': <class 'numpy.int64'>, 'encoding': 'utf-8', 'input': 'content', 'lowercase': True, 'max_df': 0.8, 'max_features': 5000, 'min_df': 10, 'ngram_range': (1, 3), 'preprocessor': None, 'stop_words': None, 'strip_accents': None, 'token_pattern': '(?u)\\b\\w\\w+\\b', 'tokenizer': None, 'vocabulary': None};lr;OrderedDict([('C', 0.49085826375100045), ('max_iter', 100)]);bow;{'analyzer': 'word', 'binary': True, 'decode_error': 'strict', 'dtype': <class 'numpy.int64'>, 'encoding': 'utf-8', 'input': 'content', 'lowercase': True, 'max_df': 0.8, 'max_features': 5000, 'min_df': 10, 'ngram_range': (1, 3), 'preprocessor': None, 'stop_words': None, 'strip_accents': None, 'token_pattern': '(?u)\\b\\w\\w+\\b', 'tokenizer': None, 'vocabulary': None};lr;OrderedDict([('C', 0.4856746520178609), ('max_iter', 1000)]);4.961934724360846;58029.0;20.658972238018922;0.0882588165982922;696.0;80300.0;696.0;696.0;1.0;35758.0;1.0;2.0;116058.0;2761401.0;0.005812629169034124;0.0599562593369924;0.041495241002664954;114585.0;22.877837625497648;1.8424273452235718;21.79517999620879;23.793284392286616;0.612680542828468;0.0;50.8044777746169;0.2879813543922089;16.0;0.007008761132483113;0.030335326162335714;4.908071250926433;23.87858058769337;31495.9502476112;23.878683461837763;570.1915238706442;0.8909733789413807;10.873001103936293;1.0;0.023412463042010594;0.002185147825893379;0.8909733789413807;4.031712105022992;1;5.2642822265625004e-06;9.902076164881388;446.0;1.8457961571820556;11458500.0;9.0;7112.0;14223.0;0.9851734649916422;0.18529703784960908;0.42322961791325187;0.401751099746987;2130.771112650924;0.909387260392792;0.8918850361522264;0.8933516445977633;0.909387260392792;0.9092220060071372;0.077802230799887;7.64717509821813;-0.010546450912474747;-0.01465631497162767;-0.01279389215350002;-0.010546450912474747;-0.010729909742586252;0.09761498561064297;0.12886438754085583;0.12055539560136974;0.09626221372072585;0.09999331395386657;0.014340158932779068;8.792392104441287;9.753738632053068;19.077980080776364;66089.0;10.063436667642929;47.31997934200609;13.034932773559365;5.166666666666667;9;12.32217632450729
tf-idf;{'analyzer': 'word', 'binary': False, 'decode_error': 'strict', 'dtype': <class 'numpy.float64'>, 'encoding': 'utf-8', 'input': 'content', 'lowercase': True, 'max_df': 0.8, 'max_features': 5000, 'min_df': 1, 'ngram_range': (1, 2), 'norm': 'l1', 'preprocessor': None, 'smooth_idf': True, 'stop_words': None, 'strip_accents': None, 'sublinear_tf': False, 'token_pattern': '(?u)\\b\\w\\w+\\b', 'tokenizer': None, 'use_idf': True, 'vocabulary': None};svm;OrderedDict([('C', 6.167292158067944), ('degree', 2), ('gamma', 5.357352564383987)]);bow;{'analyzer': 'word', 'binary': True, 'decode_error': 'strict', 'dtype': <class 'numpy.int64'>, 'encoding': 'utf-8', 'input': 'content', 'lowercase': True, 'max_df': 0.8, 'max_features': 5000, 'min_df': 10, 'ngram_range': (1, 3), 'preprocessor': None, 'stop_words': None, 'strip_accents': None, 'token_pattern': '(?u)\\b\\w\\w+\\b', 'tokenizer': None, 'vocabulary': None};lr;OrderedDict([('C', 6.6360850776123375), ('max_iter', 731)]);3.6709759056158626;2864.0;137.56564245810057;0.2802002785054444;8477.0;4360.0;4238.5;8477.0;2.0;1368.0;2.0;2.0;5728.0;1872179.0;0.25465406886841485;0.0529310923840077;0.019998087789682505;37440.0;325.84689245810057;1.3537124474052622;324.84689245810057;326.84689245810057;0.40205662393162395;2.670940170940171e-05;80.24969903117375;0.17377344794488134;210.0;0.047905141548965136;0.008040363661807978;6.425188129619807;418.73642743048117;2115.66348931015;418.77298393039194;175370.81206996433;0.793083865584751;9.536046723477828;1.0;0.016586036544281386;0.005937611570038493;0.793083865584751;6.102000949223757;1;5.256334940592447e-06;0.14426151911417642;50.0;0.809989112992026;3744000.0;5.0;114.0;227.0;0.9211319832402235;0.21925056681577118;0.45503085501448526;0.3904623856101939;465.66914928734354;0.9671201689678509;0.9528185716320389;0.954750453430564;0.9671201689678509;0.9671068798979006;-0.091110224957029;4.837858032246161;0.00034968007701197124;-0.0015265271106847944;0.00037096159374427895;0.00034968007701197124;0.00030907767128918184;0.10631554215953265;0.15238119861873667;0.1703574041528957;0.09706223025496019;0.11220773890463343;0.01947202263369403;4.764826831096766;8.858578134994936;11.85753022330582;23611.0;9.648366091571159;57.608496266181874;11.98490390126905;24.0;11;11.978029529840658
bow;{'analyzer': 'word', 'binary': True, 'decode_error': 'strict', 'dtype': <class 'numpy.int64'>, 'encoding': 'utf-8', 'input': 'content', 'lowercase': True, 'max_df': 0.8, 'max_features': 5000, 'min_df': 1, 'ngram_range': (1, 3), 'preprocessor': None, 'stop_words': None, 'strip_accents': None, 'token_pattern': '(?u)\\b\\w\\w+\\b', 'tokenizer': None, 'vocabulary': None};lr;OrderedDict([('C', 0.3434694966081155), ('max_iter', 100)]);bow;{'analyzer': 'word', 'binary': True, 'decode_error': 'strict', 'dtype': <class 'numpy.int64'>, 'encoding': 'utf-8', 'input': 'content', 'lowercase': True, 'max_df': 0.8, 'max_features': 5000, 'min_df': 1, 'ngram_range': (1, 3), 'preprocessor': None, 'stop_words': None, 'strip_accents': None, 'token_pattern': '(?u)\\b\\w\\w+\\b', 'tokenizer': None, 'vocabulary': None};lr;OrderedDict([('C', 0.351676646465112), ('max_iter', 107)]);5.650626244985947;1266.0;18.431542917324908;0.07408517784422942;49.0;1633.0;24.5;49.0;2.0;619.0;2.0;3.0;3798.0;73294.0;0.03143504243184981;0.047608010175014606;0.20697465003956667;15170.0;18.29805160610848;2.2526512088064545;17.29805160610848;19.29805160610848;0.6279499011206329;0.0;-0.7080943304157121;0.31574207984282476;20.0;0.0;0.15402352170709743;-0.00401224023288788;7.8077311030029515;562.0044483809714;7.8087591800504;60.97671993202139;1.4779596735687466;11.889099316568103;1.584962500721156;0.012300679054455898;0.0008782281049450007;0.932488732633281;4.048470391360213;1;4.00543212890625e-06;0.0979318618774414;200.0;0.5382437545709864;1517000.0;9.0;919.0;1837.0;0.9874784096893101;0.1691352548825328;0.3339834729774878;0.3247593312778132;349.2088843113362;0.59961383184132;0.5210549914920858;0.5115284406931636;0.59961383184132;0.5773706913370077;0.008420980158602745;9.56322670869997;-0.016587677725118377;0.02074404038090405;0.026350291368834378;-0.016587677725118377;-0.0026019965626038477;0.08794102159031048;0.09989550157260879;0.10936914625863914;0.08214849921011047;0.10391335076008568;0.010357203303154412;10.541874454454717;13.720156444847529;11.773416526046102;7325.0;8.985126825140831;49.72807341878334;10.053426551971521;4.333333333333333;10;11.00156335094453
bow;{'analyzer': 'word', 'binary': False, 'decode_error': 'strict', 'dtype': <class 'numpy.int64'>, 'encoding': 'utf-8', 'input': 'content', 'lowercase': True, 'max_df': 1.0, 'max_features': None, 'min_df': 1, 'ngram_range': (1, 1), 'preprocessor': None, 'stop_words': None, 'strip_accents': None, 'token_pattern': '(?u)\\b\\w\\w+\\b', 'tokenizer': None, 'vocabulary': None};lr;OrderedDict([('C', 0.9160162972148861), ('max_iter', 100)]);bow;{'analyzer': 'word', 'binary': False, 'decode_error': 'strict', 'dtype': <class 'numpy.int64'>, 'encoding': 'utf-8', 'input': 'content', 'lowercase': True, 'max_df': 1.0, 'max_features': None, 'min_df': 1, 'ngram_range': (1, 1), 'preprocessor': None, 'stop_words': None, 'strip_accents': None, 'token_pattern': '(?u)\\b\\w\\w+\\b', 'tokenizer': None, 'vocabulary': None};lr;OrderedDict([('C', 0.9497948590167655), ('max_iter', 1000)]);5.78986882641403;13717.333333333334;17.046607698289268;0.06834841492291718;56.0;18046.0;56.0;56.0;1.0;7708.0;1.0;3.0;41152.0;733913.0;0.03184709904307459;0.03987365707630097;0.08848051472040964;64937.0;16.834200038880248;2.554431977328635;15.835050544323483;17.834200038880248;0.5998891233041256;0.0;-0.6351358893981081;0.35087673879601533;18.0;0.0;0.06426511044224588;0.07524152129392515;7.564474275517177;5370.013159512119;7.564566186142927;57.22266158453695;1.5048162629477488;12.616258345804752;1.584962500721156;0.0077992265127578494;0.0006085457307788673;0.9494333539519447;3.921257418050511;0.0010000000000000002;4.61737314860026e-06;2.8915797074635825;685.0;1.0327299668921175;6493700.0;9.0;8757.0;17513.0;0.9892622472783826;0.17093113900411966;0.3010552473374849;0.29368226687623583;1089.843584003405;0.6533422287975599;0.6077478923287276;0.6033469065422858;0.6533422287975599;0.641043857611247;0.0033130631839330105;10.479892900257157;-0.029281945478542903;-0.026314496997428605;-0.027793697240818482;-0.029281945478542903;-0.02907327324143638;0.10653205257950182;0.1343725540559464;0.12446645838876202;0.10847598471776077;0.11643422446185414;0.005748415556004964;12.702743794577891;15.461077540803497;12.803180699369454;33354.0;11.014838958924305;40.53731660179713;12.528218683274918;7.25;12;12.690223520986468
bow;{'analyzer': 'word', 'binary': True, 'decode_error': 'strict', 'dtype': <class 'numpy.int64'>, 'encoding': 'utf-8', 'input': 'content', 'lowercase': True, 'max_df': 0.8, 'max_features': 5000, 'min_df': 1, 'ngram_range': (1, 3), 'preprocessor': None, 'stop_words': None, 'strip_accents': None, 'token_pattern': '(?u)\\b\\w\\w+\\b', 'tokenizer': None, 'vocabulary': None};lr;OrderedDict([('C', 0.16229420717569407), ('max_iter', 1000)]);bow;{'analyzer': 'word', 'binary': True, 'decode_error': 'strict', 'dtype': <class 'numpy.int64'>, 'encoding': 'utf-8', 'input': 'content', 'lowercase': True, 'max_df': 0.8, 'max_features': 5000, 'min_df': 1, 'ngram_range': (1, 3), 'preprocessor': None, 'stop_words': None, 'strip_accents': None, 'token_pattern': '(?u)\\b\\w\\w+\\b', 'tokenizer': None, 'vocabulary': None};lr;OrderedDict([('C', 0.2606295032824508), ('max_iter', 100)]);4.513605254885944;151616.0;9.906164257070493;0.3941713628429247;2222.0;151622.0;2222.0;2222.0;1.0;151610.0;1.0;2.0;303232.0;3178147.0;0.0021144396404571596;0.046500838046845;0.06018003572521976;191261.0;9.480909006964964;17868.116956063266;8.523777173913043;10.480909006964964;0.6367633757012668;0.0;12722.964036031924;0.18484639005055462;9.0;0.0057974033296760655;0.04613537385149271;85.25617282251329;12.41159635688407;8.48528137423857;12.411616822446833;154.04823214724522;0.999999998870316;11.619612660471331;1.0;0.002611465243009907;0.00010979993626134243;0.999999998870316;2.9234062406438768;1;5.714098612467448e-06;48.25832470258077;1558.0;0.8204642895900257;19126100.0;9.0;56725.0;113449.0;0.9930461593763191;0.1664051197470596;0.4272465908408562;0.3943179874581744;3403.3325670268223;0.6451133134305912;0.6451112607824815;0.6441063817827892;0.6451133134305912;0.6441071018384145;2.8448036572868218e-06;5.620446293140125;0.010533187141095746;0.010533853162825735;0.011099788288373436;0.010533187141095746;0.011099545732211835;0.042281158271407104;0.04310232496389077;0.04317038662478312;0.04342879362178709;0.04304500727316429;0.015900810418262093;7.6048960746778285;7.430949697945117;8.937972420018056;84460.0;7.023750555578967;72.40494274016717;9.209871262386683;6625;6;9.79307806104097
tf-idf;{'analyzer': 'word', 'binary': False, 'decode_error': 'strict', 'dtype': <class 'numpy.float64'>, 'encoding': 'utf-8', 'input': 'content', 'lowercase': True, 'max_df': 1.0, 'max_features': None, 'min_df': 1, 'ngram_range': (1, 1), 'norm': 'l2', 'preprocessor': None, 'smooth_idf': True, 'stop_words': None, 'strip_accents': None, 'sublinear_tf': False, 'token_pattern': '(?u)\\b\\w\\w+\\b', 'tokenizer': None, 'use_idf': True, 'vocabulary': None};lr;OrderedDict([('C', 0.46335036758731335), ('max_iter', 100)]);tf-idf;{'analyzer': 'word', 'binary': False, 'decode_error': 'strict', 'dtype': <class 'numpy.float64'>, 'encoding': 'utf-8', 'input': 'content', 'lowercase': True, 'max_df': 1.0, 'max_features': None, 'min_df': 1, 'ngram_range': (1, 1), 'norm': 'l2', 'preprocessor': None, 'smooth_idf': True, 'stop_words': None, 'strip_accents': None, 'sublinear_tf': False, 'token_pattern': '(?u)\\b\\w\\w+\\b', 'tokenizer': None, 'use_idf': True, 'vocabulary': None};lr;OrderedDict([('C', 0.5280067288091712), ('max_iter', 1000)]);4.515244923508008;353770.5;9.905290294131365;0.39417038234823765;1819.0;353783.0;1819.0;1819.0;1.0;353758.0;1.0;2.0;707539.0;7396003.0;0.0021485929629828436;0.04670469917999014;0.044815557808724524;331456.0;9.45310872444141;20012.28156270044;8.496293501012662;10.45310872444141;0.6393065746283066;0.0;5992.616077254884;0.18451520368501745;9.0;0.005588018285011512;0.03467467495618917;41.969591649538295;9.619216324791946;17.67766952966369;9.619223122437964;92.52945347924516;0.9999999990994219;11.690542534503377;1.0;0.002629125656937011;0.00010983070640704673;0.9999999990994219;2.9215495672193694;1;5.369186401367187e-06;174.10299595197043;1702.0;0.8514497787645278;33145600.0;9.0;127838.0;255675.0;0.9930458347996794;0.16644226838982468;0.4268542285867084;0.3938880439087407;5194.940674044754;0.6495425706778829;0.6495407103657381;0.6485107696800804;0.6495425706778829;0.6485114161995509;0.0005394868966861726;7.031042435555312;0.016377849481513995;0.016378332424946462;0.016857135487872932;0.016377849481513995;0.016856948162603635;0.04210639383442094;0.04221378908914741;0.042412953999942604;0.04181524462893327;0.042313511084338895;0.02073320589483821;7.598971964379292;7.427364617871554;8.914365519314448;143355.0;7.0381096213816505;72.25338232978197;9.204767371232181;6.857142857142857;6;9.788976069031186
tf-idf;{'analyzer': 'word', 'binary': False, 'decode_error': 'strict', 'dtype': <class 'numpy.float64'>, 'encoding': 'utf-8', 'input': 'content', 'lowercase': True, 'max_df': 1.0, 'max_features': None, 'min_df': 1, 'ngram_range': (1, 1), 'norm': 'l2', 'preprocessor': None, 'smooth_idf': True, 'stop_words': None, 'strip_accents': None, 'sublinear_tf': False, 'token_pattern': '(?u)\\b\\w\\w+\\b', 'tokenizer': None, 'use_idf': True, 'vocabulary': None};nb;OrderedDict([('alpha', 1.8732831895436963), ('fit_prior', False)]);tf-idf;{'analyzer': 'word', 'binary': False, 'decode_error': 'strict', 'dtype': <class 'numpy.float64'>, 'encoding': 'utf-8', 'input': 'content', 'lowercase': True, 'max_df': 1.0, 'max_features': None, 'min_df': 1, 'ngram_range': (1, 1), 'norm': 'l2', 'preprocessor': None, 'smooth_idf': True, 'stop_words': None, 'strip_accents': None, 'sublinear_tf': False, 'token_pattern': '(?u)\\b\\w\\w+\\b', 'tokenizer': None, 'use_idf': True, 'vocabulary': None};nb;OrderedDict([('alpha', 1.7776154888579396), ('fit_prior', False)]);5.121090867158672;4293.0;9.950733752620545;0.2627375751180432;38.0;4506.0;19.0;38.0;2.0;4080.0;2.0;2.0;8586.0;86720.0;2.3062730627306272e-05;8.437135752992728e-05;0.17234778597785977;14946.0;9.100163056137898;14.25168737856267;8.100163056137898;10.100163056137898;0.5091663321289978;0.0;1.6498897060223818;0.269015221402214;10.0;0.016305350553505536;0.08775369003690037;0.4876721323325323;3.300711436976002;301.22748878546923;3.3009036685033175;10.89596502873866;0.9982235201041274;11.453911423124984;1.0;0.0101319237856798;0.0005031554269424509;0.9982235201041274;3.224950298883699;1;3.902117411295573e-06;0.14897680282592773;447.0;0.9338006875621316;1494600.0;7.0;1535.0;3069.0;0.9940786163522013;0.17614313391781034;0.344186405383168;0.3342258233913811;523.7469277759259;0.7589874990294277;0.7577323372757893;0.7578824932300791;0.7589874990294277;0.7586533624822893;0.0115148867552991;11.523734824506016;-0.020731423247146497;-0.02024963447429584;-0.020602213865295704;-0.020731423247146497;-0.02068631225956652;0.09364081062194274;0.09280322315344247;0.08210108911499703;0.08933146983461449;0.08985094271780503;0.007290387891971697;43362.69033798432;13.901985701107012;4312.222424238929;10095.0;33824.749395756466;-87954.05253228781;34693.7389298893;66.0;65;676.8941834675243
tf-idf;{'analyzer': 'word', 'binary': False, 'decode_error': 'strict', 'dtype': <class 'numpy.float64'>, 'encoding': 'utf-8', 'input': 'content', 'lowercase': True, 'max_df': 1.0, 'max_features': None, 'min_df': 1, 'ngram_range': (1, 1), 'norm': 'l2', 'preprocessor': None, 'smooth_idf': True, 'stop_words': None, 'strip_accents': None, 'sublinear_tf': False, 'token_pattern': '(?u)\\b\\w\\w+\\b', 'tokenizer': None, 'use_idf': True, 'vocabulary': None};lr;OrderedDict([('C', 2.808449442458189), ('max_iter', 100)]);tf-idf;{'analyzer': 'word', 'binary': False, 'decode_error': 'strict', 'dtype': <class 'numpy.float64'>, 'encoding': 'utf-8', 'input': 'content', 'lowercase': True, 'max_df': 1.0, 'max_features': None, 'min_df': 1, 'ngram_range': (1, 1), 'norm': 'l2', 'preprocessor': None, 'smooth_idf': True, 'stop_words': None, 'strip_accents': None, 'sublinear_tf': False, 'token_pattern': '(?u)\\b\\w\\w+\\b', 'tokenizer': None, 'use_idf': True, 'vocabulary': None};lr;OrderedDict([('C', 3.2269667462808234), ('max_iter', 100)]);5.114269936593399;10016.5;9.970947935905755;0.26328636902469255;150.0;10479.0;75.0;150.0;2.0;9554.0;2.0;2.0;20033.0;202818.0;0.0;9.289048300772643e-05;0.11114891183228313;22543.0;9.124195078121101;15.314021781092006;8.124195078121101;10.124195078121101;0.4526460542075145;0.0;140.65873355226447;0.2684870179175418;10.0;0.016196787267402302;0.050311116370341885;3.7497845477767267;3.413930215321024;654.0737725975565;3.4140154261739197;11.65550133015349;0.9984615249701463;11.597407787425823;1.0;0.009248910388712549;0.0004626088047719051;0.9984615249701463;3.2286416066578427;1;4.008611043294271e-06;0.4876248836517334;610.0;1.1659289545586986;2254300.0;9.0;3489.0;6977.0;0.9941278390655418;0.17675744261624743;0.3398536747147205;0.33015099846464435;793.9657796562675;0.7685820954758819;0.767904180660634;0.7679715268421798;0.7685820954758819;0.7685004892231581;0.016916719670118065;11.53681344508313;-0.023910923991742328;-0.02310068799669507;-0.023700894062923195;-0.023910923991742328;-0.023847047571490698;0.08386172591512808;0.08661508778254301;0.09014126203155148;0.08291345030955255;0.08552391997552056;0.007302338568519541;101411.65821140136;13.862619688587799;10070.638500711968;15842.0;79102.90827904822;-205793.084356566;81132.77563924307;69.0;68;1019.7572028134132
bow;{'analyzer': 'word', 'binary': True, 'decode_error': 'strict', 'dtype': <class 'numpy.int64'>, 'encoding': 'utf-8', 'input': 'content', 'lowercase': True, 'max_df': 0.8, 'max_features': 5000, 'min_df': 1, 'ngram_range': (1, 3), 'preprocessor': None, 'stop_words': None, 'strip_accents': None, 'token_pattern': '(?u)\\b\\w\\w+\\b', 'tokenizer': None, 'vocabulary': None};lr;OrderedDict([('C', 1.7715431239325705), ('max_iter', 1000)]);bow;{'analyzer': 'word', 'binary': True, 'decode_error': 'strict', 'dtype': <class 'numpy.int64'>, 'encoding': 'utf-8', 'input': 'content', 'lowercase': True, 'max_df': 0.8, 'max_features': 5000, 'min_df': 1, 'ngram_range': (1, 3), 'preprocessor': None, 'stop_words': None, 'strip_accents': None, 'token_pattern': '(?u)\\b\\w\\w+\\b', 'tokenizer': None, 'vocabulary': None};lr;OrderedDict([('C', 1.5783879853890563), ('max_iter', 494)]);4.200951888760516;3057.1428571428573;15.489018691588784;0.45905227929845394;66.0;5400.0;66.0;66.0;1.0;572.0;1.0;7.0;21400.0;369581.0;0.0013528834003912538;0.014201716042832557;0.07263630976700643;26845.0;16.27014018691589;1.5067377522453034;15.27303738317757;17.27014018691589;0.6397839448686906;3.7250884708511824e-05;1.061366195023215;0.17240875477906062;15.0;0.001374529534797514;0.050768302483082194;1.0488323958365404;10.643675054788943;2028.9813888230906;10.64392374750145;113.29311274262533;2.513893600477336;9.672709907606867;2.807354922057604;0.04812520043761538;0.0021062920310102842;0.8954669681148899;3.6619236170763947;1;4.356702168782551e-06;1.3465737501780193;390.0;1.1174953184670136;2684500.0;7.0;3003.0;6005.0;0.9886444392523365;0.16637359619001116;0.3827435307873963;0.3642040629485218;880.3140120657957;0.792258254559064;0.6786686817304804;0.7033994220767377;0.792258254559064;0.7835301168407954;0.16925323942774598;8.50187681771379;-0.10649544329309191;-0.12532474466912502;-0.11501585515684654;-0.10649544329309191;-0.11097680362256601;0.191913674624837;0.20434824070437996;0.2149780347994129;0.18686701768616365;0.19894036451653785;0.00880701025707707;36.48176766316974;7.930514825499426;11.294875074771566;15896.0;30.42288766114665;12.756008707677879;33.113072564760934;56.0;55;17.061286365302138
bow;{'analyzer': 'word', 'binary': True, 'decode_error': 'strict', 'dtype': <class 'numpy.int64'>, 'encoding': 'utf-8', 'input': 'content', 'lowercase': True, 'max_df': 0.8, 'max_features': 5000, 'min_df': 1, 'ngram_range': (1, 3), 'preprocessor': None, 'stop_words': None, 'strip_accents': None, 'token_pattern': '(?u)\\b\\w\\w+\\b', 'tokenizer': None, 'vocabulary': None};svm;OrderedDict([('C', 10.0), ('degree', 2), ('gamma', 0.023926583569460754)]);bow;{'analyzer': 'word', 'binary': True, 'decode_error': 'strict', 'dtype': <class 'numpy.int64'>, 'encoding': 'utf-8', 'input': 'content', 'lowercase': True, 'max_df': 0.8, 'max_features': 5000, 'min_df': 1, 'ngram_range': (1, 3), 'preprocessor': None, 'stop_words': None, 'strip_accents': None, 'token_pattern': '(?u)\\b\\w\\w+\\b', 'tokenizer': None, 'vocabulary': None};svm;OrderedDict([('C', 10.0), ('degree', 3), ('gamma', 0.021623591234414877)]);4.227760259249965;771.4285714285714;15.28;0.45399410977425936;61.0;1400.0;61.0;61.0;1.0;147.0;1.0;7.0;5400.0;91649.0;0.0015603007125009546;0.01507143005329133;0.12184530109439273;11167.0;15.972037037037037;1.4673166893311673;14.97462962962963;16.972037037037037;0.6497716486075042;8.954956568460644e-05;1.0240601507498734;0.17386987310281618;15.0;0.0009601850538467414;0.08535826904821657;1.0508966883334505;10.579091692374412;525.7410189890256;10.580071373970473;111.93791027830943;2.5021865727623003;9.526612623689124;2.807354922057604;0.05787899827261623;0.002569139336251781;0.8912968407031214;3.638723525852573;1;4.027684529622396e-06;0.2339933713277181;276.0;0.65315336196919;1116700.0;6.0;1012.0;2023.0;0.9887361111111111;0.16683288920469475;0.4010997225318806;0.38239587899060756;452.447660407794;0.6796296296296296;0.5036982669599331;0.5160502836267938;0.6796296296296296;0.6509386509081563;0.030462790264569533;7.231980522044911;-0.1537037037037038;-0.15652262876979606;-0.18187795441286558;-0.1537037037037038;-0.17319072943832248;0.17296296296296299;0.15555171619047936;0.18697014925801775;0.17074074074074075;0.18709180363004385;0.01310124310909613;33.577148365196265;8.029568317004898;11.038430628959816;6158.0;28.08101243221623;18.74942835630702;30.66036758043961;53.0;52;16.42392994597532
bow;{'analyzer': 'word', 'binary': True, 'decode_error': 'strict', 'dtype': <class 'numpy.int64'>, 'encoding': 'utf-8', 'input': 'content', 'lowercase': True, 'max_df': 0.8, 'max_features': 5000, 'min_df': 1, 'ngram_range': (1, 3), 'preprocessor': None, 'stop_words': None, 'strip_accents': None, 'token_pattern': '(?u)\\b\\w\\w+\\b', 'tokenizer': None, 'vocabulary': None};lr;OrderedDict([('C', 1.7136275598853794), ('max_iter', 100)]);bow;{'analyzer': 'word', 'binary': True, 'decode_error': 'strict', 'dtype': <class 'numpy.int64'>, 'encoding': 'utf-8', 'input': 'content', 'lowercase': True, 'max_df': 0.8, 'max_features': 5000, 'min_df': 1, 'ngram_range': (1, 3), 'preprocessor': None, 'stop_words': None, 'strip_accents': None, 'token_pattern': '(?u)\\b\\w\\w+\\b', 'tokenizer': None, 'vocabulary': None};lr;OrderedDict([('C', 1.9171322780560027), ('max_iter', 100)]);5.545097448722397;1000.0;22.344666666666665;0.3108435683424707;478.0;1000.0;478.0;478.0;1.0;1000.0;1.0;6.0;5999.0;152747.0;0.005270152605288484;0.05775315097713907;0.169004955907481;25815.0;24.457833333333333;0.0;23.468666666666667;25.457833333333333;0.6730582994383111;3.873716831299632e-05;110.92581203196448;0.3032989191277079;20.0;0.015123046606479996;0.12795013977361258;7.957702834900568;24.494915567090427;0.0;24.496957065245166;600.1009054564651;2.584962500721156;11.48912093426859;2.584962500721156;0.11097007272966286;0.0108320946860655;1.0;4.136060527434123;1;4.089673360188802e-06;0.07806833585103352;146.0;0.6018828784868537;2581500.0;8.0;379.0;757.0;0.9852945;0.20503997728749812;0.4738769507663137;0.4497326078503245;498.14423871387373;0.8614999999999999;0.8615157073240906;0.8599993864146929;0.8614999999999999;0.8599930834567037;0.38731852865714234;6.165083783834412;-0.0045000000000000595;-0.004493515471559295;-0.0055715456042053635;-0.0045000000000000595;-0.005577503465380551;0.22216666666666673;0.21699294104483735;0.23581398264445863;0.22816666666666685;0.2367204328448399;0.04118170539235811;14.076552619620799;13.250423040878552;11.542839229589545;15272.0;11.655737392505774;44.942955948766894;14.372100801388306;8125;13;13.863587204955454
bow;{'analyzer': 'word', 'binary': True, 'decode_error': 'strict', 'dtype': <class 'numpy.int64'>, 'encoding': 'utf-8', 'input': 'content', 'lowercase': True, 'max_df': 0.8, 'max_features': 5000, 'min_df': 10, 'ngram_range': (1, 3), 'preprocessor': None, 'stop_words': None, 'strip_accents': None, 'token_pattern': '(?u)\\b\\w\\w+\\b', 'tokenizer': None, 'vocabulary': None};lr;OrderedDict([('C', 1.0385752998893814), ('max_iter', 100)]);bow;{'analyzer': 'word', 'binary': True, 'decode_error': 'strict', 'dtype': <class 'numpy.int64'>, 'encoding': 'utf-8', 'input': 'content', 'lowercase': True, 'max_df': 0.8, 'max_features': 5000, 'min_df': 10, 'ngram_range': (1, 3), 'preprocessor': None, 'stop_words': None, 'strip_accents': None, 'token_pattern': '(?u)\\b\\w\\w+\\b', 'tokenizer': None, 'vocabulary': None};lr;OrderedDict([('C', 0.9943197353286136), ('max_iter', 100)]);4.11670851910692;3576.5;16.935411715364182;0.48819218024135513;66.0;7029.0;33.0;66.0;2.0;879.0;2.0;6.0;21459.0;409773.0;0.0042242900337503934;0.0011672803475758315;0.04722614715952491;19352.0;18.095624213616663;1.4279606548628974;17.095624213616663;19.095624213616663;0.5164324100868127;5.167424555601488e-05;0.6526271808997262;0.1687202426709422;17.0;0.00010249577204940297;0.025824053805399576;0.9358416201057947;10.859609301282747;2504.620829586786;10.859862341705494;117.93661008079312;2.2875960043688477;9.250652101004686;2.584962500721156;0.037372251842282204;0.0013394053451774512;0.8849629361086094;3.8284998082343313;0.0010000000000000002;4.455248514811198e-06;1.7272729873657227;439.0;1.1688160123266909;1935200.0;9.0;3334.0;6667.0;0.9874028146698355;0.17031082711398007;0.37077042223052714;0.3541710692906483;870.1611621997915;0.7585317737701353;0.6485703005288702;0.6792569586139795;0.7585317737701353;0.7469644939433797;0.0035503208157274357;8.475154798132838;-0.010252108672351934;0.02783607542072608;0.014548246647196117;-0.010252108672351934;-0.005381175934967342;0.16543175357658801;0.17829462079414204;0.18599972688234523;0.1634745328300481;0.16757639531027269;0.0078457215765249;6372.647197124993;8.145275258591106;639.7470619883327;13164.0;4972.985235244375;-12850.779451413058;5102.420621108879;56.0;55;184.93001375595446
tf-idf;{'analyzer': 'word', 'binary': False, 'decode_error': 'strict', 'dtype': <class 'numpy.float64'>, 'encoding': 'utf-8', 'input': 'content', 'lowercase': True, 'max_df': 1.0, 'max_features': None, 'min_df': 1, 'ngram_range': (1, 1), 'norm': 'l2', 'preprocessor': None, 'smooth_idf': True, 'stop_words': None, 'strip_accents': None, 'sublinear_tf': False, 'token_pattern': '(?u)\\b\\w\\w+\\b', 'tokenizer': None, 'use_idf': True, 'vocabulary': None};lr;OrderedDict([('C', 9.979231844396207), ('max_iter', 976)]);tf-idf;{'analyzer': 'word', 'binary': False, 'decode_error': 'strict', 'dtype': <class 'numpy.float64'>, 'encoding': 'utf-8', 'input': 'content', 'lowercase': True, 'max_df': 1.0, 'max_features': None, 'min_df': 1, 'ngram_range': (1, 1), 'norm': 'l2', 'preprocessor': None, 'smooth_idf': True, 'stop_words': None, 'strip_accents': None, 'sublinear_tf': False, 'token_pattern': '(?u)\\b\\w\\w+\\b', 'tokenizer': None, 'use_idf': True, 'vocabulary': None};lr;OrderedDict([('C', 8.735480422677739), ('max_iter', 100)]);6.744111349036403;3910.3333333333335;6.5574119853379935;0.023907078246982967;65.0;5216.0;65.0;65.0;1.0;2780.0;1.0;6.0;23461.0;155978.0;0.0011347754170459936;0.1377686165401386;0.1793329828565567;27972.0;5.6481118404228114;4.091500819283927;4.657957548376097;6.6481118404228114;0.6252681252681253;0.0;16.5674435572065;0.49562758850607136;6.0;0.005654643603585121;0.12582543692059137;2.5089569606060995;3.8605984086766814;955.7210192659082;3.8606806847363355;14.90485534949622;2.5482116489470297;12.170502593837663;2.584962500721156;0.07135005263284651;0.0025539793237658055;0.9857828298229186;2.512281857367482;1;4.164377848307292e-06;0.35601123174031574;736.0;1.036347829050841;2797200.0;7.0;2991.0;5981.0;0.9958871366464922;0.1739277914160161;0.38342207164173037;0.3712990505415934;909.6453091898892;0.7643851582686336;0.7623436011099823;0.7674959015927728;0.7643851582686336;0.7650070803472458;0.0009526310190989456;5.527740965253951;-0.025999851973499633;-0.020886018665638773;-0.024783115605324202;-0.025999851973499633;-0.025353770442416934;0.17321638694781238;0.17753124259589392;0.18169834414040031;0.17598709858575834;0.17039974965647764;0.02206525865522104;14.54388684331326;18.97722545730336;19.586368736223783;18882.0;7.939596509546863;53.13350727172454;9.716198198139626;32.0;9;9.731141070609883
bow;{'analyzer': 'word', 'binary': True, 'decode_error': 'strict', 'dtype': <class 'numpy.int64'>, 'encoding': 'utf-8', 'input': 'content', 'lowercase': True, 'max_df': 0.8, 'max_features': 5000, 'min_df': 10, 'ngram_range': (1, 3), 'preprocessor': None, 'stop_words': None, 'strip_accents': None, 'token_pattern': '(?u)\\b\\w\\w+\\b', 'tokenizer': None, 'vocabulary': None};lr;OrderedDict([('C', 0.36894835502409146), ('max_iter', 101)]);bow;{'analyzer': 'word', 'binary': True, 'decode_error': 'strict', 'dtype': <class 'numpy.int64'>, 'encoding': 'utf-8', 'input': 'content', 'lowercase': True, 'max_df': 0.8, 'max_features': 5000, 'min_df': 10, 'ngram_range': (1, 3), 'preprocessor': None, 'stop_words': None, 'strip_accents': None, 'token_pattern': '(?u)\\b\\w\\w+\\b', 'tokenizer': None, 'vocabulary': None};lr;OrderedDict([('C', 0.3780532222620728), ('max_iter', 1000)]);6.143826083270335;7508.0;17.533342212750842;0.28121620917819046;60.0;8489.0;30.0;60.0;2.0;5784.0;2.0;3.0;22524.0;424617.0;0.005993636618411415;0.0744665365143737;0.13031272888273432;55333.0;17.851758124667022;5.012810224587678;16.851758124667022;18.851758124667022;0.7222272423327851;1.8072398026494135e-05;-0.25358601594447716;0.32785781068586517;16.0;0.010536554118181796;0.1047414493531818;0.8094065411038903;11.839939190042207;1497.7626647770333;11.840202028202585;140.1903840686526;1.5649668003886694;11.295631881980182;1.584962500721156;0.01838913097080323;0.0011781520648321755;0.9873841177167355;3.8443480635774714;1;4.0912628173828125e-06;0.9584258397420248;222.0;0.8259066649763971;5533300.0;7.0;5080.0;10159.0;0.9865331646244007;0.18332056734157878;0.43604911043096317;0.4134918607642802;954.1778144314944;0.5938554430829338;0.5851692006060686;0.584068179841696;0.5938554430829338;0.5903471343471915;0.01708466607401067;7.260627074341447;-0.05380927011188075;-0.05461470786661482;-0.05427716767850699;-0.05380927011188075;-0.05311316113457487;0.09811756348783518;0.10665556540309395;0.1243806748325108;0.09771798969987577;0.10840031656693994;0.00989590471519988;14.078760604785856;15.66880572139726;11.455045834357415;31103.0;9.20641479015735;52.46576304345297;11.111217898566123;7.25;10;11.357137367601716
bow;{'analyzer': 'word', 'binary': True, 'decode_error': 'strict', 'dtype': <class 'numpy.int64'>, 'encoding': 'utf-8', 'input': 'content', 'lowercase': True, 'max_df': 0.8, 'max_features': 5000, 'min_df': 1, 'ngram_range': (1, 3), 'preprocessor': None, 'stop_words': None, 'strip_accents': None, 'token_pattern': '(?u)\\b\\w\\w+\\b', 'tokenizer': None, 'vocabulary': None};lr;OrderedDict([('C', 0.48455313504040737), ('max_iter', 997)]);bow;{'analyzer': 'word', 'binary': True, 'decode_error': 'strict', 'dtype': <class 'numpy.int64'>, 'encoding': 'utf-8', 'input': 'content', 'lowercase': True, 'max_df': 0.8, 'max_features': 5000, 'min_df': 1, 'ngram_range': (1, 3), 'preprocessor': None, 'stop_words': None, 'strip_accents': None, 'token_pattern': '(?u)\\b\\w\\w+\\b', 'tokenizer': None, 'vocabulary': None};lr;OrderedDict([('C', 1.289474946074326), ('max_iter', 100)]);5.3476175581274115;7273.666666666667;10.052197424499335;0.004244939446290098;581.0;9777.0;581.0;581.0;1.0;4031.0;1.0;3.0;21589.0;239775.0;0.0;0.0;0.0727890730893546;17453.0;9.988268182026488;2.471109178454663;9.072178176985473;10.988268182026488;0.49785137225691856;0.0;127.0355598136178;0.25440934209154414;6.0;0.0;0.03623813992284433;7.3510962387851535;16.029727259891718;2943.4825179255495;16.03009457298992;256.9639320190009;1.4997945814309523;10.992989045200343;1.584962500721156;0.014428542274935644;0.0008468999722591182;0.946265025670038;2.597702216891339;1;4.1135152180989585e-06;0.8039271831512451;933.0;0.8777830212241639;1745300.0;9.0;4294.0;8587.0;0.992891434856331;0.1570562357017714;0.3599347695454189;0.3333709446057262;842.3208538722221;0.6756490603664197;0.6164107536263179;0.6203245766226666;0.6756490603664197;0.6629188332153492;0.011573221325135571;8.167890561003299;-0.005866364765239385;-0.01966872111970741;-0.016769456873851007;-0.005866364765239385;-0.01123558834124827;0.11768506417238844;0.11865135258217518;0.12994883678103908;0.1116812801721383;0.12371528698415135;0.01978062323359504;119891.25727869879;15.216058388072156;11903.551262923575;11540.0;93516.05658680013;-243303.85366468562;95914.85605254926;56.0;55;1065.3466409538294
tf-idf;{'analyzer': 'word', 'binary': False, 'decode_error': 'strict', 'dtype': <class 'numpy.float64'>, 'encoding': 'utf-8', 'input': 'content', 'lowercase': True, 'max_df': 1.0, 'max_features': None, 'min_df': 1, 'ngram_range': (1, 1), 'norm': 'l2', 'preprocessor': None, 'smooth_idf': True, 'stop_words': None, 'strip_accents': None, 'sublinear_tf': False, 'token_pattern': '(?u)\\b\\w\\w+\\b', 'tokenizer': None, 'use_idf': True, 'vocabulary': None};lr;OrderedDict([('C', 2.678000580975956), ('max_iter', 100)]);tf-idf;{'analyzer': 'word', 'binary': False, 'decode_error': 'strict', 'dtype': <class 'numpy.float64'>, 'encoding': 'utf-8', 'input': 'content', 'lowercase': True, 'max_df': 1.0, 'max_features': None, 'min_df': 1, 'ngram_range': (1, 1), 'norm': 'l2', 'preprocessor': None, 'smooth_idf': True, 'stop_words': None, 'strip_accents': None, 'sublinear_tf': False, 'token_pattern': '(?u)\\b\\w\\w+\\b', 'tokenizer': None, 'use_idf': True, 'vocabulary': None};lr;OrderedDict([('C', 2.8290852786842917), ('max_iter', 1000)]);5.484339319486268;8323.333333333334;24.505246295554667;0.3161704355277574;100.0;10556.0;50.0;100.0;2.0;7048.0;2.0;3.0;24970.0;667819.0;0.0047647641052440855;0.06664575320335532;0.10685679802461445;71361.0;25.74485382458951;4.29021766057141;24.74485382458951;26.74485382458951;0.6734630960889001;0.0;-1.0080248123824453;0.2836292468468253;26.0;0.010207855721385585;0.08030918557273753;0.2250365541804806;14.586525927547669;1940.0725072360913;14.58681801733669;212.77525987089828;1.5597608882064984;11.593819755511646;1.584962500721156;0.02392102726598009;0.0022032333314347774;0.9840995528265236;4.338462862026977;1;4.27405039469401e-06;1.2604788144429524;200.0;0.8553940868542661;7136100.0;8.0;4814.0;9627.0;0.9828967160592711;0.18919236747934243;0.3917679840244925;0.3712200398625364;951.0154911397905;0.6673603924961778;0.643679226600415;0.6417768920090778;0.6673603924961778;0.6586659982666593;0.13342625291767762;6.023667461485357;-0.04213059369014027;-0.05442514410629651;-0.05249977558943619;-0.04213059369014027;-0.051010437027861344;0.11601888504167068;0.11858877645711208;0.11166801229437473;0.11617950708662494;0.11405034929741731;0.017462807989761728;11.748515130526243;12.098937812101944;11.292812056289016;39921.0;8.842357135713144;57.839917375916315;11.216417606702793;11.333333333333334;10;11.491586381952967
tf-idf;{'analyzer': 'word', 'binary': False, 'decode_error': 'strict', 'dtype': <class 'numpy.float64'>, 'encoding': 'utf-8', 'input': 'content', 'lowercase': True, 'max_df': 1.0, 'max_features': None, 'min_df': 1, 'ngram_range': (1, 1), 'norm': 'l2', 'preprocessor': None, 'smooth_idf': True, 'stop_words': None, 'strip_accents': None, 'sublinear_tf': False, 'token_pattern': '(?u)\\b\\w\\w+\\b', 'tokenizer': None, 'use_idf': True, 'vocabulary': None};lr;OrderedDict([('C', 4.529109756695851), ('max_iter', 107)]);tf-idf;{'analyzer': 'word', 'binary': False, 'decode_error': 'strict', 'dtype': <class 'numpy.float64'>, 'encoding': 'utf-8', 'input': 'content', 'lowercase': True, 'max_df': 1.0, 'max_features': None, 'min_df': 1, 'ngram_range': (1, 1), 'norm': 'l2', 'preprocessor': None, 'smooth_idf': True, 'stop_words': None, 'strip_accents': None, 'sublinear_tf': False, 'token_pattern': '(?u)\\b\\w\\w+\\b', 'tokenizer': None, 'use_idf': True, 'vocabulary': None};lr;OrderedDict([('C', 9.990106628872864), ('max_iter', 116)]);5.484339319486268;3121.25;24.505246295554667;0.3161704355277574;100.0;7520.0;50.0;100.0;2.0;34.0;2.0;8.0;24970.0;667819.0;0.0047647641052440855;0.06664575320335532;0.10685679802461445;71361.0;25.74485382458951;1.08649516817226;24.74485382458951;26.74485382458951;0.6734630960889001;0.0;-1.0080248123824453;0.2836292468468253;26.0;0.010207855721385585;0.08030918557273753;0.2250365541804806;14.586525927547669;2872.769333388454;14.58681801733669;212.77525987089828;2.4017531863018173;11.593819755511646;3.0;0.02883975098939947;0.0024712637925666846;0.8005843954339391;4.338462862026977;1;4.1898091634114585e-06;1.6628506183624268;205.0;0.7505812222187297;7136100.0;5.0;7264.0;14527.0;0.9828967160592711;0.18919236747934243;0.3917679840244925;0.3712200398625364;951.0154911397905;0.5180345172142882;0.2953516969587176;0.2984530241290311;0.5180345172142882;0.485941961538422;0.098339890159231;6.794918769830132;-0.042050580971245144;-0.04548224329137629;-0.05867686337379008;-0.042050580971245144;-0.06558139688724146;0.0977974870482839;0.07767787982589713;0.09841389552003099;0.1061273788243216;0.10809253464065066;0.023439525459988234;11.748515130526243;12.098937812101944;11.292812056289016;39921.0;8.842357135713144;57.839917375916315;11.216417606702793;11.333333333333334;10;11.491586381952967
tf-idf;{'analyzer': 'word', 'binary': False, 'decode_error': 'strict', 'dtype': <class 'numpy.float64'>, 'encoding': 'utf-8', 'input': 'content', 'lowercase': True, 'max_df': 1.0, 'max_features': None, 'min_df': 1, 'ngram_range': (1, 1), 'norm': 'l2', 'preprocessor': None, 'smooth_idf': True, 'stop_words': None, 'strip_accents': None, 'sublinear_tf': False, 'token_pattern': '(?u)\\b\\w\\w+\\b', 'tokenizer': None, 'use_idf': True, 'vocabulary': None};nb;OrderedDict([('alpha', 0.5302839947519002), ('fit_prior', True)]);tf-idf;{'analyzer': 'word', 'binary': False, 'decode_error': 'strict', 'dtype': <class 'numpy.float64'>, 'encoding': 'utf-8', 'input': 'content', 'lowercase': True, 'max_df': 1.0, 'max_features': None, 'min_df': 1, 'ngram_range': (1, 1), 'norm': 'l2', 'preprocessor': None, 'smooth_idf': True, 'stop_words': None, 'strip_accents': None, 'sublinear_tf': False, 'token_pattern': '(?u)\\b\\w\\w+\\b', 'tokenizer': None, 'use_idf': True, 'vocabulary': None};nb;OrderedDict([('alpha', 0.41002219558028213), ('fit_prior', True)]);5.836463630674857;3806.5;14.24615788782346;0.2853541996410488;31.0;4342.0;31.0;31.0;1.0;3271.0;1.0;2.0;7613.0;113461.0;0.010761407003287473;0.07064044235621;0.24663100096068252;27983.0;13.903585971364771;5.026334197173844;12.904636805464337;14.903585971364771;0.7299074438051675;0.0;-0.6146371414822864;0.3062990807414001;15.0;0.011378359083738025;0.20504843073831536;0.02242315007147677;5.732227367507275;757.3113626507924;5.732603880849171;32.862747254726976;0.9856763595428428;12.329895833470415;1.0;0.017744811150295112;0.0009321758830472787;0.9856763595428428;3.7006199038015377;1;3.959337870279948e-06;0.1913751761118571;213.0;0.8632248995268502;2798300.0;2.0;1286.0;2571.0;0.9905742808354131;0.1683520296095002;0.36294665908841145;0.3506347750351028;512.4948840830735;0.6973194238621007;0.6822101345954789;0.6838589956304132;0.6973194238621007;0.6928086018599607;0.07984335263707461;8.404195593658251;-0.02824102935084527;-0.03226552030209984;-0.03473384359393028;-0.02824102935084527;-0.03234444084505661;0.08827017094725931;0.08246164499971109;0.08604172271874244;0.06869847144841068;0.07435271908600338;0.013422976278596644;12.5508338472291;13.664655272955638;11.475409099988235;17521.0;9.092502160336313;52.99659325966607;11.618566281487801;17.25;11;11.654527207921497
bow;{'analyzer': 'word', 'binary': True, 'decode_error': 'strict', 'dtype': <class 'numpy.int64'>, 'encoding': 'utf-8', 'input': 'content', 'lowercase': True, 'max_df': 0.8, 'max_features': 5000, 'min_df': 1, 'ngram_range': (1, 3), 'preprocessor': None, 'stop_words': None, 'strip_accents': None, 'token_pattern': '(?u)\\b\\w\\w+\\b', 'tokenizer': None, 'vocabulary': None};lr;OrderedDict([('C', 0.6309750266166035), ('max_iter', 100)]);tf-idf;{'analyzer': 'word', 'binary': False, 'decode_error': 'strict', 'dtype': <class 'numpy.float64'>, 'encoding': 'utf-8', 'input': 'content', 'lowercase': True, 'max_df': 0.8, 'max_features': 5000, 'min_df': 1, 'ngram_range': (1, 3), 'norm': 'l1', 'preprocessor': None, 'smooth_idf': True, 'stop_words': None, 'strip_accents': None, 'sublinear_tf': False, 'token_pattern': '(?u)\\b\\w\\w+\\b', 'tokenizer': None, 'use_idf': True, 'vocabulary': None};lr;OrderedDict([('C', 9.950033474714676), ('max_iter', 991)]);4.928452960369587;19039.5;10.853751411539168;0.0905142594431464;45.0;26671.0;0.0;45.0;0.0;11408.0;0.0;2.0;38079.0;442582.0;0.005603481388759597;0.04889757859795997;0.06426153797488375;28441.0;10.916419126101955;1.764130192020084;9.688647285905617;11.622731689382599;0.6304279033789247;0.0;0.34321414876713074;0.2978047005978553;9.0;0.008228667484562776;0.04820349675314405;1.1101382678890321;9.569926946334453;10792.570801250275;9.57005260766273;91.5859069134322;0.880786321853728;10.059749827261184;1.0;0.02782359731045092;0.001686869105391438;0.880786321853728;2.923846908523761;1;3.924369812011719e-06;1.232358455657959;435.0;1.3138277368976372;2844100.0;6.0;2707.0;5413.0;0.9914625121458022;0.2058003103155538;0.5669096102158578;0.5370923742770312;1354.156266688186;0.9041378887750904;0.8877241976587071;0.8861671406626828;0.9041378887750904;0.9042927726758063;-0.06023392508956792;4.243076259254962;-0.007957141731663175;-0.004877817887540048;-0.008596986816840513;-0.007957141731663175;-0.007591242395849962;0.09165156648021222;0.1239685962805982;0.11997478470119838;0.09427768586359953;0.0999216588118611;0.011808240889208047;8.387727446230151;9.782570654309339;18.972835900856097;17708.0;10.280303249363843;44.885414703497645;13.740414550456908;5.4;9;12.67823646815469
bow;{'analyzer': 'word', 'binary': True, 'decode_error': 'strict', 'dtype': <class 'numpy.int64'>, 'encoding': 'utf-8', 'input': 'content', 'lowercase': True, 'max_df': 0.8, 'max_features': 5000, 'min_df': 1, 'ngram_range': (1, 3), 'preprocessor': None, 'stop_words': None, 'strip_accents': None, 'token_pattern': '(?u)\\b\\w\\w+\\b', 'tokenizer': None, 'vocabulary': None};svm;OrderedDict([('C', 10.0), ('degree', 2), ('gamma', 0.020169594563471397)]);bow;{'analyzer': 'word', 'binary': True, 'decode_error': 'strict', 'dtype': <class 'numpy.int64'>, 'encoding': 'utf-8', 'input': 'content', 'lowercase': True, 'max_df': 0.8, 'max_features': 5000, 'min_df': 1, 'ngram_range': (1, 3), 'preprocessor': None, 'stop_words': None, 'strip_accents': None, 'token_pattern': '(?u)\\b\\w\\w+\\b', 'tokenizer': None, 'vocabulary': None};svm;OrderedDict([('C', 3.9725206582955073), ('degree', 2), ('gamma', 0.06373771901669639)]);3.854596871593955;3865.5;43.99029879705083;0.46065643491227715;4239.0;3900.0;4239.0;4239.0;1.0;3831.0;1.0;2.0;7731.0;577099.0;0.0;2.3326429819977687e-06;0.03265990757218432;18848.0;73.647393610141;79.22670326598839;72.64998059759411;74.647393610141;0.5325233446519525;5.305602716468591e-05;116.9774844698281;0.13168624447451824;22.0;0.0023479506982337518;0.017392163216363225;7.123941933160063;144.36890471526294;48.79036790187178;144.37824263479118;20845.076946310637;0.9999425384754752;9.097524502522168;1.0;0.05981565066541157;0.012685372865599337;0.9999425384754752;4.417111825457046;1;4.682540893554688e-06;0.19922407468159994;198.0;0.8586757698270092;1884800.0;6.0;434.0;867.0;0.9667607036605872;0.18438583084825305;0.4407039940619962;0.40564208973702215;550.7287086144482;0.8616392877161213;0.8611683700446425;0.8574768988579352;0.8616392877161213;0.8576159487034895;0.0006776440883237419;2.1508339887854326;0.02522312766783097;0.025348673774672204;0.02989432147763793;0.02522312766783097;0.02978998846140457;0.10412624498771172;0.09871423408228408;0.11759827675987145;0.10813607554003357;0.10894227226725917;0.040408441738042575;288543.7251512652;6.556754012344609;28631.09104606286;12067.0;225066.88537461834;-585656.9631942976;230839.88614402508;66.0;65;1179.2474596687878
bow;{'analyzer': 'word', 'binary': False, 'decode_error': 'strict', 'dtype': <class 'numpy.int64'>, 'encoding': 'utf-8', 'input': 'content', 'lowercase': True, 'max_df': 1.0, 'max_features': None, 'min_df': 1, 'ngram_range': (1, 1), 'preprocessor': None, 'stop_words': None, 'strip_accents': None, 'token_pattern': '(?u)\\b\\w\\w+\\b', 'tokenizer': None, 'vocabulary': None};nb;OrderedDict([('alpha', 0.14914622679778672), ('fit_prior', False)]);bow;{'analyzer': 'word', 'binary': False, 'decode_error': 'strict', 'dtype': <class 'numpy.int64'>, 'encoding': 'utf-8', 'input': 'content', 'lowercase': True, 'max_df': 1.0, 'max_features': None, 'min_df': 1, 'ngram_range': (1, 1), 'preprocessor': None, 'stop_words': None, 'strip_accents': None, 'token_pattern': '(?u)\\b\\w\\w+\\b', 'tokenizer': None, 'vocabulary': None};nb;OrderedDict([('alpha', 0.14914622679778672), ('fit_prior', False)]);5.638004080964417;10000.0;11.9379;0.3005583858594874;34.0;10000.0;34.0;34.0;1.0;10000.0;1.0;2.0;20000.0;250431.0;0.009651361053543691;0.07979721530617188;0.19147789211399546;47952.0;11.52155;0.0;10.5233;12.52155;0.7116074407741074;0.0;-0.8475489808413053;0.2690681265498281;12.0;0.005578382867935679;0.15637441051626996;0.35719644544673784;6.858595745303845;0.0;6.858767216627678;47.04268773188659;1.0;12.243955948238634;1.0;0.015921579897952922;0.0008039682787492039;1.0;3.3141770213052717;1;4.4965744018554695e-06;0.499832550684611;500.0;1.277023064157792;4795200.0;7.0;2418.0;4835.0;0.991668;0.19652111699329974;0.4299371721530295;0.4108216246085116;866.1985700469062;0.6615159391045348;0.6615152717031352;0.6585142939094427;0.6615159391045348;0.6585139933016263;0.012510028632786175;1.9970852011095854;-0.0038995649977475733;-0.0038974353344152224;-0.005213216567719892;-0.0038995649977475733;-0.005213875942324919;0.1353490756305269;0.13206509613168882;0.15642295201986633;0.13124919061577667;0.1476473716785316;0.021873980723971755;10.672512783729381;11.9843241437198;10.505721430238559;28510.0;7.4609818245159225;61.33255277350233;9.896853170483944;6375;9;10.475594557382152
tf-idf;{'analyzer': 'word', 'binary': False, 'decode_error': 'strict', 'dtype': <class 'numpy.float64'>, 'encoding': 'utf-8', 'input': 'content', 'lowercase': True, 'max_df': 0.8, 'max_features': 5000, 'min_df': 1, 'ngram_range': (1, 3), 'norm': 'l1', 'preprocessor': None, 'smooth_idf': True, 'stop_words': None, 'strip_accents': None, 'sublinear_tf': False, 'token_pattern': '(?u)\\b\\w\\w+\\b', 'tokenizer': None, 'use_idf': True, 'vocabulary': None};nb;OrderedDict([('alpha', 0.23114853728055199), ('fit_prior', False)]);tf-idf;{'analyzer': 'word', 'binary': False, 'decode_error': 'strict', 'dtype': <class 'numpy.float64'>, 'encoding': 'utf-8', 'input': 'content', 'lowercase': True, 'max_df': 0.8, 'max_features': 5000, 'min_df': 1, 'ngram_range': (1, 3), 'norm': 'l1', 'preprocessor': None, 'smooth_idf': True, 'stop_words': None, 'strip_accents': None, 'sublinear_tf': False, 'token_pattern': '(?u)\\b\\w\\w+\\b', 'tokenizer': None, 'use_idf': True, 'vocabulary': None};nb;OrderedDict([('alpha', 0.17505130020758025), ('fit_prior', False)]);4.498549265750829;500.0;26975;0.4210816153731046;815.0;538.0;815.0;815.0;1.0;462.0;1.0;2.0;1000.0;33776.0;0.005714116532449076;0.03964658023806994;0.19872098531501659;6712.0;32776;9.304036594559836;31788;33776;0.6558402860548271;0.0;72.28613937684896;0.17817385125532922;19.0;0.0033159639981051635;0.14850781620085268;6.205568965875471;49.04495717196621;53.74011537017761;49.06949805775111;2407.81563963964;0.9958294764724046;10.196025272446919;1.0;0.013002424172484563;0.0009789626389237005;0.9958294764724046;4.031050317490995;1;3.741582234700521e-06;0.021639188130696613;125.0;0.3960829452444634;671200.0;7.0;207.0;413.0;0.979353;0.16866542627512857;0.4712598483403882;0.43961325460054457;208.8552436706198;0.6490152827478176;0.6401205009212458;0.6374077072929583;0.6490152827478176;0.6419991181132079;-0.001069053852272759;8.102698868876628;0.009995024965084864;0.011744943448854017;0.014104383272815046;0.009995024965084864;0.013245105894385212;0.06501111890333444;0.032988369999543354;0.018263740642683546;0.09105512698327067;0.019928369033907822;0.010865681472244813;7.332500525644832;7.5124686791552335;8.392836594888713;2845.0;6.962372194805315;72.127275083405;9.19751713915338;12.0;6;9.956674956572694
tf-idf;{'analyzer': 'word', 'binary': False, 'decode_error': 'strict', 'dtype': <class 'numpy.float64'>, 'encoding': 'utf-8', 'input': 'content', 'lowercase': True, 'max_df': 0.8, 'max_features': 5000, 'min_df': 1, 'ngram_range': (1, 3), 'norm': 'l1', 'preprocessor': None, 'smooth_idf': True, 'stop_words': None, 'strip_accents': None, 'sublinear_tf': False, 'token_pattern': '(?u)\\b\\w\\w+\\b', 'tokenizer': None, 'use_idf': True, 'vocabulary': None};nb;OrderedDict([('alpha', 6.6360850776123375), ('fit_prior', False)]);bow;{'analyzer': 'word', 'binary': True, 'decode_error': 'strict', 'dtype': <class 'numpy.int64'>, 'encoding': 'utf-8', 'input': 'content', 'lowercase': True, 'max_df': 0.8, 'max_features': 5000, 'min_df': 1, 'ngram_range': (1, 3), 'preprocessor': None, 'stop_words': None, 'strip_accents': None, 'token_pattern': '(?u)\\b\\w\\w+\\b', 'tokenizer': None, 'vocabulary': None};nb;OrderedDict([('alpha', 0.7922890057191571), ('fit_prior', True)]);4.498549265750829;500.0;26975;0.4210816153731046;815.0;647.0;815.0;815.0;1.0;353.0;1.0;2.0;1000.0;33776.0;0.005714116532449076;0.03964658023806994;0.19872098531501659;6712.0;32776;2.4051251060766923;31788;33776;0.6558402860548271;0.0;72.28613937684896;0.17817385125532922;19.0;0.0033159639981051635;0.14850781620085268;6.205568965875471;49.04495717196621;207.88939366884497;49.06949805775111;2407.81563963964;0.9367188103082079;10.196025272446919;1.0;0.01262265737501492;0.0009938869837700754;0.9367188103082079;4.031050317490995;1;3.757476806640625e-06;0.024207274119059246;117.0;0.3911307371203857;671200.0;4.0;191.0;381.0;0.979353;0.16866542627512857;0.4712598483403882;0.43961325460054457;208.8552436706198;0.6900223576870284;0.5989005922227575;0.584530822728371;0.6900223576870284;0.6448814344647982;-0.00401788419609965;8.102698868876628;0.024009038979098674;0.04231124373516959;0.06383633427886248;0.024009038979098674;0.04793952641560317;0.020014026002050045;0.04928671053030531;0.07359687128267156;0.03203502904101707;0.08226128467582816;0.010865681472244813;7.332500525644832;7.5124686791552335;8.392836594888713;2845.0;6.962372194805315;72.127275083405;9.19751713915338;12.0;6;9.956674956572694
bow;{'analyzer': 'word', 'binary': True, 'decode_error': 'strict', 'dtype': <class 'numpy.int64'>, 'encoding': 'utf-8', 'input': 'content', 'lowercase': True, 'max_df': 0.8, 'max_features': 5000, 'min_df': 1, 'ngram_range': (1, 3), 'preprocessor': None, 'stop_words': None, 'strip_accents': None, 'token_pattern': '(?u)\\b\\w\\w+\\b', 'tokenizer': None, 'vocabulary': None};rf;OrderedDict([('max_depth', 49), ('max_features', 'sqrt'), ('min_samples_leaf', 1), ('min_samples_split', 2), ('n_estimators', 55)]);bow;{'analyzer': 'word', 'binary': True, 'decode_error': 'strict', 'dtype': <class 'numpy.int64'>, 'encoding': 'utf-8', 'input': 'content', 'lowercase': True, 'max_df': 0.8, 'max_features': 5000, 'min_df': 1, 'ngram_range': (1, 3), 'preprocessor': None, 'stop_words': None, 'strip_accents': None, 'token_pattern': '(?u)\\b\\w\\w+\\b', 'tokenizer': None, 'vocabulary': None};nb;OrderedDict([('alpha', 0.5974567973302279), ('fit_prior', True)]);4.498549265750829;500.0;26975;0.4210816153731046;815.0;862.0;815.0;815.0;1.0;138.0;1.0;2.0;1000.0;33776.0;0.005714116532449076;0.03964658023806994;0.19872098531501659;6712.0;32776;0.9766668248432977;31788;33776;0.6558402860548271;0.0;72.28613937684896;0.17817385125532922;19.0;0.0033159639981051635;0.14850781620085268;6.205568965875471;49.04495717196621;511.9453095790604;49.06949805775111;2407.81563963964;0.5789769306918972;10.196025272446919;1.0;0.011765221741454257;0.0009053186124137636;0.5789769306918972;4.031050317490995;1;3.8448969523111976e-06;0.018641074498494465;97.0;0.30121881946441187;671200.0;3.0;152.0;303.0;0.979353;0.16866542627512857;0.4712598483403882;0.43961325460054457;208.8552436706198;0.8416650183117249;0.5115350905493182;0.4877254638939183;0.8416650183117249;0.7954704783500074;0.015514847127092852;8.102698868876628;-0.002002002002002068;0.0018810281270514873;0.00618324419618671;-0.002002002002002068;0.0008116234353915397;0.0;0.0;0.0;0.0;0.0;0.010865681472244813;7.332500525644832;7.5124686791552335;8.392836594888713;2845.0;6.962372194805315;72.127275083405;9.19751713915338;12.0;6;9.956674956572694
bow;{'analyzer': 'word', 'binary': True, 'decode_error': 'strict', 'dtype': <class 'numpy.int64'>, 'encoding': 'utf-8', 'input': 'content', 'lowercase': True, 'max_df': 0.8, 'max_features': 5000, 'min_df': 1, 'ngram_range': (1, 3), 'preprocessor': None, 'stop_words': None, 'strip_accents': None, 'token_pattern': '(?u)\\b\\w\\w+\\b', 'tokenizer': None, 'vocabulary': None};lr;OrderedDict([('C', 0.8632012725909878), ('max_iter', 945)]);bow;{'analyzer': 'word', 'binary': True, 'decode_error': 'strict', 'dtype': <class 'numpy.int64'>, 'encoding': 'utf-8', 'input': 'content', 'lowercase': True, 'max_df': 0.8, 'max_features': 5000, 'min_df': 1, 'ngram_range': (1, 3), 'preprocessor': None, 'stop_words': None, 'strip_accents': None, 'token_pattern': '(?u)\\b\\w\\w+\\b', 'tokenizer': None, 'vocabulary': None};lr;OrderedDict([('C', 6.6360850776123375), ('max_iter', 731)]);4.498549265750829;500.0;26975;0.4210816153731046;815.0;875.0;815.0;815.0;1.0;125.0;1.0;2.0;1000.0;33776.0;0.005714116532449076;0.03964658023806994;0.19872098531501659;6712.0;32776;0.9428090415820635;31788;33776;0.6558402860548271;0.0;72.28613937684896;0.17817385125532922;19.0;0.0033159639981051635;0.14850781620085268;6.205568965875471;49.04495717196621;530.3300858899106;49.06949805775111;2407.81563963964;0.5435644431995964;10.196025272446919;1.0;0.011601726109625664;0.0009179013385397363;0.5435644431995964;4.031050317490995;1;3.790855407714844e-06;0.01638038953145345;95.0;0.2942421300876549;671200.0;2.0;144.0;287.0;0.979353;0.16866542627512857;0.4712598483403882;0.43961325460054457;208.8552436706198;0.8526640412867957;0.5168385134870508;0.49457788893878823;0.8526640412867957;0.813000574637364;0.016477166564779946;8.102698868876628;0.0;0.0;0.0;0.0;0.0;0.0;0.0;0.0;0.0;0.0;0.010865681472244813;7.332500525644832;7.5124686791552335;8.392836594888713;2845.0;6.962372194805315;72.127275083405;9.19751713915338;12.0;6;9.956674956572694
bow;{'analyzer': 'word', 'binary': False, 'decode_error': 'strict', 'dtype': <class 'numpy.int64'>, 'encoding': 'utf-8', 'input': 'content', 'lowercase': True, 'max_df': 1.0, 'max_features': None, 'min_df': 1, 'ngram_range': (1, 1), 'preprocessor': None, 'stop_words': None, 'strip_accents': None, 'token_pattern': '(?u)\\b\\w\\w+\\b', 'tokenizer': None, 'vocabulary': None};svm;OrderedDict([('C', 2.538523305370564), ('degree', 3), ('gamma', 0.005872711858403056)]);bow;{'analyzer': 'word', 'binary': False, 'decode_error': 'strict', 'dtype': <class 'numpy.int64'>, 'encoding': 'utf-8', 'input': 'content', 'lowercase': True, 'max_df': 1.0, 'max_features': None, 'min_df': 1, 'ngram_range': (1, 1), 'preprocessor': None, 'stop_words': None, 'strip_accents': None, 'token_pattern': '(?u)\\b\\w\\w+\\b', 'tokenizer': None, 'vocabulary': None};lr;OrderedDict([('C', 7.522834773461375), ('max_iter', 100)]);5.815288381187275;2029.75;14.626431826579628;0.2997922655915674;34.0;2111.0;34.0;34.0;1.0;1859.0;1.0;4.0;8119.0;123205.0;0.005990016638935108;0.07767537149114427;0.27144190576681143;33443.0;14.16449311023622;17.232083571589538;13.175144722256436;15.1748983865008;0.7621026821756421;0.0;-0.662182927759293;0.30790958159165616;15.0;0.0057221703664624;0.2298851507649852;0.15788876223552262;5.3525498513758;117.78900627817521;5.352879512931951;28.6533190799666;1.9981475126081139;12.078208414345083;2.0;0.018211657230006707;0.001953091203324659;0.9990737563040569;3.7684066273390426;1;4.240671793619791e-06;0.23782928784688315;223.0;0.6632795941420137;3344300.0;8.0;1434.0;2867.0;0.9902942480601059;0.17485699354744275;0.4071841650811665;0.3912303075548639;557.540212121796;0.6624390504799922;0.6667327909520112;0.6505978532130391;0.6624390504799922;0.6447201287808242;0.2922753127279107;8.050213719105097;0.032760912120656904;0.03202714845537469;-0.004108804931549637;0.032760912120656904;-0.003982895394906594;0.14409631922493793;0.15032152608273175;0.12350344373156474;0.1392922712852075;0.12601160350841867;0.01559561394544162;12.173797501600795;13.001638440849163;11.156771387402895;19629.0;9.189679867904164;51.31207622964115;12.45653463399588;14.2;11;12.104968223289166
bow;{'analyzer': 'word', 'binary': False, 'decode_error': 'strict', 'dtype': <class 'numpy.int64'>, 'encoding': 'utf-8', 'input': 'content', 'lowercase': True, 'max_df': 1.0, 'max_features': None, 'min_df': 1, 'ngram_range': (1, 1), 'preprocessor': None, 'stop_words': None, 'strip_accents': None, 'token_pattern': '(?u)\\b\\w\\w+\\b', 'tokenizer': None, 'vocabulary': None};lr;OrderedDict([('C', 0.02670736930771547), ('max_iter', 100)]);word2vec;{'hs': 1, 'min_count': 10, 'sg': 0, 'vector_size': 100, 'window': 7, 'workers': 1};lr;OrderedDict([('C', 9.855625835868599), ('max_iter', 150)]);5.812098887727879;20352.0;14.592030267295597;0.2992295544289217;35.0;21238.0;35.0;35.0;1.0;18595.0;1.0;4.0;81408.0;1233601.0;0.006179469698873461;0.07781822457834234;0.14138688279273445;174415.0;14.153314170597485;17.050924135495656;13.153658117138365;15.153314170597485;0.6246595762979101;0.0;-0.6901024231572781;0.3078467024588988;15.0;0.00569065686555053;0.09846862964605249;0.14338434203744538;5.362751930441356;1193.600994190828;5.362784868244381;28.7594615430709;1.9981049440578929;12.746706262712788;2.0;0.01297146755462157;0.001792211033881302;0.9990524720289464;3.7646905629669476;1;5.6584676106770836e-06;7.207355101903279;733.0;1.0911521428238617;17441500.0;7.0;23964.0;47927.0;0.9903406667649371;0.17623197427991308;0.401533927244521;0.3857102518171198;1751.507515874332;0.6380822523584905;0.6478052175682841;0.6199445375619052;0.6380822523584905;0.6089139810723531;0.21843792279869606;7.910813069912876;-0.04244054638364769;-0.040885002057661324;-0.02497587304205129;-0.04244054638364769;-0.026027498889861556;0.14664406446540879;0.1417406775551937;0.10703673311540673;0.14052672955974843;0.10386909850600168;0.01554129047958032;12.108617426547617;12.956908421764783;11.12922012560475;110450.0;9.137191359664506;51.50972071132844;12.411872944544022;10.571428571428571;11;12.060398738737632
word2vec;{'hs': 1, 'min_count': 10, 'sg': 0, 'vector_size': 100, 'window': 7, 'workers': 1};rf;OrderedDict([('max_depth', 22), ('max_features', 'log2'), ('min_samples_leaf', 1), ('min_samples_split', 4), ('n_estimators', 200)]);word2vec;{'hs': 1, 'min_count': 10, 'sg': 0, 'vector_size': 100, 'window': 7, 'workers': 1};rf;OrderedDict([('max_depth', 47), ('max_features', 'sqrt'), ('min_samples_leaf', 1), ('min_samples_split', 5), ('n_estimators', 50)]);4.727814539920615;6679.2;18.115013774104682;0.31654144039568444;589.0;10274.0;589.0;589.0;1.0;3086.0;1.0;5.0;33396.0;737927.0;0.0031046431422078334;0.058037283968180385;0.039422598712338754;29091.0;21.096269014253203;2.1766006479651465;20.280123368068033;22.096269014253203;0.4428517410883091;0.0;34.11718280429557;0.17818429194215687;11.0;0.008804393930564947;0.020911282552339188;4.3409172939692535;33.12715799297903;3068.6382484743945;33.12765397905482;1097.4414581559865;2.197011123198078;10.14804001692046;2.321928094887362;0.02726639716356343;0.002740242740836006;0.9462011885879075;3.050385113029462;1;4.434585571289062e-06;1.7146154244740803;372.0;0.7816345360586734;2909100.0;9.0;7016.0;14031.0;0.9850456342076895;0.2544009446477441;0.6001990786574115;0.5641903152819202;1206.928439999083;0.6114105481694415;0.5158322603788349;0.5170506341372173;0.6114105481694415;0.5874169800447179;0.016542530356859396;1.25296433104748;0.012306863097376941;0.007768382670303442;0.019122011435961594;0.012306863097376941;0.0078196850367791;0.1013594442448198;0.09370898180145454;0.10045649686595753;0.10111989459815551;0.10180480419841975;0.19020391354320093;8.145549676457119;8.198291377304976;7.863048793838208;11940.0;6.448331646582602;74.86232316032132;8.553004402179502;6125;7;9.401319673923306
word2vec;{'hs': 1, 'min_count': 10, 'sg': 0, 'vector_size': 5000, 'window': 7, 'workers': 1};lr;OrderedDict([('C', 3.0573234415555928), ('max_iter', 696)]);bow;{'analyzer': 'word', 'binary': True, 'decode_error': 'strict', 'dtype': <class 'numpy.int64'>, 'encoding': 'utf-8', 'input': 'content', 'lowercase': True, 'max_df': 0.8, 'max_features': 5000, 'min_df': 1, 'ngram_range': (1, 3), 'preprocessor': None, 'stop_words': None, 'strip_accents': None, 'token_pattern': '(?u)\\b\\w\\w+\\b', 'tokenizer': None, 'vocabulary': None};nb;OrderedDict([('alpha', 0.2732013455032412), ('fit_prior', True)]);5.065126289290985;7239.5;245.67893731150863;0.05554357610980154;3943.0;16006.0;1314.3333333333333;3943.0;3.0;457.0;3.0;6.0;43437.0;17545787.0;0.0032615236922686913;0.047701851201755914;0.05235154171197906;918549.0;402.9364366784078;1.1154714386848845;401.9364366784078;403.9364366784078;0.6334261971870853;0.0;9.65358865574639;0.26305841966507404;358.0;0.004528893460293346;0.0359978153160072;2.2267292992561387;267.1895594665541;6490.081008739413;267.19263511833657;71391.90426148055;2.0639137579818096;12.362304039168846;2.584962500721156;0.003098750948098497;0.001133982231678799;0.7984308311652554;7.379437207074666;1;6.780624389648437e-06;17.821697235107422;84.0;0.8534911293735699;91854900.0;2.0;10625.0;21249.0;0.8877443654027672;0.27872268272733414;0.362408569894892;0.24007177112547967;1045.2657356070374;0.4116690072211862;0.2309427125842601;0.21862964884961242;0.4116690072211862;0.37371670722024924;-0.003795238891032705;5.828215691455267;-0.05301931533024845;-0.06838677404764734;-0.08945264768180453;-0.05301931533024845;-0.07932389949646557;0.049450928931556115;0.04659801900442792;0.053372820163162554;0.05476897575799444;0.061554037293395425;0.010349417317385687;11.155569049460084;11.073172570595872;18.471984277246214;483157.0;7.925986092962688;69.33118424481799;10.561982688979432;6.714285714285714;10;10.294030401926708
bow;{'analyzer': 'word', 'binary': True, 'decode_error': 'strict', 'dtype': <class 'numpy.int64'>, 'encoding': 'utf-8', 'input': 'content', 'lowercase': True, 'max_df': 0.8, 'max_features': 5000, 'min_df': 1, 'ngram_range': (1, 3), 'preprocessor': None, 'stop_words': None, 'strip_accents': None, 'token_pattern': '(?u)\\b\\w\\w+\\b', 'tokenizer': None, 'vocabulary': None};lr;OrderedDict([('C', 0.027663403458264724), ('max_iter', 1000)]);tf-idf;{'analyzer': 'word', 'binary': False, 'decode_error': 'strict', 'dtype': <class 'numpy.float64'>, 'encoding': 'utf-8', 'input': 'content', 'lowercase': True, 'max_df': 0.8, 'max_features': 5000, 'min_df': 1, 'ngram_range': (1, 3), 'norm': 'l1', 'preprocessor': None, 'smooth_idf': True, 'stop_words': None, 'strip_accents': None, 'sublinear_tf': False, 'token_pattern': '(?u)\\b\\w\\w+\\b', 'tokenizer': None, 'use_idf': True, 'vocabulary': None};lr;OrderedDict([('C', 9.9134008954287), ('max_iter', 997)]);4.449139770966003;10000.0;90.24546;0.46093963906795593;1009.0;10000.0;1009.0;1009.0;1.0;10000.0;1.0;5.0;50000.0;6714549.0;0.0032755736833553527;0.03765032445009879;0.03517317395405112;236172.0;133.29098;0.0;132.29134;134.29098;0.673200040648341;0.0;7.3192161969820315;0.17477406151924724;99.0;0.0049400190541464516;0.02660491419453488;2.2345511015545125;121.24513215234498;0.0;121.24634462185358;14700.676084161281;2.321928094887362;10.807511356052496;2.321928094887362;0.008892217840007604;0.002355093732658509;1.0;5.931410770382835;1;5.7252248128255205e-06;13.704071203867594;171.0;0.969379859036136;23617200.0;2.0;13091.0;26181.0;0.93705324;0.2165618219344829;0.337447073443991;0.28475157338957985;1203.4144055586678;0.46831359824661584;0.4683132140448598;0.4662501560913552;0.46831359824661584;0.46625038013455383;0.026693516579436426;7.318965179715127;-0.058320067248001095;-0.058319935172881365;-0.06349351506615791;-0.058320067248001095;-0.06349368324477672;0.09972011648210583;0.1010783861829494;0.10258648586219704;0.10146006728251372;0.09986950355720958;-0.0015031246735978986;6.628588868381446;6.841922437963081;8.103694542178257;113392.0;6.223778095334826;75.74413414345787;8.289661543132508;6.857142857142857;6;9.144406302719615
bow;{'analyzer': 'word', 'binary': True, 'decode_error': 'strict', 'dtype': <class 'numpy.int64'>, 'encoding': 'utf-8', 'input': 'content', 'lowercase': True, 'max_df': 0.8, 'max_features': 5000, 'min_df': 1, 'ngram_range': (1, 3), 'preprocessor': None, 'stop_words': None, 'strip_accents': None, 'token_pattern': '(?u)\\b\\w\\w+\\b', 'tokenizer': None, 'vocabulary': None};nb;OrderedDict([('alpha', 4.081261104219522), ('fit_prior', True)]);bow;{'analyzer': 'word', 'binary': True, 'decode_error': 'strict', 'dtype': <class 'numpy.int64'>, 'encoding': 'utf-8', 'input': 'content', 'lowercase': True, 'max_df': 0.8, 'max_features': 5000, 'min_df': 1, 'ngram_range': (1, 3), 'preprocessor': None, 'stop_words': None, 'strip_accents': None, 'token_pattern': '(?u)\\b\\w\\w+\\b', 'tokenizer': None, 'vocabulary': None};nb;OrderedDict([('alpha', 0.3766266432253995), ('fit_prior', True)]);4.456347694521938;11148.8;21.971046211251434;0.34059526695602443;486.0;17944.0;486.0;486.0;1.0;9050.0;1.0;5.0;55735.0;1464642.0;0.0052818367901507676;0.043555189739105965;0.043552622415580056;63789.0;25.274433122847302;2.9269680859414655;24.389674225028703;26.274433122847302;0.591857530295192;0.0;5.15640412342961;0.19066433981819447;20.0;0.006054721904738496;0.02969872501266521;1.3719279098110353;25.091837532223867;3808.992675235803;25.092062598375666;629.611605440803;2.262203389515731;10.538404840890408;2.321928094887362;0.006686497217981953;0.0006218893452757073;0.9742779694585985;3.558249629675343;0.0010000000000000002;4.851023356119792e-06;5.332358439763387;577.0;0.649919945126717;6378900.0;3.0;14190.0;28379.0;0.982667497847302;0.2107456017209771;0.4448817202384056;0.39965994224567075;1410.2737826586758;0.37347520302791565;0.32351202705824583;0.3076902851879002;0.37347520302791565;0.3339905248717376;0.0031014657293823066;4.018718235834208;0.0024575368145397514;-0.021193365846995382;-0.03512353186918099;0.0024575368145397514;-0.02553320243996099;0.04113454269550271;0.05323555250119061;0.05984425782566705;0.04073985210193992;0.05543900687839115;0.037094303107870145;7.063890640598572;7.335336788707085;9.305019248093204;25980.0;7.039269752328419;71.32717268557677;9.045554248196597;20.666666666666668;6;9.701026112326936
bow;{'analyzer': 'word', 'binary': True, 'decode_error': 'strict', 'dtype': <class 'numpy.int64'>, 'encoding': 'utf-8', 'input': 'content', 'lowercase': True, 'max_df': 0.8, 'max_features': 5000, 'min_df': 10, 'ngram_range': (1, 3), 'preprocessor': None, 'stop_words': None, 'strip_accents': None, 'token_pattern': '(?u)\\b\\w\\w+\\b', 'tokenizer': None, 'vocabulary': None};lr;OrderedDict([('C', 0.034570664420783416), ('max_iter', 102)]);bow;{'analyzer': 'word', 'binary': True, 'decode_error': 'strict', 'dtype': <class 'numpy.int64'>, 'encoding': 'utf-8', 'input': 'content', 'lowercase': True, 'max_df': 0.8, 'max_features': 5000, 'min_df': 10, 'ngram_range': (1, 3), 'preprocessor': None, 'stop_words': None, 'strip_accents': None, 'token_pattern': '(?u)\\b\\w\\w+\\b', 'tokenizer': None, 'vocabulary': None};lr;OrderedDict([('C', 0.18124427976139448), ('max_iter', 100)]);4.530855017733297;21339.0;91.38463220707;0.44681296468921344;999.0;30016.0;999.0;999.0;1.0;10412.0;1.0;3.0;64017.0;8705375.0;0.003165630429476042;0.023253236302435393;0.015235300030153784;132629.0;134.98536326288328;2.135223405219332;133.98541012543544;135.98536326288328;0.528534483408606;0.0;5.258661615240484;0.20597228723633387;111.0;0.010048964002125124;0.008840744942061657;1.9433852253879533;93.78646898635064;9993.802029257935;93.787201507148;8796.039166542385;1.4692501557302209;10.261428861922141;1.584962500721156;0.013674688842792307;0.004032731651525977;0.9269936386896938;6.130597104857294;1;5.443890889485677e-06;17.913456519444782;135.0;0.9622539624829379;13262900.0;2.0;7903.0;15805.0;0.9322904853398316;0.22303111502749476;0.33464293807327916;0.2790850244489666;1357.7189947049592;0.7275567427402096;0.6190742779561398;0.6081636959867796;0.7275567427402096;0.7056007642003738;0.17450899368845904;8.02359969188036;-0.030226346126810077;-0.08246001016269622;-0.12828449234708728;-0.030226346126810077;-0.07552049144487771;0.11903088242185678;0.12520622039726137;0.1323498842693407;0.11696893012793486;0.129406845020677;0.004250587364688761;7.522439552095104;7.904663508598947;8.687757887010266;47441.0;7.338765696898321;69.56330130886671;9.354959556444356;7.2857142857142865;7;10.023490275961763
bow;{'analyzer': 'word', 'binary': True, 'decode_error': 'strict', 'dtype': <class 'numpy.int64'>, 'encoding': 'utf-8', 'input': 'content', 'lowercase': True, 'max_df': 0.8, 'max_features': 5000, 'min_df': 1, 'ngram_range': (1, 3), 'preprocessor': None, 'stop_words': None, 'strip_accents': None, 'token_pattern': '(?u)\\b\\w\\w+\\b', 'tokenizer': None, 'vocabulary': None};nb;OrderedDict([('alpha', 4.555364035101803), ('fit_prior', True)]);bow;{'analyzer': 'word', 'binary': True, 'decode_error': 'strict', 'dtype': <class 'numpy.int64'>, 'encoding': 'utf-8', 'input': 'content', 'lowercase': True, 'max_df': 0.8, 'max_features': 5000, 'min_df': 1, 'ngram_range': (1, 3), 'preprocessor': None, 'stop_words': None, 'strip_accents': None, 'token_pattern': '(?u)\\b\\w\\w+\\b', 'tokenizer': None, 'vocabulary': None};nb;OrderedDict([('alpha', 0.8632012725909878), ('fit_prior', False)]);4.320276008380966;12318.8;25.903724388739164;0.43497812103126543;699.0;22095.0;349.5;699.0;2.0;6886.0;2.0;5.0;61594.0;1902406.0;0.0026929057204403265;0.029892352560683046;0.02961512947288854;56340.0;29.886222684027665;1.7393903378349698;28.886222684027665;30.886222684027665;0.6399538516151935;0.0;13.255355584471324;0.1735807183114435;25.0;0.0067057189685061965;0.02207625501601656;1.6038051291899686;22.743003103320362;7082.251598185424;22.743187725848838;517.2525879332012;2.139030944863536;9.855260692473761;2.321928094887362;0.017792015217849923;0.0020035744032518136;0.9212304849463054;4.332622601780055;1;4.2724609375e-06;8.605358203252157;262.0;0.8036340125925782;5634000.0;2.0;16327.0;32653.0;0.9783870831574504;0.18390517318035843;0.40613162513834333;0.37803065522926854;1525.3315336054463;0.5567857320537926;0.3954692709590519;0.3736155552454834;0.5567857320537926;0.5082191183824681;0.08744817864807693;7.488274550176072;-0.03250313058989729;-0.06898849920309558;-0.1071991941010465;-0.03250313058989729;-0.07994812870893026;0.08796311017363978;0.08575690600054287;0.0952262409113338;0.08945678877532148;0.1006689962025526;0.008154884401186405;7.113172006270879;6.710096267772514;8.72751792888329;23016.0;7.204796623832099;72.59898718283814;9.5909864206031;5.1;6;10.02081615678232
bow;{'analyzer': 'word', 'binary': True, 'decode_error': 'strict', 'dtype': <class 'numpy.int64'>, 'encoding': 'utf-8', 'input': 'content', 'lowercase': True, 'max_df': 0.8, 'max_features': 5000, 'min_df': 1, 'ngram_range': (1, 3), 'preprocessor': None, 'stop_words': None, 'strip_accents': None, 'token_pattern': '(?u)\\b\\w\\w+\\b', 'tokenizer': None, 'vocabulary': None};lr;OrderedDict([('C', 0.058737341600983255), ('max_iter', 100)]);bow;{'analyzer': 'word', 'binary': True, 'decode_error': 'strict', 'dtype': <class 'numpy.int64'>, 'encoding': 'utf-8', 'input': 'content', 'lowercase': True, 'max_df': 0.8, 'max_features': 5000, 'min_df': 1, 'ngram_range': (1, 3), 'preprocessor': None, 'stop_words': None, 'strip_accents': None, 'token_pattern': '(?u)\\b\\w\\w+\\b', 'tokenizer': None, 'vocabulary': None};nb;OrderedDict([('alpha', 6.8602243655241875), ('fit_prior', True)]);4.304127979037291;14500.0;28.825268965517242;0.4373234887062776;1323.0;14500.0;1323.0;1323.0;1.0;14500.0;1.0;5.0;72493.0;2643933.0;0.002407398372046493;0.030548151497791772;0.03150571515995299;83299.0;35.46804137931034;0.0;34.4816;36.46804137931034;0.6255057083518409;0.0;51.940852275926424;0.1630801536952714;23.0;0.006842079583711085;0.022397314909265855;4.865717365735594;45.32739126991778;0.0;45.327703875850055;2054.600738656752;2.321928094887362;10.369723764398916;2.321928094887362;0.008135264051502923;0.001011864057689121;1.0;4.173916529137149;1;4.291534423828125e-06;10.960248072942099;498.0;0.8308812691891856;8329900.0;2.0;23184.0;46367.0;0.9780800137931035;0.1819642983679039;0.3839045516857624;0.35817636322981716;1601.301717466345;0.41076324321648694;0.41076345089887684;0.4073520684751785;0.41076324321648694;0.4073521045409742;0.008429779580903357;7.536550040947711;-0.027062067263543543;-0.027062063515829404;-0.029700211329450665;-0.027062067263543543;-0.029700305939992955;0.07368272402280274;0.07368237314128029;0.07028775856964714;0.07325514542583655;0.0744410690884929;0.007924578957233553;5.712618594899016;6.217156342102303;8.066913426003005;36188.0;5.765561653278283;78.19944527821382;8.006775993827496;3.75;5;8.854060306984127
tf-idf;{'analyzer': 'word', 'binary': False, 'decode_error': 'strict', 'dtype': <class 'numpy.float64'>, 'encoding': 'utf-8', 'input': 'content', 'lowercase': True, 'max_df': 1.0, 'max_features': None, 'min_df': 1, 'ngram_range': (1, 1), 'norm': 'l2', 'preprocessor': None, 'smooth_idf': True, 'stop_words': None, 'strip_accents': None, 'sublinear_tf': False, 'token_pattern': '(?u)\\b\\w\\w+\\b', 'tokenizer': None, 'use_idf': True, 'vocabulary': None};svm;OrderedDict([('C', 6.286442518788935), ('degree', 2), ('gamma', 0.2027563139273033)]);bow;{'analyzer': 'word', 'binary': True, 'decode_error': 'strict', 'dtype': <class 'numpy.int64'>, 'encoding': 'utf-8', 'input': 'content', 'lowercase': True, 'max_df': 0.8, 'max_features': 5000, 'min_df': 1, 'ngram_range': (1, 3), 'preprocessor': None, 'stop_words': None, 'strip_accents': None, 'token_pattern': '(?u)\\b\\w\\w+\\b', 'tokenizer': None, 'vocabulary': None};nb;OrderedDict([('alpha', 0.17764081152824282), ('fit_prior', True)]);4.233183564073637;2050.0;16.210365853658537;0.37645118892176044;180.0;3692.0;180.0;180.0;1.0;742.0;1.0;4.0;8200.0;153347.0;0.11394419193071922;0.06121923766689989;0.09526759571429504;14609.0;17.700853658536584;1.5912788983898971;16.70780487804878;18.700853658536584;0.48791840646177015;6.845095489082072e-05;8.439282989533272;0.20145160974782683;16.0;0.006860258107429555;0.05238446138496351;1.9424996100586287;13.675370392381629;1288.2719692156104;13.67620433270575;187.03856494991953;1.782398241874151;9.93223974902009;2.0;0.05053334942622707;0.002397517294034168;0.8911991209370755;3.6590718909369624;1;3.825823465983073e-06;0.16939115524291992;241.0;0.6774973923478229;1460900.0;5.0;1942.0;3883.0;0.99035;0.182581034809952;0.4186962258574984;0.3836311008572659;548.6126968642611;0.6551198145116097;0.4880520670982971;0.4842642298042632;0.6551198145116097;0.6221114986429777;0.1097646947848711;8.12021305913329;-0.03329370996677128;-0.052157903375885994;-0.0747847777610609;-0.03329370996677128;-0.05351998278607395;0.13524264248686646;0.11754267847817024;0.13461486604067857;0.12487547993479331;0.13086185363237746;0.01628853211737119;7.611227700821921;9.746995407663931;9.38849003590528;10490.0;9.595744427607311;58.69251796099769;12.149921587215424;8.166666666666666;9;12.102372138186492
bow;{'analyzer': 'word', 'binary': True, 'decode_error': 'strict', 'dtype': <class 'numpy.int64'>, 'encoding': 'utf-8', 'input': 'content', 'lowercase': True, 'max_df': 0.8, 'max_features': 5000, 'min_df': 10, 'ngram_range': (1, 3), 'preprocessor': None, 'stop_words': None, 'strip_accents': None, 'token_pattern': '(?u)\\b\\w\\w+\\b', 'tokenizer': None, 'vocabulary': None};lr;OrderedDict([('C', 0.272178325897663), ('max_iter', 100)]);tf-idf;{'analyzer': 'word', 'binary': False, 'decode_error': 'strict', 'dtype': <class 'numpy.float64'>, 'encoding': 'utf-8', 'input': 'content', 'lowercase': True, 'max_df': 0.8, 'max_features': 5000, 'min_df': 1, 'ngram_range': (1, 3), 'norm': 'l1', 'preprocessor': None, 'smooth_idf': True, 'stop_words': None, 'strip_accents': None, 'sublinear_tf': False, 'token_pattern': '(?u)\\b\\w\\w+\\b', 'tokenizer': None, 'use_idf': True, 'vocabulary': None};nb;OrderedDict([('alpha', 0.308502598567478), ('fit_prior', False)]);4.592735474138093;3333.3333333333335;21458;0.3121924429956446;706.0;5241.0;706.0;706.0;1.0;1977.0;1.0;3.0;9999.0;266473.0;0.00969328975168216;0.03448081985514044;0.1030198181429263;27452.0;25.6473;1.960309442755286;24.7119;26.6473;0.6525207635144981;0.0;48.42481370846857;0.20004653379516874;14.0;0.010473856638383626;0.07785404149763767;5.6348285251354975;45.39432015913445;1700.4118128657344;45.396590045385295;2060.850387748775;1.4643536337525025;10.75089686543245;1.584962500721156;0.01154316204756648;0.001027990540125279;0.9239042772849347;3.4848857595547007;1;4.134178161621094e-06;0.3175313472747803;273.0;0.5728973884002855;2745200.0;9.0;1927.0;3853.0;0.9840934;0.208890832719671;0.5164961048208748;0.4832356433581586;661.0255314095538;0.6728330401526456;0.5751973376683441;0.569845543992344;0.6728330401526456;0.6496982119241282;-0.009883195669827203;5.757914151020089;0.000599850026994142;-0.0024980746298549628;-0.006132722118324829;0.000599850026994142;-0.0045214783256888325;0.08499950174981519;0.10101405892261617;0.10317698681050969;0.09009983181881487;0.10902569469171497;0.023435823937831626;6.942725090827132;7.860604839476135;9.411762202564189;12475.0;6.823903496876824;70.15131173552736;9.273001432770213;5.555555555555555;6;9.982340768595593
tf-idf;{'analyzer': 'word', 'binary': False, 'decode_error': 'strict', 'dtype': <class 'numpy.float64'>, 'encoding': 'utf-8', 'input': 'content', 'lowercase': True, 'max_df': 1.0, 'max_features': None, 'min_df': 1, 'ngram_range': (1, 1), 'norm': 'l2', 'preprocessor': None, 'smooth_idf': True, 'stop_words': None, 'strip_accents': None, 'sublinear_tf': False, 'token_pattern': '(?u)\\b\\w\\w+\\b', 'tokenizer': None, 'use_idf': True, 'vocabulary': None};svm;OrderedDict([('C', 10.0), ('degree', 4), ('gamma', 0.31995331271142624)]);tf-idf;{'analyzer': 'word', 'binary': False, 'decode_error': 'strict', 'dtype': <class 'numpy.float64'>, 'encoding': 'utf-8', 'input': 'content', 'lowercase': True, 'max_df': 1.0, 'max_features': None, 'min_df': 1, 'ngram_range': (1, 1), 'norm': 'l2', 'preprocessor': None, 'smooth_idf': True, 'stop_words': None, 'strip_accents': None, 'sublinear_tf': False, 'token_pattern': '(?u)\\b\\w\\w+\\b', 'tokenizer': None, 'use_idf': True, 'vocabulary': None};svm;OrderedDict([('C', 10.0), ('degree', 4), ('gamma', 0.14922621339345218)]);6.359002277873896;4123.0;17.330584525830705;0.2439245004977851;86.0;4913.0;86.0;86.0;1.0;3333.0;1.0;2.0;7600.0;149701.0;0.003420150833995765;0.04938756827083505;0.18017247713776127;26972.0;17.15437788018433;3.690381340293843;16.23284016492845;18.15437788018433;0.6004374907311286;0.0;0.6257714938769867;0.32156765819867605;18.0;0.009372014883000114;0.12412074735639708;0.18043420109023606;8.779237055079737;1117.228714274745;8.779769436575942;77.08435135943301;0.9733522252693152;11.996537001509543;1.0;0.022400021048542045;0.0027130810382861915;0.9733522252693152;3.8005414874859675;1;3.849665323893229e-06;0.08609851201375325;122.0;1.006920700057256;2697200.0;8.0;186.0;371.0;0.9868883094833859;0.2169809042337026;0.4256814293746736;0.4076767932981597;536.808585104236;0.8982896725652726;0.8986349529371761;0.895101711594675;0.8982896725652726;0.8980961013730303;0.09771673617372259;0.9583191911211801;0.019405892204813924;0.017252213640499448;0.019602728799198887;0.019405892204813924;0.019661142848836244;0.18832872753869834;0.1877162202180197;0.21363783662798974;0.17620076746182156;0.1987449770176759;0.09842651381228414;17.600030845745117;17.321750098964724;12.25104086652963;17502.0;12.92668992315711;34.72654134213272;14.051143844511609;13.2;12;13.493515694756432
bow;{'analyzer': 'word', 'binary': True, 'decode_error': 'strict', 'dtype': <class 'numpy.int64'>, 'encoding': 'utf-8', 'input': 'content', 'lowercase': True, 'max_df': 0.8, 'max_features': 5000, 'min_df': 1, 'ngram_range': (1, 3), 'preprocessor': None, 'stop_words': None, 'strip_accents': None, 'token_pattern': '(?u)\\b\\w\\w+\\b', 'tokenizer': None, 'vocabulary': None};lr;OrderedDict([('C', 0.29397976202716886), ('max_iter', 798)]);bow;{'analyzer': 'word', 'binary': True, 'decode_error': 'strict', 'dtype': <class 'numpy.int64'>, 'encoding': 'utf-8', 'input': 'content', 'lowercase': True, 'max_df': 0.8, 'max_features': 5000, 'min_df': 1, 'ngram_range': (1, 3), 'preprocessor': None, 'stop_words': None, 'strip_accents': None, 'token_pattern': '(?u)\\b\\w\\w+\\b', 'tokenizer': None, 'vocabulary': None};lr;OrderedDict([('C', 0.3582833082578619), ('max_iter', 1000)]);4.305232787698972;9160.333333333334;12.26429169244205;0.3648425689623342;33.0;11118.0;33.0;33.0;1.0;7781.0;1.0;3.0;27480.0;354572.0;0.010311022867005856;0.053915613494690186;0.1281347652944959;45433.0;11.902441686983734;5.258358876272965;10.909719442523926;12.902441686983734;0.7039596768868444;0.0;-0.832501414440669;0.1581089313312952;12.0;0.006847692429182225;0.10550466477894475;0.37517546713576244;6.926058518662501;1742.0517596596644;6.926184537503655;47.972032247554715;1.5679613438552986;11.246583729077864;1.584962500721156;0.00940747346343901;0.0005105515458093419;0.9892734642881948;3.362456640362616;1;4.115104675292969e-06;1.36849045753479;625.0;0.8408067198036501;4543300.0;9.0;6272.0;12543.0;0.9910848950183764;0.16097369665265548;0.3959962283181154;0.38174066146551905;1019.9534787629541;0.6396056307615013;0.6280595240635297;0.6358491969317247;0.6396056307615013;0.6378657417848386;0.0018240882678547175;9.759676201466496;-0.005239940307680602;-0.006815749460729603;-0.007287913929572287;-0.005239940307680602;-0.006447529376846006;0.09526584278300199;0.10562625773632428;0.10912529434434448;0.10363543116054119;0.1040446555764083;0.006739541590239676;4.582052272936224;5.408244838011967;8.733780080375801;20131.0;4.538587749331757;82.95038064456799;6.409065324775719;7.428571428571429;4;7.821078511560041
bow;{'analyzer': 'word', 'binary': True, 'decode_error': 'strict', 'dtype': <class 'numpy.int64'>, 'encoding': 'utf-8', 'input': 'content', 'lowercase': True, 'max_df': 0.8, 'max_features': 5000, 'min_df': 1, 'ngram_range': (1, 3), 'preprocessor': None, 'stop_words': None, 'strip_accents': None, 'token_pattern': '(?u)\\b\\w\\w+\\b', 'tokenizer': None, 'vocabulary': None};nb;OrderedDict([('alpha', 3.4734196505997637), ('fit_prior', True)]);bow;{'analyzer': 'word', 'binary': True, 'decode_error': 'strict', 'dtype': <class 'numpy.int64'>, 'encoding': 'utf-8', 'input': 'content', 'lowercase': True, 'max_df': 0.8, 'max_features': 5000, 'min_df': 1, 'ngram_range': (1, 3), 'preprocessor': None, 'stop_words': None, 'strip_accents': None, 'token_pattern': '(?u)\\b\\w\\w+\\b', 'tokenizer': None, 'vocabulary': None};nb;OrderedDict([('alpha', 0.8632012725909878), ('fit_prior', False)]);4.593668092202547;16666.666666666668;21.33066;0.3124803005483338;1103.0;26180.0;1103.0;1103.0;1.0;9655.0;1.0;3.0;49997.0;1328857.0;0.00934713065438945;0.03470753723996959;0.059875517079715876;79566.0;25.57714;1.9511848949303403;24.64378;26.57714;0.6492220295100922;0.0;68.30502095835803;0.20052571495653784;14.0;0.010409697958471078;0.04494163028828534;6.440141164910561;47.620990008822794;8541.818210037798;47.62146622586615;2267.80404550131;1.4623983799596352;10.931279962240083;1.584962500721156;0.00959804143708109;0.0008918297984165624;0.9226706494912312;3.466868161165532;1;4.6666463216145835e-06;3.6188247203826904;476.0;0.7333479907299132;7956600.0;8.0;8814.0;17627.0;0.98422322;0.20821037238418022;0.5096499063426608;0.4775398280758955;1468.8718487267581;0.6892266310840031;0.5929357565352597;0.5884650538313397;0.6892266310840031;0.6677385650418546;-0.022720462322656686;5.506656676342716;0.007419982405584169;0.007680632133612586;0.008237456004985044;0.007419982405584169;0.005870350585097328;0.08268002166657729;0.09927029032898416;0.10603288643839959;0.08290004846728927;0.09636711613639903;0.021303562714661977;6.880675885069728;7.833085448308083;9.402118049636876;36616.0;6.780261626829645;70.22752241656272;9.22937954795749;20.333333333333332;6;9.95176213348627
bow;{'analyzer': 'word', 'binary': True, 'decode_error': 'strict', 'dtype': <class 'numpy.int64'>, 'encoding': 'utf-8', 'input': 'content', 'lowercase': True, 'max_df': 0.8, 'max_features': 5000, 'min_df': 10, 'ngram_range': (1, 3), 'preprocessor': None, 'stop_words': None, 'strip_accents': None, 'token_pattern': '(?u)\\b\\w\\w+\\b', 'tokenizer': None, 'vocabulary': None};lr;OrderedDict([('C', 0.29215826962005526), ('max_iter', 1000)]);bow;{'analyzer': 'word', 'binary': True, 'decode_error': 'strict', 'dtype': <class 'numpy.int64'>, 'encoding': 'utf-8', 'input': 'content', 'lowercase': True, 'max_df': 0.8, 'max_features': 5000, 'min_df': 10, 'ngram_range': (1, 3), 'preprocessor': None, 'stop_words': None, 'strip_accents': None, 'token_pattern': '(?u)\\b\\w\\w+\\b', 'tokenizer': None, 'vocabulary': None};lr;OrderedDict([('C', 0.3260961594057773), ('max_iter', 1000)]);5.6417201930055025;8231.4;27.763199455742644;0.3392666788900143;64.0;11422.0;64.0;64.0;1.0;5481.0;1.0;5.0;41157.0;1255301.0;0.00631880321930756;0.04947215865976362;0.09624305246311442;120814.0;29.5003037150424;3.400479742263853;28.500352309449184;30.5003037150424;0.7227804724618008;0.0;-0.8958150562094565;0.3038753255195367;32.0;0.009704445387998575;0.07794943204856843;-0.19053011107028212;11.591030996749009;2420.6584434818556;11.59117181413394;134.35526402477308;2.2721739717633076;11.787455487472455;2.321928094887362;0.009431593788777786;0.0009150622166399081;0.9785720655029724;4.649193708039469;1;4.8828125e-06;4.546668529510498;192.0;1.0695400797185353;12081400.0;2.0;12182.0;24363.0;0.9797735500643876;0.18120038354290327;0.35876029782249097;0.3362052335665843;1179.9228699065354;0.4429785131731337;0.42415141670149753;0.4269343089322662;0.4429785131731337;0.4334121354729679;0.010729439882283528;9.072197549328902;-0.06193357144592648;-0.06681232739445037;-0.06238306007950861;-0.06193357144592648;-0.06188615535495828;0.10418640814442248;0.10751253778081732;0.11134173560537797;0.1028986563646524;0.10166495844177975;0.007602740668890821;14.091570521400357;13.697354522873617;11.10683496924265;77300.0;11.039961065103714;47.79012165565359;13.605794548687294;7.5;13;13.309356944159333
tf-idf;{'analyzer': 'word', 'binary': False, 'decode_error': 'strict', 'dtype': <class 'numpy.float64'>, 'encoding': 'utf-8', 'input': 'content', 'lowercase': True, 'max_df': 0.8, 'max_features': 5000, 'min_df': 1, 'ngram_range': (1, 3), 'norm': 'l1', 'preprocessor': None, 'smooth_idf': True, 'stop_words': None, 'strip_accents': None, 'sublinear_tf': False, 'token_pattern': '(?u)\\b\\w\\w+\\b', 'tokenizer': None, 'use_idf': True, 'vocabulary': None};svm;OrderedDict([('C', 2.814060746383643), ('degree', 4), ('gamma', 8.918354512257459)]);tf-idf;{'analyzer': 'word', 'binary': False, 'decode_error': 'strict', 'dtype': <class 'numpy.float64'>, 'encoding': 'utf-8', 'input': 'content', 'lowercase': True, 'max_df': 0.8, 'max_features': 5000, 'min_df': 1, 'ngram_range': (1, 3), 'norm': 'l1', 'preprocessor': None, 'smooth_idf': True, 'stop_words': None, 'strip_accents': None, 'sublinear_tf': False, 'token_pattern': '(?u)\\b\\w\\w+\\b', 'tokenizer': None, 'use_idf': True, 'vocabulary': None};svm;OrderedDict([('C', 3.4699346206519524), ('degree', 4), ('gamma', 7.621313551231291)]);5.421174324551368;759.6;29.828857293312268;0.35898782856693134;62.0;1041.0;31.0;62.0;2.0;592.0;2.0;5.0;3798.0;124991.0;0.0069124976998343884;0.05266420584603592;0.16454784744501605;20567.0;31.909689310163245;3.5041910736087973;30.909689310163245;32.909689310163245;0.6903777896630524;0.0;-0.8540608791051354;0.27256362458096983;34.0;0.00580841820611084;0.12954532726356296;-0.2727127745522289;11.772640154029066;216.76900147391925;11.774190307456553;138.63155739620385;2.2762208788067633;10.999068397808701;2.321928094887362;0.017407143839640888;0.0014636448934005756;0.9803149734992909;4.764256672147308;1;4.391670227050782e-06;0.14829500516255698;79.0;0.4985895549463788;2056700.0;8.0;1206.0;2411.0;0.9770416008425488;0.18316143457052678;0.39334622076954534;0.3657476510837011;374.55597933831257;0.35474811304195186;0.33139278086738866;0.3325238155752616;0.35474811304195186;0.340267322785432;0.011116423330652369;8.133068834725815;-0.00579252238020006;-0.003445668159763937;-0.004529797162318161;-0.00579252238020006;-0.006998250364218639;0.05423907319641913;0.07985076464635915;0.0818171623783901;0.07846234860452866;0.07822958146734399;0.009760708941495451;11.697764950296651;12.14719936632127;10.204032829591705;11101.0;9.117475361918075;56.74645801384878;11.360948319016522;8.285714285714286;11;11.785321678955391
bow;{'analyzer': 'word', 'binary': True, 'decode_error': 'strict', 'dtype': <class 'numpy.int64'>, 'encoding': 'utf-8', 'input': 'content', 'lowercase': True, 'max_df': 0.8, 'max_features': 5000, 'min_df': 1, 'ngram_range': (1, 3), 'preprocessor': None, 'stop_words': None, 'strip_accents': None, 'token_pattern': '(?u)\\b\\w\\w+\\b', 'tokenizer': None, 'vocabulary': None};lr;OrderedDict([('C', 1.5273182127598055), ('max_iter', 406)]);bow;{'analyzer': 'word', 'binary': True, 'decode_error': 'strict', 'dtype': <class 'numpy.int64'>, 'encoding': 'utf-8', 'input': 'content', 'lowercase': True, 'max_df': 0.8, 'max_features': 5000, 'min_df': 1, 'ngram_range': (1, 3), 'preprocessor': None, 'stop_words': None, 'strip_accents': None, 'token_pattern': '(?u)\\b\\w\\w+\\b', 'tokenizer': None, 'vocabulary': None};lr;OrderedDict([('C', 1.529569741582655), ('max_iter', 100)]);5.958981008088874;4000.0;11.069333333333333;0.3731510893801068;21.0;4000.0;5.25;21.0;4.0;4000.0;4.0;3.0;12000.0;135742.0;0.0;0.028903312823519847;0.09680128479026388;13140.0;10.311833333333333;0.0;9.311833333333333;11.311833333333333;0.4517503805175038;7.610350076103501e-05;0.03471844834449689;0.414890011934405;11.0;7.366916650705014e-06;0.04594745915044717;0.2241292463559672;2.410033189029193;0.0;2.4101336133553;5.808744034225074;1.584962500721156;10.398532136318286;1.584962500721156;0.05856058947546588;0.004147855840789353;1.0;3.437481519240859;1;3.859202067057292e-06;0.07680122057596843;92.0;0.7216368311651344;1314000.0;9.0;135.0;269.0;0.9917430833333334;0.18403949335936753;0.39095477672139745;0.37824181297601983;658.8863138478138;0.9865277777777778;0.9865275539274624;0.9865294765301716;0.9865277777777778;0.9865294764167323;0.6448261258819167;8.3379936830399;-0.0018333333333333535;-0.0018336668125054079;-0.0018347436087167157;-0.0018333333333333535;-0.00183478073330956;0.16866666666666674;0.16691441725998724;0.16749592815259517;0.1665000000000001;0.16884382192136993;0.012765824022100806;12.19406486417762;15.615326118748172;11.964421638296496;6972.0;11.4666196542161;32.64890046740541;15.014203770304963;7.222222222222221;11;13.052006430477263
word2vec;{'hs': 1, 'min_count': 10, 'sg': 0, 'vector_size': 100, 'window': 7, 'workers': 1};rf;OrderedDict([('max_depth', 25), ('max_features', 'log2'), ('min_samples_leaf', 1), ('min_samples_split', 3), ('n_estimators', 78)]);word2vec;{'hs': 1, 'min_count': 10, 'sg': 0, 'vector_size': 100, 'window': 7, 'workers': 1};rf;OrderedDict([('max_depth', 25), ('max_features', 'log2'), ('min_samples_leaf', 1), ('min_samples_split', 3), ('n_estimators', 78)]);5.115161885427492;5419.5;166.02610941968817;0.4172968997463065;4302.0;7080.0;4302.0;4302.0;1.0;3759.0;1.0;2.0;10839.0;3103275.0;0.0008552255278697506;0.0329686375402721;0.07991976218672209;248013.0;285.30639357874344;2.307838121433601;284.30648583817697;286.30639357874344;0.6658159048114414;4.032046707229056e-06;40.087158985047544;0.26966060049463875;239.0;0.008762355898204316;0.055205226736270555;4.073910375858403;187.45604779732122;2348.3016203205243;187.4646956901036;35143.012130183146;0.9311806020733481;11.432060253806469;1.0;0.0028377912343056336;0.0010089829167326046;0.9311806020733481;6.747240602796994;1;5.3405761718750005e-06;1.5696454842885335;106.0;0.6478649895855719;24801300.0;5.0;1256.0;2511.0;0.902589353261371;0.2478761568421835;0.4262376800595811;0.31484078004612465;591.7843964795059;0.6874250392102592;0.6343269937460829;0.6379301350456682;0.6874250392102592;0.6784366537667285;0.041970689923563106;7.169630724209589;0.019743518774794744;0.005254958720539604;0.005206141203626502;0.019743518774794744;0.009702293587126154;0.029153980994556683;0.057562809708676665;0.063406945068198;0.03699603284435837;0.049130376476893;0.020434324701482647;8.478699385630119;10.188111192283564;9.920105148535491;167427.0;7.291417411307346;63.50566871011665;9.550973173328984;7.571428571428571;9;10.308728408141077
bow;{'analyzer': 'word', 'binary': True, 'decode_error': 'strict', 'dtype': <class 'numpy.int64'>, 'encoding': 'utf-8', 'input': 'content', 'lowercase': True, 'max_df': 0.8, 'max_features': 5000, 'min_df': 1, 'ngram_range': (1, 3), 'preprocessor': None, 'stop_words': None, 'strip_accents': None, 'token_pattern': '(?u)\\b\\w\\w+\\b', 'tokenizer': None, 'vocabulary': None};svm;OrderedDict([('C', 0.9709791762960306), ('degree', 4), ('gamma', 0.008117541244829381)]);bow;{'analyzer': 'word', 'binary': True, 'decode_error': 'strict', 'dtype': <class 'numpy.int64'>, 'encoding': 'utf-8', 'input': 'content', 'lowercase': True, 'max_df': 0.8, 'max_features': 5000, 'min_df': 1, 'ngram_range': (1, 3), 'preprocessor': None, 'stop_words': None, 'strip_accents': None, 'token_pattern': '(?u)\\b\\w\\w+\\b', 'tokenizer': None, 'vocabulary': None};nb;OrderedDict([('alpha', 9.967760067534305), ('fit_prior', False)]);5.115963803712215;1506.0;163.031208499336;0.41716194578474225;2345.0;1952.0;781.6666666666666;2345.0;3.0;1060.0;3.0;2.0;3012.0;844617.0;0.000692621626133502;0.03274565012848097;0.1165072452957968;98404.0;279.41733067729086;2.387674467414665;278.41733067729086;280.41733067729086;0.6976545668875249;1.0162188528921589e-05;20.180304214023426;0.2710115946044183;232.0;0.009184044365671067;0.08426067673276763;3.3364336189665207;180.20897602032213;630.7392488184004;180.23889864004192;32486.060582975304;0.9357760595390101;11.23576800273056;1.0;0.003152996124765969;0.0011271551264652156;0.9357760595390101;6.731277503362942;0.0010000000000000002;5.219777425130209e-06;0.27072914441426593;57.0;0.4658699981646484;9840400.0;4.0;379.0;757.0;0.9036274900398407;0.24242201587624218;0.43920087137125224;0.3248672762803136;318.37498611622385;0.6681053563523683;0.6118001926041738;0.6146373783359654;0.6681053563523683;0.6565389943118806;0.04757620423519493;7.185813826978306;0.0009960159362550902;-0.009358829751620279;-0.012926085388798914;0.0009960159362550902;-0.007573158112580414;0.030544488711819473;0.04263017100055577;0.0671022844719491;0.033200531208499307;0.06676190978182461;0.019464164207178503;8.521090442386903;10.217283286447952;9.933519606684028;64748.0;7.323031642976932;63.41656174284461;9.574678199141383;10.571428571428571;9;10.331212042912838
tf-idf;{'analyzer': 'word', 'binary': False, 'decode_error': 'strict', 'dtype': <class 'numpy.float64'>, 'encoding': 'utf-8', 'input': 'content', 'lowercase': True, 'max_df': 0.8, 'max_features': 5000, 'min_df': 1, 'ngram_range': (1, 1), 'norm': 'l1', 'preprocessor': None, 'smooth_idf': True, 'stop_words': None, 'strip_accents': None, 'sublinear_tf': False, 'token_pattern': '(?u)\\b\\w\\w+\\b', 'tokenizer': None, 'use_idf': True, 'vocabulary': None};nb;OrderedDict([('alpha', 0.29397976202716886), ('fit_prior', False)]);tf-idf;{'analyzer': 'word', 'binary': False, 'decode_error': 'strict', 'dtype': <class 'numpy.float64'>, 'encoding': 'utf-8', 'input': 'content', 'lowercase': True, 'max_df': 0.8, 'max_features': 5000, 'min_df': 1, 'ngram_range': (1, 1), 'norm': 'l1', 'preprocessor': None, 'smooth_idf': True, 'stop_words': None, 'strip_accents': None, 'sublinear_tf': False, 'token_pattern': '(?u)\\b\\w\\w+\\b', 'tokenizer': None, 'use_idf': True, 'vocabulary': None};nb;OrderedDict([('alpha', 0.08622587782762474), ('fit_prior', False)]);5.121490062611886;602.5;164.59170124481327;0.4147397075151842;1591.0;787.0;227.28571428571428;1591.0;7.0;418.0;7.0;2.0;1205.0;339073.0;0.0008877144449720266;0.03280434656377782;0.1524037596623736;51676.0;280.3883817427386;2.309115640460135;279.3883817427386;281.3883817427386;0.7152256366591841;1.9351342983203035e-05;11.148510412833849;0.2711805422431158;234.0;0.00906294514750511;0.11304645312366364;2.678052302457903;176.67388960314912;260.92240225783604;176.74724393041328;31239.58823699701;0.9312579955287756;11.093338292789138;1.0;0.004603573395348099;0.0014982140576230028;0.9312579955287756;6.740934844204281;1;5.2642822265625004e-06;0.07868695259094238;45.0;0.36197259585034175;5167600.0;9.0;146.0;291.0;0.9037643153526971;0.23246310503984782;0.4856174710929472;0.36403740836459014;213.27839784201097;0.6680341710676322;0.5954821208401834;0.5938083596758575;0.6680341710676322;0.6456024660760892;0.007427582516200022;7.585913502603474;0.0024896299880480255;0.004782693368796442;0.007079413211128371;0.0024896299880480255;0.00515414103738665;0.03567160043506501;0.04650597752431096;0.06616682289931441;0.028198574872933646;0.03089335185962394;0.01655288263095816;8.504355733078434;10.225072104811023;9.928346426006073;33427.0;7.302452114888617;63.41177460679086;9.565295002038729;5.555555555555555;9;10.314215472797535
tf-idf;{'analyzer': 'word', 'binary': False, 'decode_error': 'strict', 'dtype': <class 'numpy.float64'>, 'encoding': 'utf-8', 'input': 'content', 'lowercase': True, 'max_df': 1.0, 'max_features': None, 'min_df': 1, 'ngram_range': (1, 1), 'norm': 'l2', 'preprocessor': None, 'smooth_idf': True, 'stop_words': None, 'strip_accents': None, 'sublinear_tf': False, 'token_pattern': '(?u)\\b\\w\\w+\\b', 'tokenizer': None, 'use_idf': True, 'vocabulary': None};lr;OrderedDict([('C', 3.7421386051468146), ('max_iter', 100)]);bow;{'analyzer': 'word', 'binary': False, 'decode_error': 'strict', 'dtype': <class 'numpy.int64'>, 'encoding': 'utf-8', 'input': 'content', 'lowercase': True, 'max_df': 1.0, 'max_features': None, 'min_df': 1, 'ngram_range': (1, 1), 'preprocessor': None, 'stop_words': None, 'strip_accents': None, 'token_pattern': '(?u)\\b\\w\\w+\\b', 'tokenizer': None, 'vocabulary': None};nb;OrderedDict([('alpha', 1.1189646633723633), ('fit_prior', False)]);5.444998549657496;2835.0;14.989417989417989;0.07218447650771376;36.0;3882.0;12.0;36.0;3.0;1788.0;3.0;2.0;5670.0;89634.0;0.016924381373139657;0.082780619423348;0.24804203761965327;22233.0;14.808465608465609;1.914658762811712;13.808465608465609;15.808465608465609;0.7057077317501012;0.0;-1.0014284007658603;0.2854497177410358;16.0;0.005154294129459803;0.20284713390008255;-0.04298832254076856;6.441405874387046;1480.6815998046304;6.441973974743082;41.499028691267185;0.8992460855773488;11.65397210394281;1.0;0.006723377309453268;0.00033361253378235014;0.8992460855773488;3.7572786776728346;0.0010000000000000002;4.002253214518229e-06;0.16568303108215332;184.0;0.6563018961134122;2223300.0;8.0;963.0;1925.0;0.9906102292768959;0.16930398714948158;0.3925023124480004;0.37832739054532327;459.0365310355879;0.7131687242798356;0.6142443699884857;0.6160011249595073;0.7131687242798356;0.6862788774682831;0.0004749308870788345;8.835921903289995;0.006172839506172645;0.00933494462482154;0.01143175695932841;0.006172839506172645;0.00849541813863175;0.03298059964726652;0.054796012572222774;0.06318678502245267;0.031216931216931254;0.05171122098298164;0.010681422753166575;11.154067388612155;11.739097380762267;19.175910496017508;14926.0;10.267736059167682;46.16319007172453;12.564073527536369;6875;11;12.046837378834677
bow;{'analyzer': 'word', 'binary': True, 'decode_error': 'strict', 'dtype': <class 'numpy.int64'>, 'encoding': 'utf-8', 'input': 'content', 'lowercase': True, 'max_df': 0.8, 'max_features': 5000, 'min_df': 10, 'ngram_range': (1, 3), 'preprocessor': None, 'stop_words': None, 'strip_accents': None, 'token_pattern': '(?u)\\b\\w\\w+\\b', 'tokenizer': None, 'vocabulary': None};lr;OrderedDict([('C', 2.6607784251973974), ('max_iter', 1000)]);bow;{'analyzer': 'word', 'binary': True, 'decode_error': 'strict', 'dtype': <class 'numpy.int64'>, 'encoding': 'utf-8', 'input': 'content', 'lowercase': True, 'max_df': 0.8, 'max_features': 5000, 'min_df': 10, 'ngram_range': (1, 3), 'preprocessor': None, 'stop_words': None, 'strip_accents': None, 'token_pattern': '(?u)\\b\\w\\w+\\b', 'tokenizer': None, 'vocabulary': None};lr;OrderedDict([('C', 4.196800055071405), ('max_iter', 1000)]);4.120007045856488;8617.285714285714;16.336052121151837;0.47801683572359666;1168.0;20880.0;1168.0;1168.0;1.0;729.0;1.0;7.0;60321.0;1129742.0;0.0011869966771174303;0.020523336462468116;0.033043827705794775;37331.0;17.7288340710532;1.0150833789739502;16.72890038295121;18.7288340710532;0.5052905092282554;2.678738849749538e-05;474.4209746137764;0.16337535472700845;14.0;0.00448775030051109;0.019968275942648852;13.9578073058035;21.36322121507762;8489.239300712516;21.363398296747665;456.3947867854811;2.2068053327199872;9.748467248417253;2.807354922057604;0.03381582075138136;0.0023908984108854535;0.7860799200631696;3.7184052906201006;1;4.356702168782551e-06;4.380162636439006;398.0;1.222704269042786;3733100.0;8.0;8470.0;16939.0;0.9874818222509574;0.173923659608453;0.4041910527709693;0.38597115488414735;1516.884604333588;0.8118786713306035;0.680658454179678;0.7192741091576601;0.8118786713306035;0.8060464932999057;0.0258606822404604;7.295075757595867;-0.06674292534938076;-0.11683857675492104;-0.09470502793854596;-0.06674292534938076;-0.07347776174840537;0.17778219857097866;0.22327684543581927;0.21680025949185822;0.1783790056530894;0.18398606453800914;0.010085144316179807;5.552528813041221;5.5830515446370335;7.329965645057436;18115.0;6.29248694523633;76.94056345938371;8.141671116266593;8.0;5;9.062273774223314
tf-idf;{'analyzer': 'word', 'binary': False, 'decode_error': 'strict', 'dtype': <class 'numpy.float64'>, 'encoding': 'utf-8', 'input': 'content', 'lowercase': True, 'max_df': 1.0, 'max_features': None, 'min_df': 1, 'ngram_range': (1, 1), 'norm': 'l2', 'preprocessor': None, 'smooth_idf': True, 'stop_words': None, 'strip_accents': None, 'sublinear_tf': False, 'token_pattern': '(?u)\\b\\w\\w+\\b', 'tokenizer': None, 'use_idf': True, 'vocabulary': None};nb;OrderedDict([('alpha', 0.3443022969960831), ('fit_prior', True)]);tf-idf;{'analyzer': 'word', 'binary': False, 'decode_error': 'strict', 'dtype': <class 'numpy.float64'>, 'encoding': 'utf-8', 'input': 'content', 'lowercase': True, 'max_df': 1.0, 'max_features': None, 'min_df': 1, 'ngram_range': (1, 1), 'norm': 'l2', 'preprocessor': None, 'smooth_idf': True, 'stop_words': None, 'strip_accents': None, 'sublinear_tf': False, 'token_pattern': '(?u)\\b\\w\\w+\\b', 'tokenizer': None, 'use_idf': True, 'vocabulary': None};nb;OrderedDict([('alpha', 0.6299375108157511), ('fit_prior', False)]);4.936611014243836;33333.333333333336;9.25407;0.021214930377869506;1721.0;52711.0;860.5;1721.0;2.0;3522.0;2.0;3.0;100000.0;996782.0;1.0032283889556593e-06;0.0035289292520515807;0.18982184670268926;189211.0;8.96782;1.2721761574840387;7.96782;9.96782;0.7166285258256655;0.0;2214.8300583045047;0.21526271541821582;6.0;0.006661436502665578;0.13608191159150146;26.501256238969326;14.896891100078568;26201.822080407564;14.896965585092705;221.91958364343645;1.1787197376181873;13.436818120278605;1.584962500721156;0.013795045126978437;0.00046178852545429827;0.7436893535852559;2.668848513950468;1;5.030632019042968e-06;3.717424154281616;1417.0;0.7599620208946855;18921100.0;9.0;14466.0;28931.0;0.9959675100000001;0.18633992417998677;0.4199938504548063;0.37868635864997996;1862.57006362726;0.7176733247102876;0.4960873516006407;0.4904665220382647;0.7176733247102876;0.7060608985879907;0.008929755924709638;5.269470251299734;-0.01650999710333101;-0.007500119315205223;-0.004135686429233287;-0.01650999710333101;-0.014682054239191555;0.07150976591664282;0.04950025041930245;0.05029734962734811;0.0661697650155838;0.0697763963234952;0.03487134094058431;99679.9214378771;12.831688806267376;9906.933233036767;104745.0;77751.56681735307;-202270.47104644653;79745.8693101895;56.0;12;747.4848136060688
bow;{'analyzer': 'word', 'binary': False, 'decode_error': 'strict', 'dtype': <class 'numpy.int64'>, 'encoding': 'utf-8', 'input': 'content', 'lowercase': True, 'max_df': 1.0, 'max_features': None, 'min_df': 1, 'ngram_range': (1, 1), 'preprocessor': None, 'stop_words': None, 'strip_accents': None, 'token_pattern': '(?u)\\b\\w\\w+\\b', 'tokenizer': None, 'vocabulary': None};lr;OrderedDict([('C', 2.444909542142414), ('max_iter', 1000)]);bow;{'analyzer': 'word', 'binary': False, 'decode_error': 'strict', 'dtype': <class 'numpy.int64'>, 'encoding': 'utf-8', 'input': 'content', 'lowercase': True, 'max_df': 1.0, 'max_features': None, 'min_df': 1, 'ngram_range': (1, 1), 'preprocessor': None, 'stop_words': None, 'strip_accents': None, 'token_pattern': '(?u)\\b\\w\\w+\\b', 'tokenizer': None, 'vocabulary': None};lr;OrderedDict([('C', 9.852336845094776), ('max_iter', 105)]);5.324773669298438;5685.0;16.2065963060686;0.34417349863758745;32.0;9256.0;32.0;32.0;1.0;2114.0;1.0;2.0;11370.0;195179.0;0.006419748026170848;0.06052380097552075;0.20502205667617932;40016.0;16.16613896218118;1.1257076592118518;15.167810026385224;17.16613896218118;0.6875249900039984;0.0;-0.10747657281841327;0.26067865907705234;18.0;0.008612606889060811;0.16039123061394925;-0.7304922702907134;5.510565238127778;5050.156631234322;5.510807583279867;30.369000219934886;0.6928747487926341;12.168498222664455;1.0;0.011731828098722285;0.0005899802901322735;0.6928747487926341;3.9010680610419857;1;4.126230875651042e-06;0.44789926211039227;335.0;0.9186422989295612;4001600.0;7.0;1247.0;2493.0;0.9892518029903254;0.1734813990538518;0.35851357066283457;0.34378482593196963;621.4583054089647;0.8209322779243623;0.6285614425865697;0.6486719401967784;0.8209322779243623;0.8027416439900198;0.00920206284148603;10.427453010982621;-0.010114335971855848;-0.024265021155831068;-0.03475176929207502;-0.010114335971855848;-0.016338728386084966;0.023746701846965812;0.0701447701928154;0.10304873090860245;0.020140721196130307;0.036299893730468824;0.008669265728798902;11.21256247236812;11.415483247020653;10.689880523680781;22373.0;9.166994308096044;56.280450506998136;11.491953340011506;6.222222222222222;10;11.669453891509058
bow;{'analyzer': 'word', 'binary': False, 'decode_error': 'strict', 'dtype': <class 'numpy.int64'>, 'encoding': 'utf-8', 'input': 'content', 'lowercase': True, 'max_df': 1.0, 'max_features': None, 'min_df': 1, 'ngram_range': (1, 1), 'preprocessor': None, 'stop_words': None, 'strip_accents': None, 'token_pattern': '(?u)\\b\\w\\w+\\b', 'tokenizer': None, 'vocabulary': None};lr;OrderedDict([('C', 10.0), ('max_iter', 100)]);bow;{'analyzer': 'word', 'binary': False, 'decode_error': 'strict', 'dtype': <class 'numpy.int64'>, 'encoding': 'utf-8', 'input': 'content', 'lowercase': True, 'max_df': 1.0, 'max_features': None, 'min_df': 1, 'ngram_range': (1, 1), 'preprocessor': None, 'stop_words': None, 'strip_accents': None, 'token_pattern': '(?u)\\b\\w\\w+\\b', 'tokenizer': None, 'vocabulary': None};lr;OrderedDict([('C', 10.0), ('max_iter', 100)]);5.866148528506725;47967.666666666664;18.322529759629752;0.297291763190812;33.0;57586.0;33.0;33.0;1.0;40192.0;1.0;3.0;143902.0;2757437.0;0.005312904700995888;0.06906049652278023;0.1209329533186071;333465.0;18.161775640535637;5.424860947934608;17.161817335288355;19.161775640535637;0.7624878173121616;0.0;0.42518632631235276;0.3338259405382607;20.0;0.010517738029916911;0.09979520837647424;-0.8080469062407054;4.571649624144977;8842.192846422959;4.571665508711146;20.90012552353915;1.56883314835192;12.6941850781014;1.584962500721156;0.010892010037690998;0.0006136528128386479;0.9898235116844106;4.1361042610066105;1;5.439122517903646e-06;24.444064537684124;406.0;1.4730115106363848;33346500.0;2.0;25406.0;50811.0;0.9870310556416475;0.18121045059608795;0.3609679968748242;0.34139871791699333;2209.9600846281896;0.7151506671460997;0.6973055906629861;0.7050687905764166;0.7151506671460997;0.7108339496481705;0.00782708295522288;9.449575389892564;-0.003585764669792546;-0.00667804373454528;-0.00611524543500741;-0.003585764669792546;-0.0053789564148784;0.10164484530398932;0.10197107617451817;0.10980568931727208;0.10212433640898289;0.10685230442019078;0.008361294775331903;15.391776089799492;14.327373041101435;12.423025799157093;216355.0;11.299102373860556;46.79835325385369;14.065636828513972;13.4;13;13.485511375181208
bow;{'analyzer': 'word', 'binary': False, 'decode_error': 'strict', 'dtype': <class 'numpy.int64'>, 'encoding': 'utf-8', 'input': 'content', 'lowercase': True, 'max_df': 1.0, 'max_features': None, 'min_df': 1, 'ngram_range': (1, 1), 'preprocessor': None, 'stop_words': None, 'strip_accents': None, 'token_pattern': '(?u)\\b\\w\\w+\\b', 'tokenizer': None, 'vocabulary': None};lr;OrderedDict([('C', 9.89612540050198), ('max_iter', 110)]);bow;{'analyzer': 'word', 'binary': False, 'decode_error': 'strict', 'dtype': <class 'numpy.int64'>, 'encoding': 'utf-8', 'input': 'content', 'lowercase': True, 'max_df': 1.0, 'max_features': None, 'min_df': 1, 'ngram_range': (1, 1), 'preprocessor': None, 'stop_words': None, 'strip_accents': None, 'token_pattern': '(?u)\\b\\w\\w+\\b', 'tokenizer': None, 'vocabulary': None};lr;OrderedDict([('C', 10.0), ('max_iter', 1000)]);6.013181031030509;49158.333333333336;18.054734700796747;0.275255623513274;42.0;66318.0;42.0;42.0;1.0;36401.0;1.0;3.0;147475.0;2779297.0;0.006139682085074032;0.07176177435121227;0.11929311620888304;331551.0;17.84588574334633;3.184507703648257;16.845899304966945;18.84588574334633;0.7432189919499564;0.0;0.36656886484260287;0.3482596498323137;20.0;0.013854942454872581;0.09560547145555152;-0.7201329606796434;4.426454470263606;15436.713585907246;4.426469477813977;19.59363203801874;1.5387799218511757;12.827535759170999;1.584962500721156;0.012090236217578702;0.0006610946215714685;0.9708620368942689;4.117784479419253;1;5.5106480916341146e-06;25.434666474660236;388.0;1.4323542312462334;33155100.0;2.0;24262.0;48523.0;0.9872448957450415;0.17998198949925875;0.36135828064807546;0.3426461008304973;2240.0166308599114;0.7202056653036711;0.683789361367023;0.6976018160162321;0.7202056653036711;0.7129557541740713;0.011431894335116181;9.504943027785414;0.002759794163146534;-0.0026421974318964203;0.00032949881112465107;0.002759794163146534;0.0009173333135442663;0.0959958978659593;0.10163556640179561;0.10908992905757742;0.09600273513857305;0.10215376411231969;0.0079875858949392;15.759824237389203;15.021791538608912;12.79585584609867;212691.0;11.527225247306195;44.00698251724998;14.315827455552915;8.285714285714286;13;13.657406494590568
bow;{'analyzer': 'word', 'binary': False, 'decode_error': 'strict', 'dtype': <class 'numpy.int64'>, 'encoding': 'utf-8', 'input': 'content', 'lowercase': True, 'max_df': 1.0, 'max_features': None, 'min_df': 1, 'ngram_range': (1, 1), 'preprocessor': None, 'stop_words': None, 'strip_accents': None, 'token_pattern': '(?u)\\b\\w\\w+\\b', 'tokenizer': None, 'vocabulary': None};lr;OrderedDict([('C', 10.0), ('max_iter', 100)]);bow;{'analyzer': 'word', 'binary': False, 'decode_error': 'strict', 'dtype': <class 'numpy.int64'>, 'encoding': 'utf-8', 'input': 'content', 'lowercase': True, 'max_df': 1.0, 'max_features': None, 'min_df': 1, 'ngram_range': (1, 1), 'preprocessor': None, 'stop_words': None, 'strip_accents': None, 'token_pattern': '(?u)\\b\\w\\w+\\b', 'tokenizer': None, 'vocabulary': None};lr;OrderedDict([('C', 9.903893059094834), ('max_iter', 998)]);5.928558175113933;40169.666666666664;18.150719033433187;0.28981045692378804;47.0;50994.0;47.0;47.0;1.0;33036.0;1.0;3.0;120508.0;2285118.0;0.005482867843148581;0.07117296070771106;0.12652825805932122;289132.0;17.962218589482944;4.214673657681835;16.962284974566217;18.962218589482944;0.7508957846243238;0.0;0.4075117918669684;0.3365524231133797;20.0;0.010782812966332591;0.10313996913944926;-0.7428677034753204;4.547257513995418;9530.907949053613;4.547276380992133;20.677722485128914;1.5587173726467163;12.733925920559107;1.584962500721156;0.011279191797223625;0.000619373207039693;0.9834411678115423;4.122841588094269;1;5.861918131510417e-06;19.100624402364094;446.0;1.4151367470725127;28913200.0;9.0;21199.0;42397.0;0.9871470678538532;0.1817050970397981;0.3620952470046992;0.3430806993040934;2025.683728072905;0.7206128394590637;0.696657258434127;0.7071995153300851;0.7206128394590637;0.7154677430712272;0.008524684578263013;9.518234463065376;-0.003626296398339557;-0.007638952745388949;-0.006227284537518862;-0.003626296398339557;-0.00542539970702649;0.09946148070415284;0.10383788948947636;0.11127581916805762;0.10132855290827425;0.10746763482079114;0.007772848310142782;15.309630737131535;14.534568670526987;12.462075477146914;184840.0;11.100694704881494;46.881109225797616;13.858593331833834;14.0;13;13.359790733285823
bow;{'analyzer': 'word', 'binary': True, 'decode_error': 'strict', 'dtype': <class 'numpy.int64'>, 'encoding': 'utf-8', 'input': 'content', 'lowercase': True, 'max_df': 0.8, 'max_features': 5000, 'min_df': 10, 'ngram_range': (1, 3), 'preprocessor': None, 'stop_words': None, 'strip_accents': None, 'token_pattern': '(?u)\\b\\w\\w+\\b', 'tokenizer': None, 'vocabulary': None};lr;OrderedDict([('C', 1.6287860428428715), ('max_iter', 100)]);bow;{'analyzer': 'word', 'binary': True, 'decode_error': 'strict', 'dtype': <class 'numpy.int64'>, 'encoding': 'utf-8', 'input': 'content', 'lowercase': True, 'max_df': 0.8, 'max_features': 5000, 'min_df': 10, 'ngram_range': (1, 3), 'preprocessor': None, 'stop_words': None, 'strip_accents': None, 'token_pattern': '(?u)\\b\\w\\w+\\b', 'tokenizer': None, 'vocabulary': None};lr;OrderedDict([('C', 1.3932930014808056), ('max_iter', 1000)]);4.611351650270506;67174.0;21.977416857712807;0.40245882095808166;85.0;68676.0;85.0;85.0;1.0;65672.0;1.0;2.0;134330.0;3361661.0;0.0;0.0;0.02592646908775156;87156.0;24.022039777294786;31.623961996954158;23.030830380802097;25.022039777294786;0.5046124191105604;0.0;-1.130011993545704;0.1899917927476923;23.0;0.0;0.013082818285365479;0.21820622692146172;14.136889229719714;2124.1487706843886;14.13694184296349;199.85312467133193;0.9996393232206706;10.591776752412642;1.0;0.005317390675115689;0.0004517436705310539;0.9996393232206706;4.12143174585557;1;5.265871683756511e-06;16.82612705230713;683.0;2.7847864588412756;8715600.0;9.0;11631.0;23261.0;0.9840735403578765;0.1734547829764386;0.3744327936116049;0.35556303410305823;2179.822874664079;0.7384331487026555;0.7397089752051088;0.7246996128020348;0.7384331487026555;0.724229249600135;-0.00023385222754132806;7.597957263356163;-0.06040277875569933;-0.05981491409265116;-0.06790747261376406;-0.06040277875569933;-0.06826411231085328;0.18067994685470712;0.17526316674978448;0.20696723021709662;0.17864790566364153;0.19497700838140364;0.0057732912646143685;1680830.7894662728;10.945830766397918;166746.8669201261;61174.0;1311049.8698002563;-3412005.763483194;1344668.4208337488;71.0;70;3557.9540378415245
